competition_edition,league,player_id,player_name,player_short_name,player_birthdate,minutes,minutes_tip,minutes_otip,performance_count,performance_included_count,performance_failed_count,offballrun_count_total,offballrun_count,offballrun_count_shotwithin10s,offballrun_count_goalwithin10s,offballrun_count_targeted,offballrun_count_received,offballrun_avgdistance,offballrun_count_abovehsr,offballrun_count_penaltyarea,offballrun_count_dangerous,offballrun_count_dangerous_targeted,offballrun_count_dangerous_received
1209,Niké Liga (SK),1445,Branislav Ňinaj,B. Ňinaj,1994-05-17,77.72,19.4,19.87,16,14,2,102.0,7.29,0.07,0.0,2.71,2.57,9.76,0.21,0.43,0.5,0.07,0.0
1209,Niké Liga (SK),4147,Guram Kashia,G. Kashia,1987-07-04,81.47,24.8,18.56,15,14,1,99.0,7.07,0.0,0.0,2.5,2.36,10.01,0.5,0.29,0.36,0.07,0.0
1209,Niké Liga (SK),5882,Kevin Wimmer,K. Wimmer,1992-11-15,68.24,23.24,14.96,15,15,0,177.0,11.8,0.0,0.0,4.67,4.6,12.11,2.2,0.93,1.8,0.13,0.13
1209,Niké Liga (SK),9107,Róbert Mak,R. Mak,1991-03-08,44.82,15.31,9.56,30,29,1,642.0,22.14,0.69,0.1,7.28,5.0,13.62,6.17,4.45,10.34,2.86,1.31
1209,Niké Liga (SK),9522,Samuel  Štefánik,S. Štefánik,1991-11-16,80.12,21.61,21.76,32,28,4,563.0,20.11,0.64,0.18,5.79,4.82,13.06,3.32,1.21,4.96,1.04,0.64
1209,Niké Liga (SK),10767,Vladimír Weiss,V. Weiss,1989-11-30,54.54,17.79,11.82,27,26,1,537.0,20.65,0.5,0.08,8.73,7.54,12.51,6.12,1.92,5.54,1.85,1.19
1209,Niké Liga (SK),12281,Adam Jakubech,A. Jakubech,1997-01-02,90.74,24.37,22.18,9,8,1,2.0,0.25,0.0,0.0,0.12,0.12,6.18,0.0,0.0,0.0,0.0,0.0
1209,Niké Liga (SK),12567,Erik Sabo,E. Sabo,1991-11-22,89.09,24.69,20.17,28,26,2,279.0,10.73,0.31,0.0,3.96,3.65,13.01,1.92,0.77,1.54,0.27,0.12
1209,Niké Liga (SK),12570,Michal Ďuriš,M. Ďuriš,1988-06-01,37.23,9.44,8.15,24,21,3,245.0,11.67,0.57,0.1,3.62,2.14,14.82,3.95,3.52,7.71,2.24,1.05
1209,Niké Liga (SK),12721,Miloš Kratochvíl,M. Kratochvíl,1996-04-26,84.94,23.54,19.21,22,20,2,425.0,21.25,0.75,0.0,6.25,5.85,12.9,3.0,1.75,4.45,1.4,1.25
1209,Niké Liga (SK),13037,Andraž Šporar,A. Šporar,1994-02-27,78.68,24.24,18.07,13,12,1,369.0,30.75,1.25,0.42,11.42,6.5,12.28,9.25,6.67,18.5,6.67,2.67
1209,Niké Liga (SK),13224,Roman Procházka,R. Procházka,1989-03-14,63.34,17.5,13.43,20,18,2,208.0,11.56,0.5,0.0,3.61,2.78,12.47,1.61,1.0,3.39,0.78,0.56
1209,Niké Liga (SK),13517,Dominik Sváček,D. Sváček,1997-02-24,82.8,23.51,21.45,4,4,0,1.0,0.25,0.0,0.0,0.25,0.25,5.84,0.0,0.0,0.0,0.0,0.0
1209,Niké Liga (SK),13627,Martin Vantruba,M. Vantruba,1998-02-07,98.45,26.04,22.44,10,7,3,1.0,0.14,0.0,0.0,0.14,0.14,15.1,0.0,0.0,0.0,0.0,0.0
1209,Niké Liga (SK),13707,Ivan Rehák,I. Rehák,2001-04-27,97.51,27.43,22.31,6,5,1,5.0,1.0,0.0,0.0,0.8,0.8,6.39,0.0,0.0,0.0,0.0,0.0
1209,Niké Liga (SK),13708,Dominik Takáč,D. Takáč,1999-01-12,97.74,29.04,22.8,22,21,1,15.0,0.71,0.0,0.0,0.38,0.38,6.48,0.0,0.0,0.0,0.0,0.0
1209,Niké Liga (SK),13805,Markus Poom,M. Poom,1999-02-27,90.83,25.34,21.72,13,13,0,250.0,19.23,0.38,0.0,6.85,6.08,10.67,2.08,1.08,3.31,1.0,0.54
1209,Niké Liga (SK),14380,Hilary Gong Chukwah,H. Gong,1998-10-10,60.3,16.65,13.19,17,14,3,254.0,18.14,1.0,0.36,7.29,5.36,13.85,6.79,3.36,6.5,1.64,1.14
1209,Niké Liga (SK),14578,Philip Azango Elayo,P. Azango,1997-05-21,57.49,15.67,12.85,24,23,1,469.0,20.39,1.04,0.09,9.52,7.0,14.5,7.17,2.61,7.3,2.52,1.35
1209,Niké Liga (SK),14672,Kingsley Madu,K. Madu,1995-12-12,39.47,10.13,9.85,5,5,0,33.0,6.6,0.0,0.0,1.6,1.6,12.34,1.4,0.2,0.4,0.0,0.0
1209,Niké Liga (SK),15520,Danylo Ignatenko,D. Ignatenko,1997-03-13,59.38,20.14,12.13,25,25,0,330.0,13.2,0.2,0.0,4.52,4.08,11.84,1.84,0.44,0.76,0.08,0.08
1209,Niké Liga (SK),16129,Martin Chrien,M. Chrien,1995-09-08,58.34,13.78,16.52,20,19,1,316.0,16.63,1.05,0.11,5.16,3.53,13.99,4.53,3.37,7.11,1.63,0.95
1209,Niké Liga (SK),16450,Filip Blažek,F. Blažek,1998-03-11,67.39,17.23,16.4,21,19,2,93.0,4.89,0.05,0.0,1.63,1.47,12.08,1.05,0.26,0.53,0.16,0.11
1209,Niké Liga (SK),16785,Maciej Kevin Dąbrowski,K. Dąbrowski,1998-06-09,96.05,23.54,27.26,13,13,0,1.0,0.08,0.0,0.0,0.0,0.0,2.8,0.0,0.0,0.0,0.0,0.0
1209,Niké Liga (SK),16822,Lukáš Skovajsa,L. Skovajsa,1994-03-27,66.1,17.02,14.98,18,18,0,175.0,9.72,0.22,0.06,3.06,2.78,14.88,2.22,0.83,1.94,0.39,0.33
1209,Niké Liga (SK),16827,Abdul Musa Zubairu,A. Zubairu,1998-10-03,73.03,20.42,18.52,28,27,1,350.0,12.96,0.33,0.0,4.15,3.74,11.82,1.56,1.11,1.74,0.52,0.41
1209,Niké Liga (SK),16830,Jakub Paur,J. Paur,1992-07-04,53.95,14.33,11.94,23,22,1,473.0,21.5,0.41,0.09,6.82,4.32,14.13,5.23,3.59,8.82,2.73,1.18
1209,Niké Liga (SK),16838,Adrián Slávik,A. Slávik,1999-04-12,29.97,6.16,8.05,11,11,0,72.0,6.55,0.27,0.0,1.45,1.0,13.38,2.27,1.0,2.91,0.55,0.27
1209,Niké Liga (SK),16861,Dávid Strelec,D. Strelec,2001-04-04,51.86,15.63,11.53,3,3,0,75.0,25.0,1.0,0.33,9.0,4.33,16.75,9.67,8.33,16.67,5.67,1.67
1209,Niké Liga (SK),16863,Kenan Bajrič,K. Bajrič,1994-12-20,98.3,29.7,22.38,27,26,1,322.0,12.38,0.19,0.0,4.15,3.65,11.22,1.42,0.81,1.54,0.54,0.23
1209,Niké Liga (SK),17002,Łukasz Wolsztyński,Ł. Wolsztyński,1994-12-08,41.32,10.01,12.2,8,8,0,100.0,12.5,0.75,0.12,3.12,2.12,12.72,2.62,1.62,6.38,1.75,1.12
1209,Niké Liga (SK),17170,Nikita Mihhailov,N. Mihhailov,2002-06-20,38.19,8.56,9.5,3,3,0,40.0,13.33,0.0,0.0,3.67,3.0,14.89,2.67,3.0,4.33,0.33,0.0
1209,Niké Liga (SK),17203,Svetozar Marković,S. Marković,2000-03-23,97.79,27.64,22.61,13,12,1,123.0,10.25,0.08,0.0,2.83,2.67,10.63,0.83,0.58,0.83,0.33,0.25
1209,Niké Liga (SK),17213,Aleksandar Popović,A. Popović,1999-09-27,96.22,27.08,22.9,23,21,2,7.0,0.33,0.0,0.0,0.14,0.14,7.86,0.0,0.0,0.0,0.0,0.0
1209,Niké Liga (SK),17294,Benjamín Szaráz,B. Száraz,1998-03-09,93.8,21.5,28.64,16,15,1,3.0,0.2,0.0,0.0,0.13,0.13,5.2,0.0,0.0,0.0,0.0,0.0
1209,Niké Liga (SK),17307,Kristóf Domonkos,K. Domonkos,1998-08-17,46.38,9.28,12.62,10,10,0,122.0,12.2,0.6,0.1,5.2,4.2,14.55,3.0,1.5,3.9,1.4,0.8
1209,Niké Liga (SK),17308,Christián Herc,C. Herc,1998-09-30,32.15,9.68,7.2,8,7,1,82.0,11.71,0.71,0.14,2.86,1.86,14.05,3.14,1.57,5.29,1.14,0.57
1209,Niké Liga (SK),17309,Kristián Koštrna,K. Koštrna,1993-12-15,82.09,22.76,18.41,20,19,1,213.0,11.21,0.32,0.0,4.32,4.0,11.95,2.11,0.32,0.58,0.37,0.32
1209,Niké Liga (SK),17314,Martin Bednár,M. Bednár,1999-04-22,92.09,25.22,23.81,31,30,1,232.0,7.73,0.2,0.0,2.57,2.2,11.69,1.03,0.97,1.97,0.3,0.1
1209,Niké Liga (SK),17316,César Rodolfo Blackman Camarena ,C. Blackman,1998-04-02,87.47,26.36,19.46,27,26,1,632.0,24.31,1.0,0.19,10.04,8.38,13.16,6.15,1.58,3.62,1.23,0.77
1209,Niké Liga (SK),17328,Taras Bondarenko,T. Bondarenko,1992-09-23,87.97,21.98,23.96,27,27,0,167.0,6.19,0.11,0.0,2.48,2.37,10.9,0.63,0.26,0.44,0.19,0.15
1209,Niké Liga (SK),17859,Tigran Barseghyan,T. Barseghyan,1993-09-22,68.83,19.46,15.51,25,24,1,417.0,17.38,1.17,0.21,7.67,6.21,13.9,5.21,2.21,6.58,2.0,1.25
1209,Niké Liga (SK),18683,Sean Goss,S. Goss,1995-10-01,68.93,18.14,14.87,7,7,0,62.0,8.86,0.29,0.0,3.43,3.14,9.55,0.29,0.0,0.43,0.14,0.14
1209,Niké Liga (SK),18693,Osman Kakay,O. Kakay,1997-08-25,62.01,16.19,15.9,29,28,1,516.0,18.43,0.64,0.11,5.5,4.46,13.69,4.68,1.71,4.46,1.18,0.71
1209,Niké Liga (SK),19307,Jan-Christoph Bartels,J. Bartels,1999-01-13,98.5,26.87,24.16,6,6,0,2.0,0.33,0.0,0.0,0.0,0.0,5.0,0.0,0.0,0.0,0.0,0.0
1209,Niké Liga (SK),20060,Michal Sipľak,M. Sipľak,1996-02-02,93.05,22.45,26.11,27,27,0,386.0,14.3,0.41,0.0,5.85,5.37,12.82,3.04,0.93,2.3,0.56,0.33
1209,Niké Liga (SK),20064,Milan Dimun,M. Dimun,1996-09-19,72.84,18.17,21.68,15,14,1,127.0,9.07,0.29,0.07,3.5,3.07,10.97,1.5,0.07,0.86,0.36,0.29
1209,Niké Liga (SK),22117,Loïc Bessilé,L. Bessilé,1999-02-19,94.9,26.07,22.63,21,21,0,116.0,5.52,0.1,0.0,2.0,1.86,11.78,0.29,0.29,0.38,0.24,0.19
1209,Niké Liga (SK),23737,Kelvin Ofori,K. Ofori,2001-07-27,50.3,18.33,10.05,14,14,0,331.0,23.64,1.21,0.29,8.93,6.79,12.73,5.21,3.79,8.57,2.5,1.36
1209,Niké Liga (SK),24017,Erik Daniel,E. Daniel,1992-02-04,85.64,19.55,24.3,29,28,1,762.0,27.21,1.61,0.21,11.71,7.79,14.65,9.54,4.36,10.11,3.5,1.89
1209,Niké Liga (SK),24096,Martin Trnovský,M. Trnovský,2000-06-07,99.43,33.66,18.96,6,6,0,10.0,1.67,0.0,0.0,1.0,1.0,6.96,0.0,0.0,0.0,0.0,0.0
1209,Niké Liga (SK),24104,Michal Škvarka,M. Škvarka,1992-08-19,44.55,13.01,13.68,2,2,0,32.0,16.0,0.5,0.0,5.5,4.0,11.42,3.5,1.0,4.0,1.0,0.5
1209,Niké Liga (SK),24209,Peter Pokorný,P. Pokorný,2001-08-08,62.89,18.87,13.94,20,19,1,201.0,10.58,0.11,0.0,3.0,2.84,10.94,0.79,0.53,0.84,0.05,0.0
1209,Niké Liga (SK),24210,Martin Šulek,M. Šulek,1998-01-15,47.17,10.88,12.78,10,10,0,82.0,8.2,0.5,0.1,2.9,2.1,13.61,2.2,1.0,1.9,0.7,0.4
1209,Niké Liga (SK),24211,Michal Tomič,M. Tomič,1999-03-30,36.62,9.28,8.2,12,11,1,97.0,8.82,0.27,0.0,2.55,1.91,14.41,2.91,0.55,1.91,0.82,0.55
1209,Niké Liga (SK),24212,Ján Bernát,J. Bernát,2001-01-10,43.29,12.13,8.2,10,10,0,192.0,19.2,0.9,0.2,6.5,5.7,13.76,4.6,2.7,7.0,2.2,1.5
1209,Niké Liga (SK),24215,Dávid Šipoš,D. Šipoš,1998-08-14,93.23,24.71,24.72,6,5,1,1.0,0.2,0.0,0.0,0.0,0.0,6.66,0.0,0.0,0.0,0.0,0.0
1209,Niké Liga (SK),24216,Dominik Špiriak,D. Špiriak,1999-03-22,96.02,21.9,27.11,26,25,1,174.0,6.96,0.08,0.0,2.16,1.92,12.16,1.8,0.2,0.68,0.32,0.16
1209,Niké Liga (SK),24217,Alexander Mojžiš,A. Mojžiš,1999-01-02,86.74,20.14,22.88,22,21,1,175.0,8.33,0.14,0.0,2.43,2.19,12.8,1.33,0.14,0.29,0.05,0.0
1209,Niké Liga (SK),24218,Martin Gamboš,M. Gamboš,1998-01-23,49.18,11.4,14.0,20,19,1,209.0,11.0,0.37,0.05,3.53,2.84,13.16,2.63,1.11,3.16,0.79,0.58
1209,Niké Liga (SK),24389,Luka Silagadze,L. Silagadze,1999-04-21,58.93,14.81,17.59,14,11,3,157.0,14.27,0.64,0.09,5.73,3.73,15.06,4.73,2.0,6.09,2.27,1.09
1209,Niké Liga (SK),26093,Andreas Gruber,A. Gruber,1995-06-29,69.87,19.71,15.96,29,27,2,825.0,30.56,1.15,0.26,8.22,5.15,14.35,8.48,5.48,13.11,2.81,1.44
1209,Niké Liga (SK),26946,Daiki Matsuoka,D. Matsuoka,2001-06-01,37.87,11.34,8.94,8,7,1,98.0,14.0,0.0,0.0,2.86,2.43,12.29,2.57,1.29,3.43,0.43,0.29
1209,Niké Liga (SK),27754,Leonardo Lukačević,L. Lukačević,1999-01-21,51.28,13.44,13.33,12,12,0,175.0,14.58,0.5,0.0,6.33,5.25,13.55,3.08,1.83,4.0,0.75,0.5
1209,Niké Liga (SK),29610,Denys Taraduda,D. Taraduda,2000-08-17,94.13,25.94,21.52,11,11,0,98.0,8.91,0.18,0.0,2.82,2.64,12.48,1.0,0.27,0.45,0.09,0.09
1209,Niké Liga (SK),29645,Jakub  Holúbek,J. Holúbek,1991-01-12,72.06,19.25,16.24,17,17,0,301.0,17.71,0.29,0.0,5.24,4.53,15.11,4.88,1.0,3.06,0.59,0.35
1209,Niké Liga (SK),30010,Moritz Römling,M. Römling,2001-04-30,34.84,9.29,8.31,11,11,0,116.0,10.55,0.36,0.0,2.91,2.55,15.41,3.45,1.0,3.09,1.0,0.73
1209,Niké Liga (SK),31119,Roman Potočný,R. Potočný,1991-04-25,57.2,12.03,17.56,17,16,1,214.0,13.38,0.38,0.0,4.94,2.56,14.84,3.0,4.69,9.38,3.19,1.38
1209,Niké Liga (SK),32033,Daniels Balodis,D. Balodis,1998-06-10,73.92,16.29,21.95,16,16,0,138.0,8.62,0.0,0.0,3.0,2.88,11.15,0.81,0.19,0.12,0.0,0.0
1209,Niké Liga (SK),32171,Marko Tolić,M. Tolić,1996-07-05,71.49,22.2,15.56,10,10,0,197.0,19.7,1.0,0.0,8.3,5.9,13.37,4.3,4.0,7.2,2.7,1.4
1209,Niké Liga (SK),32187,Edin Julardžija,E. Julardžija,2001-01-21,33.87,9.08,8.9,9,9,0,123.0,13.67,0.67,0.0,2.44,1.56,14.96,3.0,2.44,5.56,1.0,0.33
1209,Niké Liga (SK),32323,Lukáš Pauschek,L. Pauschek,1992-12-09,97.97,26.43,26.62,18,18,0,290.0,16.11,0.39,0.0,5.89,5.0,13.29,3.89,1.44,3.28,1.11,0.67
1209,Niké Liga (SK),32369,Gytis Paulauskas,G. Paulauskas,1999-09-27,86.96,23.69,24.25,15,15,0,437.0,29.13,0.8,0.13,8.73,4.27,16.16,10.4,9.73,19.73,5.0,2.0
1209,Niké Liga (SK),32547,Lukáš  Juliš,L. Juliš,1994-12-02,28.93,8.0,7.8,15,15,0,191.0,12.73,0.2,0.0,3.4,1.6,13.42,3.13,2.07,6.13,1.93,0.73
1209,Niké Liga (SK),32574,Filip Souček,F. Souček,2000-09-18,67.84,17.03,17.92,19,19,0,361.0,19.0,0.63,0.11,5.84,4.84,13.74,4.32,1.47,4.68,1.53,1.11
1209,Niké Liga (SK),32614,Daniel Köstl,D. Köstl,1998-05-23,94.02,21.08,26.7,21,21,0,88.0,4.19,0.05,0.0,1.81,1.62,14.36,0.76,0.33,0.43,0.29,0.14
1209,Niké Liga (SK),32699,Patrik Šimko,P. Šimko,1991-07-08,86.47,19.89,25.72,19,19,0,209.0,11.0,0.11,0.0,3.58,3.32,10.36,0.63,0.0,0.68,0.21,0.16
1209,Niké Liga (SK),33588,Marko Roginić ,M. Roginić,1995-09-05,75.27,18.2,20.51,30,29,1,633.0,21.83,1.21,0.28,8.31,4.93,14.05,8.69,5.14,12.66,4.72,2.31
1209,Niké Liga (SK),34134,Taras Kacharaba,T. Kacharaba,1995-01-07,95.81,28.42,21.95,25,23,2,181.0,7.87,0.09,0.0,3.3,3.26,13.28,0.87,0.17,0.39,0.09,0.09
1209,Niké Liga (SK),34195,Emilian  Metu,E. Metu,2003-04-18,42.08,10.19,12.11,15,15,0,187.0,12.47,0.33,0.0,2.93,2.6,13.03,1.93,0.6,1.8,0.47,0.4
1209,Niké Liga (SK),34742,Ben Cottrell,B. Cottrell,2001-10-31,83.85,23.21,21.43,26,25,1,817.0,32.68,1.12,0.08,9.88,7.68,12.54,6.08,4.12,9.6,2.32,1.48
1209,Niké Liga (SK),35194,Nándor Tamás,N. Tamás,2000-10-24,62.02,14.37,18.09,28,27,1,556.0,20.59,1.19,0.04,9.3,6.26,15.0,8.44,3.48,6.52,2.3,1.15
1209,Niké Liga (SK),36932,Niko Janković,N. Janković,2001-08-25,38.72,11.11,8.45,14,13,1,198.0,15.23,0.54,0.0,6.08,5.15,13.74,3.15,1.62,4.08,1.15,0.69
1209,Niké Liga (SK),37273,Libor Holík,L. Holík,1998-05-12,86.53,23.64,18.89,19,18,1,512.0,28.44,1.83,0.33,10.0,8.39,15.45,9.28,3.67,6.56,2.17,1.39
1209,Niké Liga (SK),37274,Ondřej Šašinka,O. Šašinka,1998-03-21,48.57,10.15,14.68,18,18,0,191.0,10.61,0.22,0.0,3.67,2.0,15.35,3.11,2.0,5.11,1.5,0.56
1209,Niké Liga (SK),37276,Tomáš Smejkal,T. Smejkal,1998-07-07,67.97,14.79,19.57,25,24,1,518.0,21.58,0.75,0.04,7.29,5.21,15.44,7.08,4.29,8.71,2.58,1.58
1209,Niké Liga (SK),37420,Vojtěch Novák,V. Novák,2002-01-20,55.78,20.67,12.72,1,1,0,18.0,18.0,1.0,0.0,4.0,2.0,15.26,6.0,4.0,9.0,2.0,1.0
1209,Niké Liga (SK),37438,Filip Kaša,F. Kaša,1994-01-01,89.09,22.16,24.25,27,27,0,182.0,6.74,0.0,0.0,2.26,2.04,11.15,1.0,0.3,0.7,0.11,0.0
1209,Niké Liga (SK),37441,Václav Míka,V. Míka,2000-06-01,89.73,19.15,28.18,6,6,0,25.0,4.17,0.0,0.0,1.67,1.67,11.7,0.5,0.0,0.0,0.0,0.0
1209,Niké Liga (SK),37445,David Huf,D. Huf,1999-01-23,52.03,11.78,11.81,2,2,0,22.0,11.0,0.0,0.0,4.5,1.0,10.15,2.0,2.0,4.5,2.0,0.5
1209,Niké Liga (SK),37485,Filip Twardzik,F. Twardzik,1993-02-10,81.6,21.47,19.44,17,16,1,164.0,10.25,0.19,0.0,3.12,2.94,12.0,1.06,0.38,0.81,0.06,0.06
1209,Niké Liga (SK),37498,Pavol Bajza,P. Bajza,1991-09-04,99.13,24.39,27.1,30,30,0,9.0,0.3,0.0,0.0,0.17,0.17,6.12,0.0,0.0,0.0,0.0,0.0
1209,Niké Liga (SK),37506,Matúš Macík,M. Macík,1993-05-19,98.07,36.47,19.08,4,4,0,1.0,0.25,0.0,0.0,0.25,0.25,8.66,0.0,0.0,0.0,0.0,0.0
1209,Niké Liga (SK),37513,Jan Hladík,J. Hladík,1993-09-21,83.48,18.94,22.98,25,24,1,620.0,25.83,1.08,0.08,9.21,6.33,14.75,7.92,3.54,7.79,2.0,0.96
1209,Niké Liga (SK),37519,Damián Bariš,D. Bariš,1994-12-09,84.94,18.34,25.04,30,29,1,400.0,13.79,0.34,0.07,3.66,3.03,12.98,1.97,1.72,3.55,0.72,0.52
1209,Niké Liga (SK),37521,Michal Faško,M. Faško,1994-08-24,79.71,19.81,21.77,32,31,1,856.0,27.61,1.23,0.23,9.1,5.84,14.56,9.29,4.26,13.19,3.9,2.29
1209,Niké Liga (SK),37548,Miroslav Káčer,M. Káčer,1996-02-02,76.03,18.84,20.83,30,29,1,477.0,16.45,0.79,0.24,4.86,4.07,13.21,3.03,0.93,3.34,1.03,0.66
1209,Niké Liga (SK),37581,Juraj Kotula,J. Kotula,1995-09-30,84.31,19.59,24.85,25,25,0,477.0,19.08,0.36,0.0,7.16,5.96,14.63,5.12,1.2,3.12,0.8,0.4
1209,Niké Liga (SK),37656,Lukáš Endl,L. Endl,2003-06-17,81.76,18.85,23.57,16,15,1,70.0,4.67,0.0,0.0,1.47,1.4,11.82,0.2,0.47,0.8,0.27,0.2
1209,Niké Liga (SK),37680,Mykola Kukharevych,M. Kukharevych,2001-07-01,52.15,16.39,11.09,14,14,0,271.0,19.36,0.79,0.21,6.79,4.14,13.88,5.21,4.79,9.57,3.36,1.71
1209,Niké Liga (SK),41669,Mario Šuver,M. Šuver,1999-09-23,87.89,19.13,26.16,28,27,1,119.0,4.41,0.04,0.0,1.19,1.19,11.7,0.48,0.04,0.22,0.04,0.04
1209,Niké Liga (SK),42309,Žiga Frelih,Ž. Frelih,1998-02-06,98.83,27.33,22.13,22,22,0,12.0,0.55,0.0,0.0,0.18,0.18,6.56,0.0,0.0,0.0,0.0,0.0
1209,Niké Liga (SK),43085,Adam Griger,A. Griger,2004-03-16,43.9,13.75,9.01,7,7,0,122.0,17.43,0.29,0.0,4.14,1.29,14.39,5.71,3.86,9.86,2.86,0.57
1209,Niké Liga (SK),46173,Kristo Hussar,K. Hussar,2002-06-28,95.12,24.14,25.52,2,2,0,51.0,25.5,0.0,0.0,8.5,8.5,15.45,8.0,0.5,1.0,0.0,0.0
1209,Niké Liga (SK),46176,Dominik Kružliak,D. Kružliak,1996-07-10,83.82,21.25,24.06,26,25,1,154.0,6.16,0.08,0.0,2.4,2.28,11.19,0.52,0.32,0.64,0.12,0.08
1209,Niké Liga (SK),46187,Ján Krivák,J. Krivák,1993-11-10,92.58,24.19,26.14,18,17,1,50.0,2.94,0.0,0.0,1.18,1.0,10.52,0.29,0.18,0.24,0.06,0.0
1209,Niké Liga (SK),49229,Timotej Múdry,T. Múdry,2000-04-04,85.25,19.0,23.8,29,28,1,469.0,16.75,0.25,0.0,4.25,3.14,15.14,4.79,2.68,5.32,1.07,0.54
1209,Niké Liga (SK),49230,Matej Madleňák,M. Madleňák,1999-02-07,69.21,17.02,20.17,23,22,1,451.0,20.5,0.86,0.09,7.14,5.59,14.08,4.36,3.5,7.32,1.82,1.23
1209,Niké Liga (SK),49231,Matej Čurma,M. Čurma,1996-03-27,94.58,26.24,23.4,29,28,1,529.0,18.89,0.18,0.0,5.36,3.79,14.0,4.64,2.14,4.39,0.93,0.25
1209,Niké Liga (SK),49235,Marek Zsigmund,M. Zsigmund,1997-04-20,66.67,17.34,18.96,22,22,0,180.0,8.18,0.09,0.05,2.86,2.41,12.81,1.32,0.45,1.91,0.64,0.27
1209,Niké Liga (SK),49236,Matúš Kmet,M. Kmet,2000-06-27,60.96,16.61,14.95,13,12,1,262.0,21.83,0.92,0.08,8.08,6.75,14.43,7.25,1.25,4.5,1.5,1.17
1209,Niké Liga (SK),49238,Martin Boďa,M. Boďa,1997-02-02,44.01,10.36,11.58,25,25,0,330.0,13.2,0.32,0.0,3.48,1.88,14.36,2.56,5.0,8.8,1.92,0.68
1209,Niké Liga (SK),49248,Ján Minárik,J. Minárik,1997-07-25,89.85,22.6,23.97,21,21,0,96.0,4.57,0.0,0.0,1.33,1.29,11.54,0.38,0.24,0.29,0.05,0.05
1209,Niké Liga (SK),49251,Patrik Iľko,P. Iľko,2001-02-16,52.01,12.69,13.6,28,27,1,718.0,26.59,1.04,0.26,8.22,5.04,14.71,8.22,4.74,11.11,3.41,1.48
1209,Niké Liga (SK),49252,Dávid Ďuriš,D. Ďuriš,1999-03-22,66.89,20.25,13.95,2,2,0,66.0,33.0,1.0,0.0,10.5,4.5,14.41,13.0,9.0,22.0,5.0,2.0
1209,Niké Liga (SK),49254,Ľubomír Belko,L. Belko,2002-02-04,97.72,23.65,27.04,18,18,0,11.0,0.61,0.0,0.0,0.22,0.22,7.66,0.0,0.0,0.0,0.0,0.0
1209,Niké Liga (SK),49257,Adrián Kaprálik,A. Kaprálik,2002-06-10,54.38,12.12,14.62,4,4,0,60.0,15.0,1.5,0.75,6.25,3.25,15.41,7.25,3.0,8.75,3.75,2.0
1209,Niké Liga (SK),58999,Marin Laušić,M. Laušić,2001-06-26,80.89,21.27,18.72,12,9,3,151.0,16.78,0.44,0.11,5.11,4.89,11.67,1.22,0.11,1.22,0.22,0.22
1209,Niké Liga (SK),60009,Bleron Krasniqi,B. Krasniqi,2002-05-18,28.57,6.86,8.77,8,8,0,76.0,9.5,0.5,0.0,2.75,1.62,15.25,2.62,1.75,4.25,1.25,0.5
1209,Niké Liga (SK),60106,Stefan   Škrbo,S. Škrbo,2001-01-23,62.73,17.46,13.97,28,26,2,623.0,23.96,1.0,0.15,8.42,6.15,14.43,7.69,3.81,9.58,2.65,1.5
1209,Niké Liga (SK),60621,Filip Lichy,F. Lichy,2001-01-25,76.68,22.63,18.54,21,21,0,396.0,18.86,0.62,0.05,5.33,4.62,12.88,2.24,1.05,3.86,0.81,0.57
1209,Niké Liga (SK),60688,Regő Szánthó,R. Szánthó,2000-11-22,35.02,9.29,9.53,19,18,1,227.0,12.61,0.44,0.11,4.5,3.33,14.07,3.89,1.33,4.17,1.39,0.83
1209,Niké Liga (SK),60733,Alen Mustafić,A. Mustafić,1999-07-05,79.26,22.86,18.88,18,18,0,497.0,27.61,0.89,0.06,9.0,7.39,13.13,6.83,2.22,6.22,1.22,0.89
1209,Niké Liga (SK),60739,Viktor Djukanović,V. Djukanović,2004-01-29,69.96,22.0,14.94,19,18,1,394.0,21.89,1.94,0.28,7.5,5.06,12.99,4.61,5.89,12.39,3.61,2.0
1209,Niké Liga (SK),60767,Damir Redzic,D. Redzic,2003-03-23,88.67,29.25,18.3,14,13,1,354.0,27.23,2.62,0.46,10.31,8.46,14.68,8.92,3.38,10.08,3.08,2.31
1209,Niké Liga (SK),60880,Justen Kranthove,J. Kranthove,2000-09-19,59.96,13.68,15.32,8,8,0,33.0,4.12,0.0,0.0,1.5,1.25,11.52,0.62,0.5,0.88,0.25,0.0
1209,Niké Liga (SK),61107,Patrick Nwadike,P. Nwadike,1998-08-29,99.99,28.38,21.14,10,10,0,59.0,5.9,0.0,0.0,1.3,1.2,11.57,0.8,0.5,0.7,0.2,0.1
1209,Niké Liga (SK),61975,Richie Musaba,R. Musaba,2000-12-06,53.68,13.15,17.3,6,6,0,118.0,19.67,0.33,0.17,5.17,3.17,16.5,5.33,3.17,9.67,2.67,1.0
1209,Niké Liga (SK),62972,Richard Križan,R. Križan,1997-09-23,86.74,23.64,21.11,21,21,0,85.0,4.05,0.0,0.0,1.76,1.71,10.46,0.19,0.19,0.24,0.0,0.0
1209,Niké Liga (SK),63171,Abdulrahman Taiwo,A. Taiwo,1998-08-05,69.34,20.18,16.17,15,14,1,393.0,28.07,1.36,0.43,9.79,5.5,14.9,8.93,7.86,16.57,5.43,2.64
1209,Niké Liga (SK),63259,José Ángel López López,J. López,1999-08-25,49.21,14.02,11.02,17,17,0,293.0,17.24,0.24,0.0,4.29,2.12,14.51,3.94,5.12,8.88,1.53,0.53
1209,Niké Liga (SK),63515,Juraj Teplan,J. Teplan,2002-07-07,68.96,19.19,17.92,10,10,0,125.0,12.5,0.2,0.0,5.0,4.6,11.39,0.9,0.5,0.7,0.1,0.1
1209,Niké Liga (SK),64258,Lazar Stojsavljević,L. Stojsavljević,1998-05-05,85.45,23.3,19.86,19,16,3,102.0,6.38,0.06,0.0,2.25,2.19,11.12,0.81,0.06,0.12,0.06,0.0
1209,Niké Liga (SK),64473,Sharani Zuberu,S. Zuberu,2000-01-07,61.79,20.1,14.25,8,8,0,122.0,15.25,0.38,0.0,5.12,4.5,15.25,5.0,1.62,3.0,0.75,0.5
1209,Niké Liga (SK),64656,Ioan-Călin Revenco,I. Revenco,2000-06-26,62.55,15.27,18.14,22,22,0,429.0,19.5,0.41,0.05,5.86,4.73,15.46,5.55,2.59,4.95,1.09,0.64
1209,Niké Liga (SK),64678,Samuel Suľa,S. Suľa,2000-04-12,67.33,14.49,19.68,24,23,1,351.0,15.26,0.22,0.04,5.52,4.39,15.28,4.91,0.78,2.35,0.65,0.39
1209,Niké Liga (SK),64681,Adam Goljan,A. Goljan,2001-04-15,52.63,15.34,12.99,5,4,1,84.0,21.0,1.5,0.0,7.25,6.0,14.36,6.75,2.75,7.5,2.0,1.75
1209,Niké Liga (SK),64896,Kevor Palumets,K. Palumets,2002-11-21,68.37,17.5,18.95,31,27,4,554.0,20.52,0.67,0.19,5.7,4.48,12.96,2.81,1.89,5.26,1.37,0.89
1209,Niké Liga (SK),65350,Johnson Nsumoh,J. Nsumoh,2001-06-14,64.37,15.95,14.46,4,4,0,72.0,18.0,0.5,0.0,5.75,3.5,18.19,7.0,4.25,7.25,1.5,0.25
1209,Niké Liga (SK),65370,Kyriakos Savvidis,K. Savvidis,1995-06-20,74.25,23.36,17.07,14,14,0,295.0,21.07,0.21,0.0,7.0,6.36,10.31,1.43,0.79,2.07,0.43,0.29
1209,Niké Liga (SK),65371,Martin Mikovič,M. Mikovič,1990-09-12,74.46,20.58,17.14,22,20,2,387.0,19.35,0.85,0.15,7.8,6.45,13.81,5.15,1.75,6.35,2.4,1.65
1209,Niké Liga (SK),65374,Sebastián Kóša,S. Kóša,2003-09-13,89.57,22.39,25.73,11,11,0,126.0,11.45,0.0,0.0,3.45,3.45,11.67,1.0,0.18,0.36,0.0,0.0
1209,Niké Liga (SK),65375,Stanislav Olejník,S. Olejník,2002-03-31,80.95,19.24,24.02,23,23,0,595.0,25.87,1.22,0.13,9.52,6.96,15.3,8.83,5.13,11.39,3.65,2.35
1209,Niké Liga (SK),68857,Tomasz Walczak,T. Walczak,2005-08-17,41.49,11.64,9.03,11,10,1,125.0,12.5,0.4,0.0,3.2,1.5,13.82,4.2,3.0,6.7,1.6,0.6
1209,Niké Liga (SK),68876,Roshaun Mathurin,R. Mathurin,2004-01-23,54.79,15.57,13.25,13,13,0,170.0,13.08,0.77,0.08,5.38,4.23,14.85,3.85,2.46,4.62,1.46,0.85
1209,Niké Liga (SK),69205,Samsondin Ouro,S. Ouro,2000-03-02,79.12,22.87,19.89,24,22,2,531.0,24.14,0.86,0.23,6.45,5.14,12.7,4.36,3.27,8.32,1.86,1.36
1209,Niké Liga (SK),70510,Kyrylo Sigeev,K. Sigeev,2004-05-16,26.98,5.69,7.48,5,5,0,30.0,6.0,0.0,0.0,1.0,1.0,13.8,0.8,0.6,1.2,0.0,0.0
1209,Niké Liga (SK),70714,Davit Hakobyan,D. Hakobyan,2005-08-09,22.83,5.67,6.12,15,12,3,86.0,7.17,0.17,0.0,2.0,1.58,13.44,1.42,0.83,1.67,0.42,0.17
1209,Niké Liga (SK),70742,Jakub Badžgoň,J. Badžgoň,2005-06-02,91.42,22.83,24.51,11,10,1,5.0,0.5,0.0,0.0,0.0,0.0,8.09,0.0,0.0,0.0,0.0,0.0
1209,Niké Liga (SK),70743,Michal Svoboda,M. Svoboda,2005-02-15,59.93,15.79,17.25,6,6,0,47.0,7.83,0.0,0.0,1.83,1.83,13.38,1.0,0.33,0.5,0.0,0.0
1209,Niké Liga (SK),70744,Filip Mielke,F. Mielke,2005-04-09,96.77,25.99,26.61,28,25,3,274.0,10.96,0.04,0.0,3.32,2.96,12.0,1.32,0.2,0.84,0.24,0.08
1209,Niké Liga (SK),70748,Milan Rehuš,M. Rehuš,2005-08-04,56.88,15.26,15.81,22,22,0,616.0,28.0,1.68,0.41,10.32,6.82,13.64,7.86,4.45,11.91,3.59,2.32
1209,Niké Liga (SK),70754,Tadeáš Hájovský,T. Hájovský,2005-09-30,83.25,22.23,20.3,27,27,0,516.0,19.11,0.33,0.07,5.04,4.07,13.07,3.37,1.19,4.07,0.93,0.44
1209,Niké Liga (SK),70756,Andy Masaryk,A. Masaryk,2005-04-07,43.02,10.97,12.05,28,28,0,447.0,15.96,0.36,0.07,4.96,3.5,15.73,4.75,3.07,7.11,1.43,0.75
1209,Niké Liga (SK),113261,Oluwakorede Michael Adedoyin David,Cody David,2000-11-14,86.95,23.76,21.46,14,14,0,401.0,28.64,1.43,0.21,9.29,5.0,15.04,9.5,10.5,18.29,5.07,2.07
1209,Niké Liga (SK),120015,Matej Trusa,M. Trusa,2000-11-29,45.08,14.8,8.83,4,4,0,90.0,22.5,0.25,0.0,5.75,2.75,14.74,7.0,6.75,11.0,2.25,0.5
1209,Niké Liga (SK),125463,Pepijn Doesburg,P. Doesburg,2001-01-17,26.3,7.32,6.04,25,25,0,170.0,6.8,0.24,0.04,2.52,1.28,14.29,2.08,2.64,4.52,1.44,0.56
1209,Niké Liga (SK),150001,Daniel Smékal,D. Smékal,2001-12-08,93.31,25.4,22.28,6,5,1,173.0,34.6,2.0,0.4,11.8,7.0,15.84,14.4,9.0,20.4,7.4,4.0
1209,Niké Liga (SK),156120,Sandro Plínio Rosa da Cruz,Sandro Cruz,2001-05-12,84.62,25.99,18.53,28,27,1,727.0,26.93,0.48,0.07,8.93,7.78,14.94,8.78,2.81,5.63,1.19,0.74
1209,Niké Liga (SK),160560,Zyen Jones,Z. Jones,2000-08-25,38.88,9.48,9.43,20,19,1,213.0,11.21,0.63,0.11,4.05,3.37,13.69,3.84,1.63,4.16,1.32,1.11
1209,Niké Liga (SK),162391,Giorgi Gagua,G. Gagua,2001-10-10,49.28,13.35,11.33,26,24,2,448.0,18.67,0.62,0.12,5.62,2.79,13.63,4.54,5.75,11.96,3.25,1.46
1209,Niké Liga (SK),163230,Molik Jesse Khan,M. Khan,2004-04-08,77.0,20.77,16.72,13,13,0,246.0,18.92,0.54,0.08,5.38,3.69,13.51,3.15,3.31,7.0,1.23,0.62
1209,Niké Liga (SK),163257,Marselino Ferdinan,M. Ferdinan,2004-09-09,27.74,8.93,5.35,3,3,0,38.0,12.67,1.33,0.0,6.33,5.0,15.57,4.33,2.0,6.0,2.33,1.67
1209,Niké Liga (SK),163498,Cédric Badolo,C. Badolo,1998-11-04,29.3,7.98,5.2,4,4,0,59.0,14.75,0.75,0.0,5.75,4.25,14.65,4.5,1.25,5.25,1.5,1.0
1209,Niké Liga (SK),163529,Peter Guinari,P. Guinari,2001-06-02,81.26,16.95,29.8,2,2,0,15.0,7.5,0.0,0.0,1.5,1.5,11.64,1.5,0.0,0.0,0.0,0.0
1209,Niké Liga (SK),164198,Martin Regáli,M. Regáli,1993-10-12,87.87,21.89,23.48,30,30,0,931.0,31.03,1.67,0.2,11.2,7.67,14.57,10.47,5.33,12.9,3.47,1.8
1209,Niké Liga (SK),167715,Kido Taylor-Hart,K. Taylor-Hart,2002-09-30,70.35,19.16,18.45,27,26,1,522.0,20.08,0.81,0.12,7.0,4.81,15.14,6.58,3.54,8.42,2.46,1.31
1209,Niké Liga (SK),170494,Franko Sabljić,F. Sabljić,2003-09-17,75.07,20.09,16.96,18,18,0,505.0,28.06,0.78,0.06,9.61,4.33,15.47,9.44,10.11,17.11,5.11,1.39
1209,Niké Liga (SK),170714,Vladimir Perišić,V. Perišić,2004-08-26,58.38,15.04,16.5,23,22,1,486.0,22.09,1.05,0.09,7.45,4.18,14.43,6.41,6.5,13.0,3.41,1.64
1209,Niké Liga (SK),170801,Giorgi Moistsrapishvili,G. Moistsrapishvili,2001-09-29,70.45,19.5,15.19,20,18,2,354.0,19.67,0.67,0.06,6.0,5.22,11.37,2.83,1.11,5.39,1.67,1.28
1209,Niké Liga (SK),170803,Dominique Simon,D. Simon,2000-07-29,53.59,14.0,13.15,20,20,0,368.0,18.4,0.75,0.05,6.4,5.35,14.25,4.55,1.65,4.75,1.45,1.15
1209,Niké Liga (SK),170809,Lukáš Fabiš,L. Fabiš,1998-05-05,76.95,15.65,21.42,4,4,0,53.0,13.25,0.25,0.0,4.5,3.75,16.49,5.5,1.5,3.25,1.0,0.75
1209,Niké Liga (SK),170810,Oliver Luterán,O. Luterán,2001-09-06,73.17,16.72,19.89,28,27,1,198.0,7.33,0.07,0.0,2.22,1.85,13.5,1.26,0.56,0.85,0.3,0.15
1209,Niké Liga (SK),170812,Alexander Selecký,A. Selecký,2002-10-08,89.93,20.98,25.36,27,26,1,546.0,21.0,0.62,0.08,7.12,5.54,14.2,5.77,2.96,6.15,1.58,1.0
1209,Niké Liga (SK),170817,Adam Morong,A. Morong,1993-06-16,71.98,16.03,21.91,22,21,1,419.0,19.95,0.43,0.1,6.9,5.1,15.48,6.62,3.57,8.33,2.14,1.29
1209,Niké Liga (SK),170818,Marko Kelemen,M. Kelemen,2000-04-29,36.57,7.64,8.78,11,10,1,104.0,10.4,0.0,0.0,3.7,1.8,17.05,3.9,2.0,4.9,1.0,0.2
1209,Niké Liga (SK),170819,Adam Tučný,А. Tučný,2002-05-21,56.4,12.18,16.56,27,26,1,353.0,13.58,0.5,0.08,4.62,3.08,14.13,3.85,1.5,4.69,1.19,0.65
1209,Niké Liga (SK),170860,Tornike Dzotsenidze,T. Dzotsenidze,1999-11-07,91.45,24.48,23.74,24,24,0,158.0,6.58,0.12,0.0,2.67,2.58,10.93,0.33,0.38,0.54,0.17,0.12
1209,Niké Liga (SK),174283,Elvis Mashike Sukisa,E. Mashike,1994-06-06,57.08,13.33,15.85,29,28,1,427.0,15.25,0.36,0.11,4.68,2.43,14.58,2.96,4.86,9.39,2.57,0.89
1209,Niké Liga (SK),174368,Dominik Ťapaj,D. Ťapaj,2004-05-10,94.76,20.71,28.4,17,17,0,6.0,0.35,0.0,0.0,0.12,0.12,4.77,0.0,0.0,0.0,0.0,0.0
1209,Niké Liga (SK),175983,Jakub Luka,J. Luka,2003-08-18,93.0,24.97,25.76,23,21,2,188.0,8.95,0.0,0.0,2.67,2.57,10.85,0.48,0.05,0.1,0.0,0.0
1209,Niké Liga (SK),176471,Roman Čerepkai,R. Čerepkai,2002-04-06,83.73,21.69,23.32,30,29,1,920.0,31.72,2.17,0.21,11.76,7.72,14.59,10.31,6.48,16.9,6.0,3.28
1209,Niké Liga (SK),178580,Ammar Ramadan,A. Ramadan,2001-01-05,83.78,25.09,18.82,26,25,1,578.0,23.12,1.56,0.2,9.48,6.88,13.82,7.48,4.68,9.96,3.24,1.6
1209,Niké Liga (SK),179110,Marek Ujlaky,M. Ujlaky,2003-12-03,91.17,20.47,24.0,17,16,1,103.0,6.44,0.0,0.0,1.69,1.44,10.9,0.5,0.44,0.5,0.0,0.0
1209,Niké Liga (SK),179111,Patrick Karhan,P. Karhan,2003-06-19,72.33,20.06,16.69,12,10,2,59.0,5.9,0.1,0.0,2.2,2.0,10.23,0.4,0.4,0.4,0.2,0.1
1209,Niké Liga (SK),180054,Hélder  Gomes Morim,Hélder Morim,2001-05-14,34.6,9.3,8.41,20,20,0,215.0,10.75,0.4,0.05,3.4,2.4,12.93,1.3,1.0,3.45,0.65,0.3
1209,Niké Liga (SK),183595,Roko Jureškin,R. Jureškin,2000-09-29,62.42,17.12,13.76,25,22,3,404.0,18.36,0.82,0.0,7.5,5.59,15.26,7.0,2.09,4.5,1.5,0.82
1209,Niké Liga (SK),188250,Gabriel Barbosa Avelino,Gabriel Barbosa,1999-03-17,71.15,20.39,15.66,11,11,0,229.0,20.82,1.0,0.0,6.0,3.64,13.17,4.45,4.73,11.27,3.18,1.55
1209,Niké Liga (SK),264072,Sean Seitz,S. Seitz,2002-03-30,35.3,7.47,10.86,7,7,0,68.0,9.71,0.14,0.0,2.43,1.29,14.1,3.43,2.57,5.43,0.86,0.14
1209,Niké Liga (SK),507868,Mario Pejazic,M. Pejazic,2005-01-21,10.96,1.91,3.9,1,1,0,5.0,5.0,0.0,0.0,1.0,1.0,14.54,1.0,0.0,1.0,0.0,0.0
1209,Niké Liga (SK),529804,Petr Pudhorocký,P. Pudhorocký,2001-06-13,75.51,15.98,22.75,28,27,1,550.0,20.37,0.44,0.04,5.48,3.93,14.42,5.11,2.59,7.37,1.78,0.89
1209,Niké Liga (SK),584913,Andrija Katić,A. Katić,2002-02-17,96.84,26.3,23.44,26,26,0,18.0,0.69,0.0,0.0,0.38,0.38,6.93,0.0,0.0,0.0,0.0,0.0
1209,Niké Liga (SK),586191,Nino Marcelli,N. Marcelli,2005-05-29,63.29,20.15,13.54,27,26,1,673.0,25.88,0.88,0.08,8.69,5.81,13.99,8.96,4.62,13.15,3.85,1.69
1209,Niké Liga (SK),618270,Ján Murgaš,J. Murgaš,2004-03-27,62.53,14.39,15.5,10,10,0,174.0,17.4,0.6,0.0,5.4,4.0,12.06,2.0,1.3,3.8,1.0,0.7
1209,Niké Liga (SK),637215,Ondřej Deml,O. Deml,2005-01-20,70.68,21.92,16.94,19,18,1,443.0,24.61,1.33,0.11,10.28,8.0,14.17,6.5,2.72,6.94,2.89,1.94
1209,Niké Liga (SK),644286,Samuel Grygar,S. Grygar,2004-08-09,82.42,19.28,23.38,25,24,1,372.0,15.5,0.54,0.0,4.62,3.71,13.29,3.25,1.79,3.42,1.08,0.67
1209,Niké Liga (SK),644296,Andrei Gabriele Florea,Andrei,2005-05-30,34.28,9.06,10.38,12,11,1,166.0,15.09,0.45,0.0,4.0,2.82,13.81,5.09,1.18,4.55,1.0,0.55
1209,Niké Liga (SK),687071,Máté Tuboly,M. Tuboly,2004-09-15,82.29,23.81,19.49,31,29,2,468.0,16.14,0.14,0.0,4.07,3.79,11.29,2.07,0.41,1.31,0.28,0.24
1209,Niké Liga (SK),687652,Klemen Nemanič,K. Nemanič,1996-11-07,97.09,27.85,22.57,32,30,2,265.0,8.83,0.2,0.03,3.07,2.8,12.16,1.77,1.03,1.47,0.33,0.13
1209,Niké Liga (SK),689055,Tsotne Kapanadze,T. Kapanadze,2001-08-30,86.45,24.17,20.85,28,26,2,574.0,22.08,1.19,0.08,8.04,7.27,15.07,7.04,1.0,2.77,0.81,0.81
1209,Niké Liga (SK),698050,Mahmudu Bajo,M. Bajo,2004-08-15,100.0,35.3,21.79,1,1,0,25.0,25.0,0.0,0.0,8.0,7.0,11.77,4.0,3.0,3.0,1.0,1.0
1209,Niké Liga (SK),698166,Sunday Jude,S. Jude,2004-10-04,36.23,8.48,8.64,3,3,0,39.0,13.0,0.67,0.0,5.67,3.67,14.72,4.0,1.0,3.33,1.67,1.0
1209,Niké Liga (SK),698189,Samuel Bagín,S. Bagín,2004-02-08,66.01,19.07,11.98,6,6,0,31.0,5.17,0.17,0.0,1.67,1.67,15.08,1.0,0.17,0.33,0.33,0.33
1209,Niké Liga (SK),698192,Samuel Kopásek,S. Kopásek,2003-05-22,85.18,20.6,23.99,17,17,0,355.0,20.88,0.76,0.18,7.41,4.82,16.02,8.18,3.29,7.71,2.35,1.12
1209,Niké Liga (SK),698193,Bálint Csóka,B. Csóka,2003-03-20,21.33,5.94,4.26,1,1,0,5.0,5.0,0.0,0.0,3.0,2.0,18.73,4.0,1.0,3.0,2.0,1.0
1209,Niké Liga (SK),698194,Artur Gajdoš,A. Gajdoš,2004-01-20,70.79,22.43,15.5,21,20,1,510.0,25.5,0.7,0.15,7.85,6.85,13.93,4.35,2.85,7.5,1.9,1.45
1209,Niké Liga (SK),698195,Adam Gaži,A. Gaži,2003-03-01,89.92,19.75,26.19,23,23,0,346.0,15.04,0.48,0.13,4.78,4.09,14.11,3.78,0.83,2.3,0.7,0.43
1209,Niké Liga (SK),704807,Xavier  Rodrigue Adang Mveng,X. Adang,2004-06-07,69.41,16.78,19.36,30,30,0,469.0,15.63,0.8,0.1,3.9,3.2,13.51,3.03,1.0,5.43,1.4,0.93
1209,Niké Liga (SK),704808,Kristián Bari,K. Bari,2001-02-06,83.66,20.88,22.76,31,30,1,697.0,23.23,1.07,0.13,8.9,7.43,15.55,8.43,1.9,6.13,2.17,1.73
1209,Niké Liga (SK),704809,Samuel Mawuena Gidi,S. Gidi,2004-04-15,97.62,27.37,20.79,2,2,0,44.0,22.0,0.0,0.0,7.5,6.0,13.2,5.0,2.0,5.0,2.0,1.0
1209,Niké Liga (SK),705091,Alejandro  Méndez García,Alex Méndez,2001-07-28,88.27,25.54,20.22,24,22,2,512.0,23.27,1.05,0.05,7.27,6.05,14.34,7.68,1.91,6.09,1.55,1.05
1209,Niké Liga (SK),705092,Erik Zoltán Gyurákovics,E. Gyurákovics,1999-07-21,97.2,27.84,18.17,1,1,0,0.0,0.0,0.0,0.0,0.0,0.0,,0.0,0.0,0.0,0.0,0.0
1209,Niké Liga (SK),705174,Alex Marković,A. Marković,2002-06-20,84.12,25.03,20.92,17,16,1,223.0,13.94,0.31,0.0,4.75,4.44,12.23,1.75,0.19,0.62,0.06,0.06
1209,Niké Liga (SK),715831,Dominik Žák,D. Žák,2000-04-30,94.74,22.27,25.75,27,26,1,828.0,31.85,1.04,0.12,10.58,7.81,14.07,9.0,4.42,10.04,2.65,1.31
1209,Niké Liga (SK),725018,Martin Gomola,M. Gomola,2002-01-08,62.07,12.48,18.57,12,12,0,153.0,12.75,0.17,0.0,4.17,3.25,16.25,3.75,1.75,2.83,0.75,0.33
1209,Niké Liga (SK),733195,Roland Galčík,R. Galčík,2001-07-30,72.75,19.77,19.9,27,24,3,589.0,24.54,1.5,0.38,9.17,6.38,14.76,7.88,4.33,11.96,3.67,2.21
1209,Niké Liga (SK),733199,Lukas Leginus,L. Leginus,2000-04-24,46.25,10.01,13.13,15,14,1,168.0,12.0,0.21,0.0,4.0,2.21,16.11,4.43,3.79,7.43,1.79,0.79
1209,Niké Liga (SK),733201,Peter Kováčik,P. Kováčik,2000-12-01,80.8,22.31,22.91,22,19,3,582.0,30.63,1.16,0.32,9.11,6.53,15.6,8.16,5.11,12.05,2.89,1.68
1209,Niké Liga (SK),733202,Šimon Faško,Š. Faško,2006-04-09,36.48,7.25,12.22,5,3,2,21.0,7.0,0.0,0.0,2.0,1.67,11.83,1.0,0.67,1.0,0.0,0.0
1209,Niké Liga (SK),733203,Samuel Ďatko,S. Ďatko,2001-06-24,57.42,14.51,16.17,28,27,1,577.0,21.37,1.19,0.41,7.37,5.41,14.06,6.85,2.52,7.04,2.41,1.48
1209,Niké Liga (SK),733214,René Paraj,R. Paraj,1992-08-14,53.35,14.65,13.35,26,22,4,267.0,12.14,0.32,0.14,3.23,2.55,13.35,1.86,1.36,3.91,0.82,0.41
1209,Niké Liga (SK),737080,Tomáš Král,T. Král,2004-10-26,81.53,18.87,22.9,25,24,1,209.0,8.71,0.12,0.04,3.25,3.08,14.18,1.21,0.29,0.54,0.29,0.25
1209,Niké Liga (SK),738961,Filip Kiss,F. Kiss,1990-10-13,65.48,16.19,17.68,24,23,1,169.0,7.35,0.17,0.04,2.04,1.61,9.8,0.48,0.96,2.09,0.52,0.3
1209,Niké Liga (SK),769344,Matúš Begala,M. Begala,2001-04-07,22.94,6.13,6.18,8,7,1,58.0,8.29,0.0,0.0,1.71,1.43,14.26,1.29,1.0,2.43,0.43,0.43
1209,Niké Liga (SK),777009,Ridwan Sanusi,R. Sanusi,2002-09-21,72.38,19.13,20.41,26,23,3,519.0,22.57,1.04,0.04,6.7,5.3,15.56,7.39,3.09,8.57,2.04,1.43
1209,Niké Liga (SK),777010,Martin Mášik,M. Mášik,1999-01-08,62.59,13.32,18.32,28,27,1,180.0,6.67,0.07,0.0,1.52,1.11,11.78,1.07,0.67,2.26,0.37,0.15
1209,Niké Liga (SK),777011,Adam Krčík,A. Krčík,1996-03-16,81.41,18.45,23.12,21,21,0,456.0,21.71,0.67,0.0,7.19,6.05,16.2,9.71,0.9,2.29,0.67,0.52
1209,Niké Liga (SK),777012,Martin Nagy,M. Nagy,1990-09-05,35.88,8.67,10.4,23,22,1,102.0,4.64,0.09,0.0,1.41,1.27,11.71,0.5,0.18,0.64,0.14,0.14
1209,Niké Liga (SK),777014,Oliver Podhorin,O. Podhorin,1992-07-06,76.16,18.16,21.53,12,12,0,44.0,3.67,0.0,0.0,1.33,1.17,8.35,0.25,0.42,0.92,0.17,0.08
1209,Niké Liga (SK),777016,Martin Černek,M. Černek,1994-12-30,66.57,14.32,19.26,26,26,0,223.0,8.58,0.23,0.0,3.04,2.5,12.54,1.62,1.08,2.15,0.58,0.38
1209,Niké Liga (SK),777017,Martin Junas,M. Junas,1996-03-09,97.47,21.31,28.43,31,30,1,5.0,0.17,0.0,0.0,0.07,0.07,5.88,0.0,0.0,0.0,0.0,0.0
1209,Niké Liga (SK),777019,Ondřej Rudzan,O. Rudzan,1998-08-25,88.51,19.71,25.25,28,27,1,451.0,16.7,0.89,0.0,6.22,5.52,14.64,4.07,0.56,2.7,0.63,0.56
1209,Niké Liga (SK),777030,Stanislav Danko,S. Danko,1994-03-17,24.93,6.62,5.7,17,17,0,191.0,11.24,0.24,0.0,3.65,2.29,16.03,3.06,1.59,3.88,1.29,0.65
1209,Niké Liga (SK),777031,Daniel Magda,D. Magda,1997-11-25,73.46,18.38,21.1,22,21,1,259.0,12.33,0.52,0.05,5.19,4.38,14.48,3.29,1.29,2.71,1.1,0.71
1209,Niké Liga (SK),777032,Matúš Marcin,M. Marcin,1994-04-06,66.89,19.45,17.06,5,5,0,95.0,19.0,0.8,0.0,6.2,4.0,15.21,6.6,4.0,9.0,3.0,1.6
1209,Niké Liga (SK),777033,Polydefkis Volanakis,P. Volanakis,2003-04-25,89.12,22.83,21.91,11,10,1,62.0,6.2,0.1,0.0,2.3,2.1,11.59,0.5,0.3,0.6,0.2,0.1
1209,Niké Liga (SK),777034,Yushi Shimamura,Y. Shimamura,1999-12-20,53.87,12.58,16.77,10,10,0,133.0,13.3,0.1,0.0,3.4,2.4,13.71,2.1,1.6,3.2,0.7,0.4
1209,Niké Liga (SK),777035,Igor Žofčák,I. Žofčák,1983-04-10,13.66,2.69,4.3,1,1,0,3.0,3.0,0.0,0.0,1.0,0.0,18.16,2.0,1.0,2.0,1.0,0.0
1209,Niké Liga (SK),777039,Artúr Musák,A. Musák,2005-10-17,86.89,22.53,24.55,6,6,0,190.0,31.67,1.17,0.0,9.67,8.83,15.04,8.17,0.83,5.5,0.83,0.67
1209,Niké Liga (SK),777045,Matúš Kira,M. Kira,1994-10-10,88.99,24.26,24.63,11,11,0,7.0,0.64,0.0,0.0,0.27,0.27,6.74,0.0,0.0,0.0,0.0,0.0
1209,Niké Liga (SK),777047,Jakub Jakubko,J. Jakubko,2004-08-24,98.15,24.84,24.86,2,1,1,20.0,20.0,0.0,0.0,6.0,5.0,12.21,3.0,3.0,7.0,1.0,0.0
1209,Niké Liga (SK),777049,Dávid Gallovič,D. Gallovič,1996-04-23,82.23,21.46,23.04,28,27,1,564.0,20.89,1.0,0.19,6.93,5.81,14.89,5.56,2.22,7.41,1.78,1.26
1209,Niké Liga (SK),777050,Landing Sagna,L. Sagna,1999-12-22,45.3,10.4,11.06,24,24,0,291.0,12.12,0.25,0.0,3.42,1.62,14.11,3.38,3.25,6.88,1.71,0.54
1209,Niké Liga (SK),777051,Miroslav Sovič,M. Sovič,2004-05-12,46.61,11.24,13.28,21,20,1,347.0,17.35,1.0,0.15,6.1,4.95,15.21,4.5,2.9,7.45,2.55,1.85
1209,Niké Liga (SK),777053,Marián Chobot,M. Chobot,1999-08-31,39.47,9.51,10.23,19,19,0,199.0,10.47,0.53,0.05,3.63,2.47,14.95,2.79,1.79,3.95,0.79,0.53
1209,Niké Liga (SK),777055,David Jackuliak,D. Jackuliak,2003-08-02,37.59,8.8,9.45,8,8,0,87.0,10.88,0.0,0.0,3.88,1.62,15.01,4.25,3.0,5.75,1.75,0.38
1209,Niké Liga (SK),777057,Rahim  Ibrahim,R. Ibrahim,2001-06-10,57.05,17.6,12.94,28,27,1,453.0,16.78,0.26,0.04,5.07,4.48,11.65,2.85,1.48,3.48,0.78,0.41
1209,Niké Liga (SK),777058,Eynel Domingos Lima Soares,Eynel Soares,1998-10-25,94.52,25.74,23.48,14,14,0,350.0,25.0,1.29,0.21,9.07,6.86,17.07,10.43,3.43,9.5,2.29,1.43
1209,Niké Liga (SK),778450,Franck Bahi,F. Bahi,1999-12-20,58.39,15.48,15.62,14,14,0,142.0,10.14,0.36,0.0,3.14,2.57,14.02,2.71,0.07,0.79,0.21,0.21
1209,Niké Liga (SK),778451,Lukáš Šimko,L. Šimko,1999-06-30,67.77,15.06,19.51,21,20,1,271.0,13.55,0.45,0.15,4.65,3.2,14.92,4.55,1.85,2.9,0.85,0.25
1209,Niké Liga (SK),778458,Lukáš Mikulaj,L. Mikulaj,2005-04-11,92.12,25.81,21.08,9,9,0,326.0,36.22,1.44,0.11,9.56,7.44,13.3,5.67,6.0,15.67,3.67,2.33
1209,Niké Liga (SK),778460,Mário Hollý,M. Hollý,2000-04-25,42.09,8.59,11.97,14,14,0,124.0,8.86,0.14,0.0,2.79,2.21,13.71,2.36,1.14,3.57,0.71,0.57
1209,Niké Liga (SK),792343,Christos Makrygiannis,C. Makrygiannis,2006-11-13,25.97,7.11,6.31,4,3,1,6.0,2.0,0.0,0.0,1.33,1.0,13.71,0.33,0.33,0.33,0.33,0.0
1209,Niké Liga (SK),793296,Adam Mustapha Yakubu Hassan,Adam Yakubu,2005-02-01,83.84,23.15,19.36,17,17,0,284.0,16.71,0.35,0.0,5.65,5.06,12.18,2.53,0.82,1.82,0.41,0.29
1209,Niké Liga (SK),796518,Dominík Veselý,D. Veselý,2005-01-16,18.0,4.98,2.56,1,1,0,11.0,11.0,0.0,0.0,2.0,2.0,14.06,3.0,0.0,3.0,0.0,0.0
1209,Niké Liga (SK),797362,Giuliano Antonio Marek,G. Marek,2005-03-05,24.52,3.5,7.53,2,2,0,12.0,6.0,0.5,0.0,3.5,3.0,17.54,3.0,0.5,2.0,0.5,0.5
1209,Niké Liga (SK),798000,Mátyás Kovács,M. Kovács,2003-07-07,65.98,17.14,19.28,31,31,0,703.0,22.68,1.1,0.26,7.65,6.19,14.77,7.23,3.65,7.19,2.06,1.42
1209,Niké Liga (SK),798010,Róbert Pillár,R. Pillár,1991-05-27,82.97,18.27,24.44,23,23,0,91.0,3.96,0.0,0.0,1.22,1.09,11.21,0.17,0.17,0.26,0.0,0.0
1209,Niké Liga (SK),809055,Antonio Baždarić,A. Baždarić,2006-01-08,53.12,14.92,12.83,20,20,0,237.0,11.85,0.3,0.0,3.3,2.7,12.87,1.65,1.15,3.85,1.0,0.75
1209,Niké Liga (SK),810389,Timotej Hranica,T. Hranica,2005-05-28,53.47,13.42,14.66,26,25,1,418.0,16.72,0.36,0.16,4.68,3.76,15.02,5.8,1.96,5.4,1.4,1.04
1209,Niké Liga (SK),810425,Fabian Bzdyl,F. Bzdyl,2007-12-02,59.53,15.65,15.18,17,16,1,279.0,17.44,0.75,0.06,5.19,4.62,11.88,1.94,0.81,2.69,1.06,0.88
1209,Niké Liga (SK),810436,Patrik Lukáč,P. Lukáč,1994-12-05,95.64,25.84,25.06,24,24,0,5.0,0.21,0.0,0.0,0.08,0.08,5.04,0.0,0.0,0.0,0.0,0.0
1209,Niké Liga (SK),810439,Vincent Chyla,V. Chyla,2004-01-08,56.94,15.39,15.56,32,28,4,302.0,10.79,0.18,0.0,2.86,2.5,11.4,0.79,0.89,1.68,0.36,0.18
1209,Niké Liga (SK),810440,Samuel Antonio Ramos Linares,Samuel Ramos,2000-08-18,63.98,18.08,15.65,29,28,1,634.0,22.64,0.57,0.04,6.07,4.75,14.7,5.0,3.54,9.29,2.04,1.39
1209,Niké Liga (SK),811990,Idjessi Metsoko,I. Metsoko,2002-03-14,58.12,15.98,13.48,16,13,3,394.0,30.31,1.23,0.23,9.46,5.15,13.9,9.69,6.85,16.69,4.85,2.15
1209,Niké Liga (SK),811991,Lukas Fila,L. Fila,2004-01-07,70.67,16.66,20.84,21,20,1,394.0,19.7,0.5,0.1,6.25,4.1,14.5,5.0,2.7,6.7,2.0,0.9
1209,Niké Liga (SK),812866,Marek Švec,M. Švec,2003-12-31,45.52,11.57,12.65,14,14,0,231.0,16.5,0.36,0.14,5.07,1.79,13.91,4.36,6.86,11.93,3.43,0.79
1209,Niké Liga (SK),812868,Leandro Filipe de Almeida Dornelles,Leandro,2003-01-26,79.61,27.0,13.95,4,4,0,1.0,0.25,0.0,0.0,0.25,0.25,4.23,0.0,0.0,0.0,0.0,0.0
1209,Niké Liga (SK),812951,Alasana Yirajang,A. Yirajang,2004-11-12,40.82,14.34,7.85,20,20,0,337.0,16.85,0.65,0.0,7.25,4.7,14.28,6.75,2.9,6.8,2.35,0.95
1209,Niké Liga (SK),812958,Luka Lemishko,L. Lemishko,2006-08-20,49.51,12.18,12.96,13,12,1,169.0,14.08,0.75,0.25,3.58,2.5,13.45,3.0,2.17,5.75,1.67,1.17
1209,Niké Liga (SK),813200,Maksym Khyminets,M. Khyminets,2006-05-15,39.49,9.26,11.56,11,9,2,119.0,13.22,0.89,0.0,5.22,3.89,16.51,5.0,1.89,4.56,1.67,1.22
1209,Niké Liga (SK),814421,Lukas Domaniský,Lukas Domanisky,2004-08-09,95.6,20.77,29.61,4,4,0,0.0,0.0,0.0,0.0,0.0,0.0,,0.0,0.0,0.0,0.0,0.0
1209,Niké Liga (SK),814598,Martin Mišovič,M. Mišovič,2004-01-22,31.86,7.86,6.61,6,6,0,56.0,9.33,0.33,0.0,4.0,2.33,14.95,4.0,1.5,3.67,1.17,0.5
1209,Niké Liga (SK),818233,Alex  Lajciak,A. Lajciak,2007-12-17,38.17,9.57,10.5,3,3,0,15.0,5.0,0.33,0.0,1.67,1.67,11.67,0.33,0.33,0.33,0.0,0.0
1209,Niké Liga (SK),818939,Matúš Sláviček,M. Sláviček,2003-07-11,105.36,26.25,23.33,3,3,0,1.0,0.33,0.0,0.0,0.0,0.0,4.39,0.0,0.0,0.0,0.0,0.0
1209,Niké Liga (SK),819536,Clement  Ansah,C. Ansah,2005-01-02,5.55,2.04,1.64,1,1,0,0.0,0.0,0.0,0.0,0.0,0.0,,0.0,0.0,0.0,0.0,0.0
1209,Niké Liga (SK),826562,Levente Bősze,L. Bősze,2009-02-18,6.22,1.94,0.66,1,1,0,10.0,10.0,0.0,0.0,1.0,1.0,16.01,1.0,1.0,2.0,0.0,0.0
1209,Niké Liga (SK),826769,Nikolas Brandis,N. Brandis,2005-05-06,77.87,21.91,19.23,22,22,0,312.0,14.18,0.36,0.0,3.5,3.41,13.93,3.5,0.59,2.32,0.09,0.09
1209,Niké Liga (SK),829351,Ganbold Ganbayar,G. Ganbayar,2000-09-03,51.16,11.81,13.89,28,27,1,408.0,15.11,0.7,0.11,5.81,4.3,15.06,4.63,2.04,4.56,1.41,1.04
1209,Niké Liga (SK),839813,Dimitri Jepihhin,D. Jepihhin,2005-10-28,38.95,9.68,9.62,4,4,0,53.0,13.25,1.25,0.25,5.25,3.75,17.98,3.75,3.25,5.5,2.0,1.0
1209,Niké Liga (SK),839839,Rene Rantuša  Lampreht,R. Lampreht,2002-02-22,96.46,21.24,30.89,12,9,3,104.0,11.56,0.44,0.0,3.78,3.11,10.2,1.0,0.44,0.89,0.33,0.33
1209,Niké Liga (SK),840172,Hugo Ahl,H. Ahl,2001-10-16,72.11,18.88,18.8,31,30,1,720.0,24.0,0.93,0.33,8.53,5.33,14.0,6.7,3.43,7.2,2.0,0.9
1209,Niké Liga (SK),840431,Aleksandre Narimanidze,A. Narimanidze,2005-07-03,78.86,18.54,22.39,27,26,1,165.0,6.35,0.12,0.0,2.46,2.35,12.24,0.92,0.15,0.19,0.08,0.08
1209,Niké Liga (SK),841301,Marek Fábry,M. Fábry,1998-08-07,29.0,6.52,8.37,8,8,0,59.0,7.38,0.5,0.12,3.0,1.5,13.35,1.62,3.12,6.0,2.38,1.12
1209,Niké Liga (SK),841302,Peter Juritka,P. Juritka,2004-07-31,27.31,6.77,5.62,6,6,0,64.0,10.67,0.0,0.0,2.17,1.5,12.42,3.33,1.67,5.0,0.83,0.5
1209,Niké Liga (SK),841304,František Kóša,F. Kóša,2006-03-02,19.79,4.71,4.85,13,12,1,83.0,6.92,0.5,0.08,2.83,2.08,14.28,2.08,1.33,3.08,1.25,0.67
1209,Niké Liga (SK),841757,Karlo Miljanić,K. Miljanić,2002-01-02,41.75,10.4,12.18,22,22,0,295.0,13.41,1.09,0.05,5.5,3.36,13.82,4.32,2.86,8.68,3.05,1.77
1209,Niké Liga (SK),841758,Adrian Fiala,A. Fiala,2005-05-02,49.86,13.24,11.56,10,10,0,171.0,17.1,0.9,0.0,6.5,4.3,15.85,4.6,3.0,6.3,2.1,1.0
1209,Niké Liga (SK),841759,Alex Húdok,A. Húdok,2006-05-06,96.33,28.73,21.35,3,3,0,1.0,0.33,0.0,0.0,0.0,0.0,2.57,0.0,0.0,0.0,0.0,0.0
1209,Niké Liga (SK),841760,Hugo Pávek,H. Pávek,2005-06-02,89.24,24.69,21.75,26,26,0,464.0,17.85,0.38,0.08,5.42,4.65,13.62,4.46,1.04,2.31,0.54,0.35
1209,Niké Liga (SK),842072,Nino Kukovec,N. Kukovec,2001-05-06,34.96,7.71,7.66,11,10,1,112.0,11.2,0.5,0.0,3.2,2.1,13.02,2.9,3.2,6.3,1.5,0.8
1209,Niké Liga (SK),846562,Radek Siler,R. Siler,2004-09-10,76.81,20.22,21.48,31,27,4,681.0,25.22,1.48,0.33,8.56,4.7,14.95,8.41,7.07,17.52,4.89,2.3
1209,Niké Liga (SK),852502,Dan Ožvolda,D. Ožvolda,1996-10-11,71.36,17.01,19.24,25,24,1,398.0,16.58,0.38,0.0,4.75,3.33,15.05,4.17,3.21,5.33,1.75,0.83
1209,Niké Liga (SK),852503,Martin Šimko,M. Šimko,1998-05-24,98.46,22.9,27.04,31,31,0,194.0,6.26,0.23,0.0,2.06,1.61,12.43,0.77,1.19,1.77,0.52,0.26
1209,Niké Liga (SK),852504,Šimon Šmehyl,S. Šmehyl,1994-02-09,93.76,22.23,25.8,27,26,1,459.0,17.65,0.77,0.12,6.73,5.77,14.62,3.96,1.35,3.0,0.81,0.58
1209,Niké Liga (SK),852507,Filip Dlubáč,F. Dlubáč,2001-02-15,93.83,21.66,23.83,16,16,0,8.0,0.5,0.0,0.0,0.25,0.25,6.95,0.0,0.0,0.0,0.0,0.0
1209,Niké Liga (SK),852508,Jozef Pastorek,J. Pastorek,1998-09-26,17.0,3.32,3.97,8,8,0,37.0,4.62,0.0,0.0,0.75,0.62,16.54,0.62,0.25,1.88,0.12,0.0
1209,Niké Liga (SK),852509,Christian Emmanuel Nguidjol Bayemi,C. Nguidjol Bayemi,1998-12-25,52.29,12.52,13.9,27,26,1,499.0,19.19,0.85,0.08,8.19,5.5,14.44,7.15,4.62,9.15,2.88,1.77
1209,Niké Liga (SK),852511,Tamás Németh,T. Németh,1999-02-13,30.03,5.88,7.27,5,4,1,20.0,5.0,0.0,0.0,1.75,0.5,16.22,2.25,2.25,3.5,1.5,0.5
1209,Niké Liga (SK),899066,Erlantz  Palacín Alfonso,Erlantz Palacín,2003-02-10,20.01,5.88,5.4,4,3,1,26.0,8.67,0.0,0.0,1.67,1.33,16.35,4.0,0.67,1.67,0.33,0.33
1209,Niké Liga (SK),904468,Tobias Paliscak,T. Paliscak,2007-10-25,84.53,20.92,23.09,19,18,1,222.0,12.33,0.17,0.06,4.0,3.89,13.21,2.83,0.28,0.33,0.06,0.06
1209,Niké Liga (SK),908256,Sebastian Jung,S. Jung,2005-05-04,46.56,13.1,9.36,1,1,0,0.0,0.0,0.0,0.0,0.0,0.0,,0.0,0.0,0.0,0.0,0.0
1209,Niké Liga (SK),919560,Dylann Kam,D. Kam,2004-10-21,54.79,16.16,12.57,24,24,0,455.0,18.96,0.67,0.0,7.83,5.0,16.49,7.75,3.12,5.46,1.54,0.79
1209,Niké Liga (SK),919578,Adam Ravas,A. Ravas,2007-11-27,29.29,7.75,7.93,10,10,0,119.0,11.9,0.3,0.2,2.7,1.6,14.47,3.4,1.2,5.0,1.0,0.5
1209,Niké Liga (SK),920279,Suleman Sani,S. Sani,2006-09-01,76.46,21.34,17.05,12,12,0,216.0,18.0,1.83,0.25,9.5,7.92,15.79,7.33,3.08,6.17,2.92,2.08
1209,Niké Liga (SK),924856,Alexej Maroš,A. Maroš,2008-01-03,26.96,6.9,6.95,1,1,0,13.0,13.0,0.0,0.0,5.0,5.0,10.93,4.0,3.0,3.0,1.0,1.0
1209,Niké Liga (SK),935855,Adam Žulevič,A. Žulevič,2007-09-14,18.76,2.66,7.5,1,1,0,8.0,8.0,0.0,0.0,2.0,1.0,16.13,3.0,3.0,5.0,0.0,0.0
1209,Niké Liga (SK),966910,Tae-rang Park,T. Park,2002-09-04,75.31,18.79,20.18,17,17,0,151.0,8.88,0.0,0.0,2.82,2.65,10.4,0.71,0.24,0.29,0.06,0.0
1209,Niké Liga (SK),968334,Lukáš Prokop ,L. Prokop,2004-10-12,26.82,7.01,6.43,19,18,1,191.0,10.61,0.44,0.11,3.22,1.78,13.98,3.56,1.94,6.72,1.89,0.89
1209,Niké Liga (SK),968387,Martin Jenčuš,M. Jenčuš,2008-01-03,21.35,3.57,5.62,2,2,0,7.0,3.5,0.0,0.0,0.5,0.5,14.98,0.5,0.0,1.0,0.0,0.0
1209,Niké Liga (SK),969722,Karol Blasko,K. Blasko,2007-03-31,27.75,8.74,5.62,9,9,0,86.0,9.56,0.33,0.0,2.33,1.78,15.65,2.78,1.22,4.56,0.78,0.44
1209,Niké Liga (SK),969829,Dominik Mašek,D. Masek,2002-08-01,60.19,12.66,14.25,7,6,1,43.0,7.17,0.0,0.0,3.0,2.5,13.13,2.0,0.33,0.33,0.0,0.0
1209,Niké Liga (SK),970131,Denis Adamkovič,D. Adamkovič,2006-10-25,30.87,7.07,8.95,13,13,0,137.0,10.54,0.46,0.0,3.23,2.46,15.52,3.69,0.62,1.85,0.31,0.23
1209,Niké Liga (SK),970264,Nicholas Theodore Dmitrović,N. Dmitrović,2006-01-09,12.77,3.46,1.45,2,2,0,13.0,6.5,0.0,0.0,0.5,0.0,19.89,1.0,1.5,4.0,0.5,0.0
1209,Niké Liga (SK),971042,Balša Mrvaljević,B. Mrvaljević,2005-09-03,32.56,6.98,9.23,12,9,3,107.0,11.89,0.89,0.22,4.33,2.89,15.97,4.78,2.67,6.22,2.11,1.44
1209,Niké Liga (SK),973262,Zoran Ivanics,Z. Ivanics,2005-09-06,12.95,3.07,3.14,4,3,1,7.0,2.33,0.0,0.0,1.0,0.67,8.67,0.0,0.67,1.33,0.67,0.33
1209,Niké Liga (SK),976065,Orestis Kalemi,O. Kalemi,2006-03-09,39.92,10.88,8.34,9,8,1,97.0,12.12,0.0,0.0,4.0,3.5,11.31,1.25,0.12,1.0,0.25,0.0
1209,Niké Liga (SK),977304,William Francois,W. Francois,2004-12-02,21.9,6.02,5.51,5,5,0,12.0,2.4,0.0,0.0,0.6,0.2,11.06,0.2,0.0,0.0,0.0,0.0
1209,Niké Liga (SK),977611,Severin Tatolna,S. Tatolna,2002-02-10,55.45,14.39,13.55,17,16,1,191.0,11.94,0.25,0.06,4.19,3.0,14.26,3.75,0.88,3.31,0.88,0.62
1209,Niké Liga (SK),979659,Dávid Húska,D. Húska,2003-09-30,93.71,22.12,23.68,15,14,1,3.0,0.21,0.0,0.0,0.14,0.14,8.15,0.0,0.0,0.0,0.0,0.0
1209,Niké Liga (SK),981309,Gia Nadareishvili,G. Nadareishvili,2005-03-03,42.76,11.48,10.9,2,2,0,32.0,16.0,0.0,0.0,1.0,1.0,12.2,1.5,0.0,1.5,0.0,0.0
1209,Niké Liga (SK),982431,Richard Grexa,R. Grexa,2008-02-23,,,,1,0,1,,,,,,,,,,,,
1209,Niké Liga (SK),982432,Fedor Kasana,F. Kasana,2008-04-09,58.37,16.59,13.99,6,6,0,126.0,21.0,0.67,0.0,6.83,2.33,14.55,4.0,4.33,9.33,3.5,0.83
1209,Niké Liga (SK),988565,Jakub Řehák,J. Řehák,2007-03-15,6.49,2.18,1.48,3,3,0,10.0,3.33,0.0,0.0,0.0,0.0,16.46,1.0,0.67,2.33,0.0,0.0
1209,Niké Liga (SK),989572,Glebs Patika,G. Patika,2004-11-09,34.05,5.61,11.79,2,2,0,26.0,13.0,1.0,0.0,4.0,3.0,14.76,4.0,2.5,9.0,3.5,3.0
1209,Niké Liga (SK),989887,Andrii Havrylenko,A. Havrylenko,2000-08-17,50.72,13.93,12.87,21,19,2,370.0,19.47,0.84,0.0,6.63,5.0,13.61,4.63,2.26,6.47,2.0,1.42
1209,Niké Liga (SK),989888,Matej Jurička,M. Jurička,2005-08-11,97.79,26.98,26.81,22,19,3,8.0,0.42,0.0,0.0,0.21,0.21,6.0,0.0,0.0,0.0,0.0,0.0
1209,Niké Liga (SK),998218,Marek Okál,M. Okál,2008-11-07,85.79,22.31,23.15,6,5,1,58.0,11.6,0.2,0.0,3.8,3.6,11.12,2.0,0.2,0.4,0.0,0.0
1209,Niké Liga (SK),998227,Martin Bačík,M. Bačík,2007-03-07,55.35,12.77,15.23,28,27,1,374.0,13.85,0.44,0.0,4.52,2.85,15.05,3.33,1.41,4.15,0.89,0.63
1209,Niké Liga (SK),998228,Nathan Udvaros,N. Udvaros,2007-09-17,34.27,10.43,7.9,19,19,0,273.0,14.37,0.16,0.0,2.89,2.16,12.25,1.84,1.47,4.26,0.63,0.32
1209,Niké Liga (SK),998303,Abbati Abdullahi,A. Abdullahi,2006-01-03,83.68,17.35,24.37,13,12,1,272.0,22.67,1.75,0.17,9.75,7.08,15.46,8.83,3.58,9.42,2.92,1.92
1209,Niké Liga (SK),998943,Matej Jakúbek,M. Jakúbek,1995-01-19,86.74,22.96,23.51,18,17,1,379.0,22.29,1.06,0.24,7.12,6.41,12.97,2.47,1.71,4.47,1.12,0.88
1209,Niké Liga (SK),999065,Alioune Sylla,Alioune Sylla,2003-01-25,44.65,12.44,10.41,30,29,1,502.0,17.31,0.69,0.03,5.17,3.76,13.86,4.1,2.83,5.66,1.41,0.72
1209,Niké Liga (SK),999209,Rhyan Modesto de Oliveira Galdino,Rhyan,2003-01-08,52.92,14.85,12.83,19,18,1,229.0,12.72,0.11,0.06,4.06,3.67,12.94,3.33,0.72,1.83,0.33,0.28
1209,Niké Liga (SK),999697,Sidoine Chounkwi Fogning,S. Chounkwi Fogning,2001-11-11,84.73,29.5,19.81,4,4,0,50.0,12.5,0.0,0.0,5.25,5.25,10.07,1.25,0.0,0.0,0.0,0.0
1209,Niké Liga (SK),999799,Michal Domik,M. Domik,2003-03-28,52.47,15.22,12.7,7,7,0,174.0,24.86,0.29,0.0,6.14,4.29,13.85,6.0,2.43,9.0,2.14,1.14
1209,Niké Liga (SK),1002391,Michal Kováčik,M. Kováčik,2006-04-06,28.08,8.96,7.14,1,1,0,0.0,0.0,0.0,0.0,0.0,0.0,,0.0,0.0,0.0,0.0,0.0
1209,Niké Liga (SK),1002966,Abdoulaye Gueye,A. Gueye,2005-05-23,31.93,8.07,6.97,20,19,1,215.0,11.32,0.26,0.0,3.16,2.05,14.56,3.95,2.84,4.89,1.11,0.37
1209,Niké Liga (SK),1005715,Patrik Jevos,P. Jevos,2007-08-20,40.06,9.32,7.98,9,8,1,69.0,8.62,0.0,0.0,3.25,2.75,16.11,3.25,1.75,3.0,1.25,1.0
1209,Niké Liga (SK),1008197,Pa Assan Corr,P. Corr,2005-12-26,31.82,9.25,7.82,8,7,1,70.0,10.0,0.29,0.29,3.43,2.14,13.0,1.86,2.71,5.29,1.71,0.71
1209,Niké Liga (SK),1009039,Luka Khorkheli,L. Khorkheli,2000-01-31,43.88,12.74,10.04,24,21,3,378.0,18.0,0.62,0.1,5.38,3.81,12.82,3.57,2.86,7.38,1.71,1.05
1209,Niké Liga (SK),1009151,Szűcs Patrik Péter,S. Patrik Péter,2005-08-04,31.46,6.92,6.94,9,9,0,91.0,10.11,0.44,0.0,3.44,2.22,14.1,2.89,1.11,3.11,0.67,0.0
1209,Niké Liga (SK),1015127,Issah Mohammed,I. Mohammed,2006-04-06,48.13,17.64,9.04,1,1,0,10.0,10.0,0.0,0.0,7.0,7.0,11.97,3.0,0.0,0.0,0.0,0.0
1209,Niké Liga (SK),1017998,Timotej Kudlička,T. Kudlička,2003-08-19,55.6,14.76,13.14,30,27,3,620.0,22.96,1.41,0.22,8.07,5.11,13.65,6.37,5.67,11.96,3.74,2.07
1209,Niké Liga (SK),1019582,Rayan Elie Ouattara Guibero,R. Guibero,2004-05-08,57.48,13.98,13.75,4,4,0,76.0,19.0,0.5,0.0,6.75,3.75,13.97,7.25,4.75,7.75,2.25,1.0
1209,Niké Liga (SK),1019583,Jakub Palan,J. Palan,2006-06-08,36.34,8.91,10.21,14,13,1,116.0,8.92,0.08,0.08,3.69,2.62,15.41,3.38,0.92,2.69,0.85,0.31
1209,Niké Liga (SK),1020468,Tomas Buchvaldek,T. Buchvaldek,2002-10-12,36.67,6.82,11.91,8,8,0,65.0,8.12,0.25,0.0,2.0,1.5,13.18,2.12,0.75,3.12,0.25,0.12
1209,Niké Liga (SK),1020507,Mohammed Sallah,M. Sallah,2006-02-17,21.49,5.71,5.54,7,6,1,19.0,3.17,0.0,0.0,1.67,1.5,14.1,0.17,0.0,0.33,0.17,0.0
1209,Niké Liga (SK),1020574,Ousman Kujabi,O. Kujabi,2005-11-19,29.01,8.52,6.97,20,19,1,207.0,10.89,0.32,0.11,3.58,1.63,15.08,4.37,2.32,5.68,1.47,0.63
1209,Niké Liga (SK),1020575,Muhammed Dumbuya,M. Dumbuya,2007-03-19,21.77,7.32,5.5,4,4,0,55.0,13.75,0.0,0.0,5.0,3.75,11.87,2.5,1.5,4.75,1.25,0.75
1209,Niké Liga (SK),1020795,Boris Gáll,B. Gáll,1994-04-27,28.17,7.07,6.17,10,10,0,63.0,6.3,0.3,0.0,1.7,1.4,14.89,2.1,0.7,2.4,0.5,0.3
1209,Niké Liga (SK),1020796,Jozef Menich,J. Menich,1994-09-15,92.76,22.08,26.15,18,18,0,115.0,6.39,0.17,0.0,2.67,2.22,9.75,0.61,0.33,0.44,0.28,0.17
1209,Niké Liga (SK),1020797,Roman Begala,R. Begala,1999-07-18,91.82,21.83,25.97,31,31,0,580.0,18.71,0.52,0.06,5.35,4.16,13.13,4.19,2.13,6.29,1.55,0.97
1209,Niké Liga (SK),1020798,Denis Potoma,D. Potoma,2000-02-15,58.8,11.4,22.18,2,2,0,16.0,8.0,0.0,0.0,0.5,0.5,13.78,1.5,0.5,1.5,0.0,0.0
1209,Niké Liga (SK),1020799,Adrián Knurovský,A. Knurovský,1996-11-08,95.37,21.98,25.39,2,2,0,1.0,0.5,0.0,0.0,0.0,0.0,5.14,0.0,0.0,0.0,0.0,0.0
1209,Niké Liga (SK),1020908,Vasileios Theofanopoulos,V. Theofanopoulos,2007-08-05,32.46,6.39,7.54,5,5,0,54.0,10.8,0.4,0.2,3.2,2.0,16.48,2.8,2.2,6.0,1.6,0.8
1209,Niké Liga (SK),1023408,Kai Brosnan,K. Brosnan,2002-04-28,58.82,16.27,16.02,29,28,1,623.0,22.25,1.11,0.11,8.82,5.93,14.13,7.29,3.25,8.0,2.25,1.32
1209,Niké Liga (SK),1028088,Patrik Baleja,P. Baleja,2007-07-23,14.31,3.58,3.28,3,3,0,23.0,7.67,0.0,0.0,2.33,2.0,11.3,1.0,0.67,2.33,0.33,0.0
1209,Niké Liga (SK),1028089,Teodor Staník,T. Staník,2006-04-17,19.33,3.99,4.53,1,1,0,3.0,3.0,0.0,0.0,1.0,1.0,16.6,2.0,1.0,1.0,0.0,0.0
1209,Niké Liga (SK),1028149,Adrian Petic,A. Petic,2007-10-11,7.43,1.41,2.64,1,1,0,6.0,6.0,0.0,0.0,1.0,1.0,19.2,4.0,2.0,2.0,0.0,0.0
1209,Niké Liga (SK),1028966,Shakhmurza Adyrbekov,S. Adyrbekov,2006-07-05,37.34,9.22,9.2,10,10,0,135.0,13.5,0.1,0.0,3.0,2.1,15.06,4.2,3.5,5.6,1.1,0.7
1209,Niké Liga (SK),1029670,Filip Kalanin,F. Kalanin,2009-08-30,96.39,23.34,28.87,3,3,0,0.0,0.0,0.0,0.0,0.0,0.0,,0.0,0.0,0.0,0.0,0.0
1209,Niké Liga (SK),1029682,Viktor Šimić,V. Šimić,2005-10-14,41.58,11.17,12.86,3,3,0,19.0,6.33,0.0,0.0,2.0,1.33,12.01,0.67,0.0,1.67,0.0,0.0
1209,Niké Liga (SK),1030209,Patrik Filippov,P. Filippov,2007-09-17,8.85,3.26,2.44,1,1,0,4.0,4.0,0.0,0.0,1.0,1.0,10.25,0.0,0.0,1.0,0.0,0.0
1209,Niké Liga (SK),1032250,Artur Ukhan,A. Ukhan,2007-08-24,8.96,1.77,2.24,3,3,0,9.0,3.0,0.0,0.0,2.0,1.33,14.27,0.33,0.33,0.67,0.33,0.0
1209,Niké Liga (SK),1032863,Sande Rachid Barro,S. Rachid Barro,,11.61,1.3,3.78,3,3,0,3.0,1.0,0.0,0.0,0.0,0.0,17.45,0.33,0.0,0.33,0.0,0.0
1209,Niké Liga (SK),1034548,Tomas Durko,T. Durko,2009-03-15,78.7,20.05,21.72,11,11,0,74.0,6.73,0.0,0.0,2.45,2.36,11.32,0.73,0.09,0.18,0.09,0.09
1209,Niké Liga (SK),1034550,Julien Eymard Bationo,J. Bationo,2005-10-12,68.31,17.41,17.16,12,12,0,185.0,15.42,0.33,0.0,3.92,3.25,12.78,3.33,0.75,2.58,0.67,0.33
1209,Niké Liga (SK),1036916,Dávid  Griger,D. Griger,2007-01-01,8.64,1.94,1.41,2,2,0,5.0,2.5,0.0,0.0,1.0,1.0,14.82,1.0,0.5,1.5,0.5,0.5
1209,Niké Liga (SK),1036919,Adam Labo,A. Labo,2008-07-16,63.29,21.14,17.75,2,2,0,67.0,33.5,1.0,0.0,8.5,5.5,13.46,8.5,4.5,11.5,1.0,1.0
1209,Niké Liga (SK),1036935,Milan Polča,M. Polča,2007-02-27,18.47,4.74,5.72,4,4,0,35.0,8.75,0.25,0.0,2.5,1.75,14.12,1.75,1.25,4.5,0.75,0.75
1209,Niké Liga (SK),1046353,Daniel Homet Ruiz,D. Homet,1999-07-07,53.15,13.16,13.88,5,5,0,82.0,16.4,0.4,0.2,6.0,2.8,14.12,6.2,2.8,8.2,3.2,1.4
1209,Niké Liga (SK),1047136,Michal Duraj,M. Duraj,2009-08-01,27.88,4.86,8.38,3,3,0,31.0,10.33,0.0,0.0,2.67,1.67,13.85,2.33,0.67,3.67,1.33,0.33
1209,Niké Liga (SK),1050207,Patrik Daněk,P. Daněk,2001-10-02,59.53,17.39,12.74,7,7,0,195.0,27.86,0.43,0.0,9.57,5.0,14.23,9.43,5.0,12.14,3.0,1.14
1209,Niké Liga (SK),1051598,Boris Druga,B. Druga,2002-03-25,41.62,11.22,9.69,7,7,0,113.0,16.14,0.14,0.14,6.86,4.86,15.27,6.57,2.14,6.43,1.86,1.0
1209,Niké Liga (SK),1051624,Philip Onyedika,P. Onyedika,2006-01-18,31.46,6.72,7.58,10,10,0,118.0,11.8,0.2,0.0,3.6,1.8,13.65,3.1,2.5,6.4,2.0,0.9
1209,Niké Liga (SK),1058402,Jakub  Marko,J. Marko,2007-06-26,9.56,2.29,4.42,1,1,0,11.0,11.0,0.0,0.0,5.0,3.0,13.67,3.0,1.0,3.0,1.0,1.0
1209,Niké Liga (SK),1058998,Nentaka Danjuma Bangs,N. Bangs,2006-04-04,23.58,7.21,4.98,5,5,0,38.0,7.6,0.2,0.0,3.0,2.0,19.18,3.4,1.6,3.0,0.8,0.6
1209,Niké Liga (SK),1058999,Papa Mamadou Diouf,P. Mamadou Diouf,2006-01-03,89.96,24.89,20.91,10,10,0,93.0,9.3,0.1,0.0,3.5,3.3,12.6,1.1,0.3,0.4,0.0,0.0
1209,Niké Liga (SK),1064232,Jurij Medvedev,J. Medvedev,1996-06-18,86.91,23.82,20.98,9,9,0,224.0,24.89,1.22,0.11,8.56,6.89,13.13,4.89,1.67,5.0,1.33,1.33
1209,Niké Liga (SK),1066197,Jakub peter Bamburak,J. Bamburak,2007-06-29,9.82,1.99,1.22,1,1,0,4.0,4.0,0.0,0.0,2.0,0.0,12.74,0.0,0.0,2.0,2.0,0.0
1209,Niké Liga (SK),1066603,Fallou Diongue,F. Diongue,2007-01-20,82.67,19.69,19.38,5,4,1,105.0,26.25,0.0,0.0,6.25,5.75,12.02,5.75,0.0,2.25,0.75,0.5
1209,Niké Liga (SK),1067949,Viliam Vrábel,V. Vrábel,2008-02-20,16.7,4.48,6.05,1,1,0,2.0,2.0,0.0,0.0,2.0,2.0,14.84,0.0,0.0,1.0,1.0,1.0
