competition_edition,league,player_id,player_name,player_short_name,player_birthdate,minutes,minutes_tip,minutes_otip,performance_count,performance_included_count,performance_failed_count,optionoffered_count_total,optionoffered_count,optionoffered_count_targeted,optionoffered_count_received,optionoffered_count_shotwithin10s,optionoffered_count_goalwithin10s,optionoffered_count_linebreak,optionoffered_count_dangerous,optionoffered_count_inspace,optionoffered_count_wide,optionoffered_count_insidedefensiveshape,optionoffered_count_outsidedefensiveshape,optionoffered_count_penaltyarea,optionoffered_count_penaltyarea_received,optionoffered_count_penaltyarea_shotwithin10s,optionoffered_count_penaltyarea_goalwithin10s
1189,Superliga (DK),173,Adam Buksa,A. Buksa,1996-07-12,80.04,21.9,16.31,3,3,0,279.0,93.0,24.33,11.67,2.33,0.67,25.67,36.33,4.67,12.33,78.67,14.33,20.67,1.33,0.67,0.0
1189,Superliga (DK),2217,Daniel Mathias Høegh,D. Høegh,1991-01-06,95.16,27.8,28.71,30,28,2,2852.0,101.86,43.79,42.54,0.32,0.0,1.0,2.32,42.68,17.32,5.96,95.89,2.29,0.25,0.11,0.0
1189,Superliga (DK),2252,Daniel Wass,D. Wass,1989-05-31,61.92,16.53,18.12,26,25,1,1987.0,79.48,22.08,20.6,1.6,0.08,11.2,7.24,17.44,17.64,56.48,23.0,2.52,0.28,0.16,0.0
1189,Superliga (DK),4286,Henrik Dalsgaard,H. Dalsgaard,1989-07-27,82.86,24.76,21.32,32,32,0,2987.0,93.34,37.25,36.22,0.41,0.12,0.44,2.75,37.78,12.09,4.38,88.97,2.62,0.09,0.09,0.0
1189,Superliga (DK),4830,Jay-Roy Grot,J. Grot,1998-03-13,78.98,22.8,22.9,29,28,1,2937.0,104.89,27.75,14.89,1.93,0.36,32.5,35.86,5.32,19.11,78.43,26.46,15.89,1.61,0.64,0.11
1189,Superliga (DK),4983,Jesper Hansen,J. Hansen,1985-03-31,99.16,29.88,25.75,30,30,0,1494.0,49.8,14.7,14.67,0.0,0.0,0.0,0.0,15.1,0.0,0.03,49.77,0.0,0.0,0.0,0.0
1189,Superliga (DK),5224,Jonas Lössl,J. Lössl,1989-02-01,102.62,26.58,28.04,5,5,0,264.0,52.8,19.4,19.0,0.2,0.0,0.0,0.0,20.6,0.0,0.0,52.8,0.0,0.0,0.0,0.0
1189,Superliga (DK),5334,Jordi Vanlerberghe,J. Vanlerberghe,1996-06-27,59.65,17.64,17.63,15,14,1,1025.0,73.21,26.07,25.14,0.64,0.0,1.79,1.86,25.93,28.36,5.93,67.29,1.21,0.29,0.0,0.0
1189,Superliga (DK),5843,Kevin Mbabu,K. Mbabu,1995-04-19,54.61,15.37,14.0,25,25,0,1564.0,62.56,21.72,20.0,0.6,0.0,6.84,2.76,19.08,47.32,5.12,57.44,1.72,0.32,0.04,0.0
1189,Superliga (DK),5899,Kian Hansen,K. Hansen,1989-03-03,41.06,14.33,11.22,5,5,0,379.0,75.8,35.8,35.6,0.2,0.0,0.2,0.4,35.8,8.0,0.8,75.0,0.4,0.2,0.2,0.0
1189,Superliga (DK),6058,Lasse Nielsen,L. Nielsen,1988-01-08,96.56,25.81,28.45,27,27,0,2426.0,89.85,33.44,32.33,0.3,0.0,0.93,2.26,32.7,18.44,7.78,82.07,1.93,0.19,0.11,0.0
1189,Superliga (DK),7040,Martin Hansen,M. Hansen,1990-06-15,102.02,26.1,29.0,3,3,0,149.0,49.67,16.33,16.0,0.0,0.0,0.0,0.0,16.67,0.0,0.0,49.67,0.0,0.0,0.0,0.0
1189,Superliga (DK),7157,Mathias Jattah-Njie Jørgensen,M. Jørgensen,1990-04-23,102.19,31.83,24.87,12,12,0,1340.0,111.67,47.17,45.92,0.33,0.0,0.58,2.67,46.5,11.08,6.92,104.75,2.75,0.25,0.0,0.0
1189,Superliga (DK),7429,Michael Gregoritsch,M. Gregoritsch,1994-04-18,39.0,10.99,10.86,11,11,0,543.0,49.36,12.27,6.64,1.0,0.0,13.82,20.0,3.55,5.91,39.36,10.0,9.73,0.91,0.45,0.0
1189,Superliga (DK),8352,Pantelis Hatzidiakos,P. Hatzidiakos,1997-01-18,85.62,28.28,21.27,28,28,0,3358.0,119.93,52.36,51.71,0.61,0.0,1.04,1.18,53.04,20.29,4.82,115.11,1.11,0.21,0.11,0.0
1189,Superliga (DK),9624,Sean Klaiber,S. Klaiber,1994-07-31,95.01,27.65,27.71,13,13,0,1562.0,120.15,44.38,42.08,1.77,0.15,10.23,9.69,39.08,63.38,21.85,98.31,3.85,0.23,0.08,0.0
1189,Superliga (DK),10454,Tom Trybull,T. Trybull,1993-03-09,9.12,4.45,1.84,1,1,0,19.0,19.0,12.0,11.0,1.0,0.0,1.0,2.0,10.0,2.0,6.0,13.0,2.0,1.0,1.0,0.0
1189,Superliga (DK),10839,Wessel Dammers,W. Dammers,1995-03-01,97.0,28.01,29.65,32,30,2,3038.0,101.27,47.97,46.87,0.3,0.0,0.6,2.17,47.87,12.23,5.8,95.47,1.93,0.13,0.0,0.0
1189,Superliga (DK),11192,Thomas Delaney,T. Delaney,1991-09-03,54.56,17.3,13.86,22,22,0,1850.0,84.09,24.73,23.41,0.95,0.09,11.68,4.68,20.41,18.95,53.05,31.05,2.23,0.14,0.05,0.05
1189,Superliga (DK),11193,Andreas Cornelius,A. Cornelius,1993-03-16,49.87,14.43,11.62,18,18,0,1055.0,58.61,18.72,9.78,1.61,0.06,20.44,28.72,2.0,5.56,41.72,16.89,12.67,1.72,0.83,0.06
1189,Superliga (DK),11491,Viktor Claesson,V. Claesson,1992-01-02,49.99,16.94,12.2,30,30,0,2519.0,83.97,19.83,14.17,1.57,0.27,32.17,26.53,7.77,16.27,72.03,11.93,11.13,1.17,0.43,0.2
1189,Superliga (DK),11509,Lukas Lerager,L. Lerager,1993-07-12,76.97,26.9,18.79,17,17,0,2013.0,118.41,30.35,27.94,1.53,0.12,20.53,10.71,22.71,19.71,79.29,39.12,4.0,0.59,0.24,0.0
1189,Superliga (DK),11538,Patrick Pentz,P. Pentz,1997-01-02,99.39,27.79,28.46,31,30,1,1335.0,44.5,16.93,16.7,0.0,0.0,0.0,0.0,17.17,0.03,0.07,44.43,0.0,0.0,0.0,0.0
1189,Superliga (DK),11640,Philip Billing,P. Billing,1996-06-11,86.2,25.43,20.05,20,20,0,2142.0,107.1,27.25,23.9,1.15,0.15,23.4,10.6,19.4,27.5,74.7,32.4,5.75,0.35,0.2,0.0
1189,Superliga (DK),11956,Rúnar Alex Rúnarsson,R. Rúnarsson,1995-02-18,101.52,31.08,25.86,2,2,0,90.0,45.0,17.5,16.5,0.0,0.0,0.0,0.0,17.5,0.0,0.0,45.0,0.0,0.0,0.0,0.0
1189,Superliga (DK),12026,Birger Solberg Meling,B. Meling,1994-12-17,53.27,16.42,13.59,18,18,0,1355.0,75.28,23.11,21.72,1.06,0.06,9.06,8.72,20.28,51.67,8.5,66.78,3.33,0.67,0.28,0.06
1189,Superliga (DK),12642,Mohamed Amine Elyounoussi,M. Elyounoussi,1994-08-04,89.12,28.12,22.18,30,30,0,3933.0,131.1,38.4,29.5,3.53,0.57,44.07,35.07,18.83,29.0,98.57,32.53,12.1,1.4,0.63,0.13
1189,Superliga (DK),12675,Emmanuel Bonaventure Dennis,E. Dennis,1997-11-15,47.56,12.94,10.81,11,10,1,578.0,57.8,17.1,10.1,1.2,0.0,17.6,25.0,3.9,9.6,38.4,19.4,14.4,1.5,0.7,0.0
1189,Superliga (DK),12881,Peter Ankersen,P. Ankersen,1990-09-22,93.21,32.34,24.85,30,29,1,4971.0,171.41,61.55,58.97,2.21,0.34,12.9,9.48,57.62,107.62,11.07,160.34,3.79,0.48,0.24,0.1
1189,Superliga (DK),12885,Rasmus Falk Jensen,R. Falk,1992-01-15,97.1,28.38,27.49,29,28,1,4187.0,149.54,51.11,48.36,1.86,0.25,17.11,7.61,40.93,41.46,95.54,54.0,2.68,0.36,0.14,0.0
1189,Superliga (DK),13292,Mikkel Duelund,M. Duelund,1997-06-29,66.65,16.68,21.14,25,25,0,1998.0,79.92,21.84,15.56,2.0,0.4,23.2,22.08,9.96,23.8,56.84,23.08,7.32,0.92,0.52,0.08
1189,Superliga (DK),13484,Dominik Kotarski,D. Kotarski,2000-02-10,100.63,32.44,25.07,31,31,0,1504.0,48.52,17.42,17.16,0.0,0.0,0.0,0.0,17.68,0.03,0.0,48.52,0.0,0.0,0.0,0.0
1189,Superliga (DK),13547,Oliver Olsen,O. Olsen,2000-08-13,95.01,27.22,30.23,17,16,1,1929.0,120.56,40.06,35.38,1.94,0.12,21.44,10.25,32.5,91.5,18.94,101.62,6.31,0.94,0.56,0.06
1189,Superliga (DK),13923,Andrew Hjulsager,A. Hjulsager,1995-01-15,69.81,19.13,20.24,24,24,0,2422.0,100.92,28.0,21.83,1.83,0.17,27.17,15.25,15.88,41.12,70.92,30.0,5.96,0.71,0.25,0.0
1189,Superliga (DK),14272,Tim Freriks,T. Freriks,1998-10-02,56.39,16.0,17.53,23,23,0,1473.0,64.04,17.17,8.83,0.91,0.17,19.3,26.22,2.09,8.3,49.91,14.13,12.52,0.65,0.26,0.17
1189,Superliga (DK),14294,Leeroy Owusu,L. Owusu,1996-08-13,90.95,26.77,26.09,32,31,1,3979.0,128.35,45.42,41.77,2.42,0.26,23.03,8.03,39.16,95.84,17.97,110.39,3.48,0.65,0.26,0.03
1189,Superliga (DK),14314,Mees Hoedemakers,M. Hoedemakers,1998-02-18,33.14,9.3,9.49,19,19,0,848.0,44.63,12.26,11.21,0.53,0.0,8.11,4.68,8.63,8.58,33.11,11.53,2.05,0.26,0.16,0.0
1189,Superliga (DK),14628,Aurélio Gabriel Ulineia Buta,Aurélio Buta,1997-02-10,50.91,14.06,13.19,12,12,0,699.0,58.25,17.42,15.83,0.58,0.08,12.5,7.25,13.75,38.17,8.75,49.5,2.83,0.92,0.25,0.08
1189,Superliga (DK),14729,Tobias Salquist Nielsen,T. Salquist,1995-05-18,92.34,31.71,25.05,29,28,1,4373.0,156.18,57.82,56.89,0.57,0.04,0.86,1.57,58.71,12.11,5.39,150.79,1.39,0.11,0.07,0.0
1189,Superliga (DK),15863,German Onugkha,G. Onugkha,1996-07-06,14.36,7.69,2.47,1,1,0,29.0,29.0,8.0,5.0,1.0,0.0,10.0,16.0,0.0,4.0,19.0,10.0,9.0,2.0,1.0,0.0
1189,Superliga (DK),16274,Stephen Odey,S. Odey,1998-01-15,18.94,6.04,4.48,6,6,0,206.0,34.33,9.67,7.17,0.67,0.0,9.83,11.83,4.33,6.0,26.5,7.83,5.83,0.5,0.17,0.0
1189,Superliga (DK),16383,Patrick Mortensen,P. Mortensen,1989-07-13,76.56,23.88,19.23,32,32,0,2946.0,92.06,20.5,9.88,1.75,0.31,25.91,42.56,2.84,8.75,72.97,19.09,23.59,1.88,1.03,0.25
1189,Superliga (DK),16434,Mads Hedenstad Christiansen,M. Hedenstad,2000-10-21,104.36,32.23,22.34,1,1,0,87.0,87.0,18.0,18.0,0.0,0.0,0.0,0.0,18.0,0.0,0.0,87.0,0.0,0.0,0.0,0.0
1189,Superliga (DK),16436,Jens Martin Gammelby,J. Gammelby,1995-02-05,97.39,28.79,33.98,32,31,1,4154.0,134.0,42.87,38.77,2.13,0.29,25.29,8.58,35.65,107.19,9.1,124.9,3.48,0.48,0.26,0.03
1189,Superliga (DK),16441,Mikael Uhre,M. Uhre,1994-09-30,42.23,11.56,8.18,6,6,0,281.0,46.83,11.5,4.5,0.33,0.0,15.0,18.33,1.83,7.33,32.67,14.17,10.0,0.67,0.17,0.0
1189,Superliga (DK),16466,Nicolai Larsen,N. Larsen,1991-03-09,97.34,28.64,34.06,31,30,1,1599.0,53.3,13.67,13.5,0.0,0.0,0.0,0.0,13.9,0.07,0.13,53.17,0.0,0.0,0.0,0.0
1189,Superliga (DK),16473,Jonathan Amon,J. Amon,1999-04-30,23.59,6.37,5.85,10,10,0,253.0,25.3,6.7,4.0,0.4,0.0,8.0,7.0,2.6,12.2,10.6,14.7,2.5,0.2,0.0,0.0
1189,Superliga (DK),16499,Edward Chilufya,E. Chilufya,1999-09-17,36.58,10.65,9.07,12,12,0,491.0,40.92,10.08,5.92,0.67,0.17,14.5,15.17,3.0,7.67,26.75,14.17,7.92,0.58,0.17,0.08
1189,Superliga (DK),16519,Kevin Enkido Yakob,K. Yakob,2000-10-10,59.64,17.94,14.69,26,26,0,2348.0,90.31,25.12,22.92,1.96,0.31,18.38,11.31,17.08,23.08,68.08,22.23,6.0,0.65,0.15,0.04
1189,Superliga (DK),17310,Marko Divković,M. Divković,1999-06-11,87.58,24.04,25.15,30,29,1,2956.0,101.93,35.38,30.45,2.69,0.24,21.03,12.9,26.45,72.83,17.76,84.17,5.21,0.79,0.48,0.03
1189,Superliga (DK),17412,Alexi Pitu,A. Pitu,2002-06-05,24.41,6.27,7.77,8,8,0,235.0,29.38,6.75,5.62,0.5,0.0,7.88,5.5,3.5,11.12,21.38,8.0,2.5,0.5,0.0,0.0
1189,Superliga (DK),18579,Ben Godfrey,B. Godfrey,1998-01-15,101.98,24.35,27.95,12,11,1,861.0,78.27,24.55,23.27,0.36,0.0,0.91,3.91,24.0,13.36,6.55,71.73,3.91,0.27,0.18,0.0
1189,Superliga (DK),18662,Kristian Pedersen,K. Pedersen,1994-08-04,19.47,3.2,7.33,6,6,0,46.0,7.67,0.83,0.83,0.0,0.0,0.33,0.0,1.0,3.33,1.17,6.5,0.0,0.0,0.0,0.0
1189,Superliga (DK),18956,Mads Bech Sørensen,M. Bech,1999-01-07,96.67,27.54,22.66,29,29,0,2872.0,99.03,36.03,34.97,0.59,0.17,1.21,3.0,35.76,31.38,6.03,93.0,2.59,0.24,0.1,0.03
1189,Superliga (DK),19068,Felix Beijmo,F. Beijmo,1998-01-31,95.53,28.72,24.43,32,32,0,4369.0,136.53,46.78,43.91,2.16,0.06,9.53,7.44,42.66,73.53,12.72,123.81,3.62,0.41,0.12,0.0
1189,Superliga (DK),19077,Jean-Manuel Mbom,J. Mbom,2000-02-24,77.18,21.22,22.59,23,23,0,2187.0,95.09,29.7,27.26,1.13,0.17,12.04,6.3,25.78,64.04,10.39,84.7,3.0,0.3,0.13,0.0
1189,Superliga (DK),19132,Andreas Poulsen,A. Poulsen,1999-10-13,85.29,25.49,29.05,24,24,0,2371.0,98.79,34.42,31.92,1.75,0.12,16.92,7.21,30.29,77.96,7.5,91.29,1.29,0.25,0.0,0.0
1189,Superliga (DK),19366,Jann-Fiete Arp,J. Arp,2000-01-06,82.0,23.14,23.76,30,29,1,3178.0,109.59,30.17,24.52,2.34,0.17,36.9,19.0,16.03,44.55,72.07,37.52,5.97,1.17,0.28,0.03
1189,Superliga (DK),19485,Janni Serra,J. Serra,1998-03-13,31.87,8.56,8.8,20,20,0,758.0,37.9,10.1,5.15,0.6,0.15,11.5,13.0,1.85,5.8,31.0,6.9,6.7,0.55,0.45,0.15
1189,Superliga (DK),19888,Martin Erlić,M. Erlić,1998-01-24,86.68,25.05,18.86,18,18,0,1496.0,83.11,27.5,26.72,0.28,0.0,1.17,4.22,27.28,4.06,8.17,74.94,4.11,0.33,0.17,0.0
1189,Superliga (DK),20040,Bartosz Slisz,B. Slisz,1999-03-29,101.69,25.37,27.74,14,14,0,1585.0,113.21,33.43,30.57,1.71,0.0,12.71,8.71,26.57,20.5,72.93,40.29,2.64,0.36,0.07,0.0
1189,Superliga (DK),23178,Nicolas Bürgy,N. Bürgy,1995-08-07,95.56,27.8,27.62,28,28,0,3596.0,128.43,52.54,50.89,0.61,0.11,3.07,3.71,50.68,39.04,13.57,114.86,3.0,0.25,0.14,0.0
1189,Superliga (DK),23507,Daníel Leó Grétarsson,D. Grétarsson,1995-10-02,86.9,21.44,28.01,27,24,3,1941.0,80.88,32.08,30.12,1.04,0.08,6.5,4.17,28.96,55.21,6.33,74.54,1.88,0.21,0.08,0.0
1189,Superliga (DK),23927,Paul Izzo,P. Izzo,1995-01-06,97.98,28.7,30.48,26,25,1,1133.0,45.32,15.96,15.88,0.04,0.0,0.0,0.0,16.2,0.0,0.04,45.28,0.0,0.0,0.0,0.0
1189,Superliga (DK),24884,Stefan Velkov,S. Velkov,1996-12-12,98.5,24.85,29.61,20,20,0,1632.0,81.6,31.7,29.95,0.3,0.05,2.05,3.25,29.5,13.45,9.6,72.0,2.3,0.6,0.15,0.05
1189,Superliga (DK),25041,Mats Köhlert,M. Köhlert,1998-05-02,81.74,24.28,23.88,21,20,1,2230.0,111.5,41.1,36.65,1.45,0.1,22.9,10.1,34.65,86.35,10.9,100.6,3.6,0.3,0.05,0.0
1189,Superliga (DK),26175,Lucas Lissens,L. Lissens,2001-07-25,51.69,13.45,16.74,15,14,1,799.0,57.07,24.21,22.57,0.86,0.14,4.07,3.36,21.71,30.0,6.07,51.0,1.57,0.14,0.07,0.0
1189,Superliga (DK),26221,Jordan Larsson,J. Larsson,1997-06-20,79.1,24.86,19.73,33,33,0,3831.0,116.09,32.73,25.48,3.15,0.58,37.15,24.61,18.7,57.21,49.91,66.18,8.79,0.91,0.27,0.09
1189,Superliga (DK),26781,Rami Al Hajj,R. Al Hajj,2001-09-17,46.14,14.07,15.71,22,21,1,1578.0,75.14,24.1,21.1,1.33,0.05,21.05,10.38,15.48,25.14,51.95,23.19,2.62,0.29,0.1,0.0
1189,Superliga (DK),27343,Nicolai Poulsen,N. Poulsen,1993-08-15,72.54,21.92,18.01,20,20,0,2139.0,106.95,31.7,30.4,1.35,0.15,13.35,3.65,24.8,19.4,79.7,27.25,1.55,0.1,0.05,0.0
1189,Superliga (DK),27344,Frederik Tingager,F. Tingager,1993-02-22,65.16,19.28,17.37,20,20,0,1606.0,80.3,33.65,32.75,0.15,0.0,0.5,3.75,33.05,4.3,6.85,73.45,3.45,0.15,0.05,0.0
1189,Superliga (DK),27347,Gift Links,G. Links,1998-10-02,92.01,27.98,23.91,32,32,0,3654.0,114.19,39.66,34.38,3.19,0.5,31.47,12.16,29.5,82.94,20.09,94.09,3.69,0.56,0.25,0.06
1189,Superliga (DK),27375,Daniel Anyembe,D. Anyembe,1998-07-22,91.91,25.72,27.11,29,29,0,2999.0,103.41,45.55,44.9,0.48,0.0,1.17,1.72,46.45,20.14,5.0,98.41,1.86,0.0,0.0,0.0
1189,Superliga (DK),27377,Nicklas Røjkjær,N. Røjkjær,1998-07-24,95.73,34.68,26.06,22,22,0,4386.0,199.36,59.55,53.55,2.82,0.27,49.14,26.32,45.64,60.64,113.91,85.45,9.14,0.82,0.5,0.0
1189,Superliga (DK),27378,Mads Larsen,M. Larsen,2001-09-20,71.23,20.97,24.81,32,31,1,3679.0,118.68,30.61,27.68,0.84,0.06,22.84,7.39,22.68,44.65,72.29,46.39,2.06,0.23,0.1,0.0
1189,Superliga (DK),27380,Patrick Hessellund Egelund,P. Egelund,2000-08-02,35.92,9.24,12.81,15,15,0,644.0,42.93,9.27,5.87,0.73,0.2,12.87,14.53,3.53,8.0,30.0,12.93,4.6,0.13,0.07,0.0
1189,Superliga (DK),27408,James Gomez,J. Gomez,2001-11-14,59.35,15.74,16.23,12,12,0,746.0,62.17,22.42,21.83,0.25,0.08,0.42,1.17,22.33,24.92,4.42,57.75,0.83,0.25,0.17,0.08
1189,Superliga (DK),27420,Gustav Ølsted Marcussen,G. Marcussen,1998-06-12,75.32,19.82,25.03,29,28,1,2510.0,89.64,22.5,16.93,1.82,0.21,29.18,17.93,11.96,35.89,54.86,34.79,6.29,0.68,0.32,0.07
1189,Superliga (DK),27424,Adam Sørensen,A. Sørensen,2000-11-11,59.42,16.51,17.85,28,28,0,1877.0,67.04,19.11,17.36,1.04,0.14,15.71,9.18,15.07,51.25,7.93,59.11,3.14,0.5,0.25,0.07
1189,Superliga (DK),27435,Nikolas Langberg Dyhr,N. Dyhr,2001-06-18,88.93,25.31,27.66,31,29,2,2523.0,87.0,28.0,25.41,1.48,0.17,15.59,9.69,23.66,68.72,5.41,81.59,3.9,0.21,0.1,0.03
1189,Superliga (DK),27436,Oliver Villadsen,O. Villadsen,2001-11-16,64.28,17.87,18.44,30,29,1,2202.0,75.93,23.66,21.48,1.1,0.07,11.0,5.69,20.34,57.59,6.31,69.62,2.24,0.38,0.17,0.03
1189,Superliga (DK),27449,Moses Opondo,M. Opondo,1997-10-28,60.78,14.71,22.77,17,16,1,1092.0,68.25,16.69,12.69,0.69,0.12,22.06,10.94,7.94,20.25,55.31,12.94,5.06,0.25,0.12,0.06
1189,Superliga (DK),27450,Mads Frøkjær-Jensen,M. Frøkjær-Jensen,1999-07-29,71.9,18.22,20.4,12,11,1,1048.0,95.27,28.91,21.55,2.45,0.09,28.55,18.73,15.18,37.36,60.27,35.0,8.73,0.64,0.27,0.0
1189,Superliga (DK),27456,André Römer,A. Rømer,1993-07-18,44.5,12.95,13.18,23,21,2,1338.0,63.71,18.52,17.67,0.52,0.0,8.19,2.1,15.57,15.62,40.43,23.29,0.67,0.14,0.05,0.0
1189,Superliga (DK),27462,Mathias Peter Greve Petersen,M. Greve,1995-02-11,92.77,26.84,28.35,29,27,2,3550.0,131.48,38.19,32.11,2.67,0.19,31.0,19.3,22.85,41.63,100.07,31.41,7.44,0.7,0.3,0.0
1189,Superliga (DK),27463,Frederik Lauenborg,F. Lauenborg,1997-05-18,32.04,8.3,10.57,22,20,2,736.0,36.8,9.65,8.85,0.7,0.0,6.15,4.3,7.8,10.2,25.8,11.0,1.7,0.05,0.05,0.0
1189,Superliga (DK),27472,Mark Brink Christensen,M. Brink,1998-03-15,69.81,24.75,18.81,29,28,1,3695.0,131.96,42.43,41.04,1.14,0.11,12.21,4.54,35.82,25.07,69.79,62.18,1.36,0.07,0.0,0.0
1189,Superliga (DK),27473,Svenn Crone,S. Crone,1995-05-20,81.41,21.34,28.09,30,29,1,2797.0,96.45,28.1,24.0,1.14,0.21,16.76,10.86,22.62,68.28,13.34,83.1,4.9,0.52,0.21,0.07
1189,Superliga (DK),27478,Mads Emil Madsen,M. Emil Madsen,1998-01-14,79.88,24.56,19.52,30,30,0,4004.0,133.47,34.93,31.17,2.77,0.53,23.0,18.43,22.3,28.67,105.4,28.07,9.13,1.2,0.53,0.1
1189,Superliga (DK),27482,Rasmus Carstensen,R. Carstensen,2000-11-10,60.87,19.65,15.39,24,24,0,2171.0,90.46,26.29,22.42,1.38,0.17,22.0,10.46,20.17,69.04,11.54,78.92,6.71,1.08,0.38,0.0
1189,Superliga (DK),27483,Nicolai Vallys,N. Vallys,1996-09-04,89.82,25.37,25.07,31,30,1,3796.0,126.53,40.57,33.0,3.53,0.33,38.63,27.03,20.9,41.97,84.9,41.63,13.3,1.5,0.7,0.13
1189,Superliga (DK),27493,Rasmus Hjorth Vinderslev,R. Vinderslev,1997-08-12,59.37,13.99,18.26,26,23,3,1471.0,63.96,15.26,14.13,0.39,0.04,8.57,1.26,11.96,16.87,41.35,22.61,0.65,0.0,0.0,0.0
1189,Superliga (DK),27494,Anders Kvindebjerg Jacobsen,A. Jacobsen,1989-10-27,51.24,12.91,15.18,8,8,0,420.0,52.5,13.5,6.25,1.12,0.0,18.88,17.75,2.38,7.75,42.38,10.12,7.75,1.12,0.5,0.0
1189,Superliga (DK),28105,John Björkengren,J. Björkengren,1998-12-09,98.42,28.59,29.77,30,28,2,3317.0,118.46,34.07,32.57,1.0,0.14,13.89,2.68,29.64,26.29,66.61,51.86,1.07,0.07,0.0,0.0
1189,Superliga (DK),28113,Jeppe Andrup Andersen,J. Andersen,1992-12-06,26.34,8.69,8.64,13,12,1,604.0,50.33,18.92,17.92,0.58,0.08,8.92,3.33,14.75,13.17,29.08,21.25,1.25,0.17,0.08,0.0
1189,Superliga (DK),28176,Rasmus Steensbæk Lauritsen,R. Lauritsen,1996-02-27,87.52,28.72,26.03,9,9,0,960.0,106.67,34.0,32.89,0.22,0.0,1.22,4.33,33.33,4.56,7.11,99.56,3.0,0.33,0.22,0.0
1189,Superliga (DK),28835,Magnus Jensen,M. Jensen,1996-10-27,97.58,23.94,31.25,29,27,2,2306.0,85.41,33.48,32.0,0.33,0.04,2.15,2.56,31.04,14.59,7.78,77.63,2.41,0.37,0.19,0.0
1189,Superliga (DK),28844,Robin Dahl Østrøm,R. Østrøm,2002-08-09,92.99,28.04,32.04,30,29,1,3701.0,127.62,49.48,48.72,0.24,0.0,1.62,0.79,49.41,37.41,3.28,124.34,0.34,0.0,0.0,0.0
1189,Superliga (DK),28848,Thomas Korsgaard Mikkelsen,T. Mikkelsen,1983-08-27,22.96,5.62,2.77,1,1,0,13.0,13.0,8.0,8.0,0.0,0.0,0.0,0.0,9.0,0.0,0.0,13.0,0.0,0.0,0.0,0.0
1189,Superliga (DK),28857,Tobias Klysner Breuner,T. Klysner,2001-07-03,38.92,8.96,10.81,21,19,2,737.0,38.79,11.63,10.05,0.79,0.05,7.0,3.37,8.68,28.79,5.21,33.58,1.42,0.05,0.05,0.0
1189,Superliga (DK),28858,Oliver Bundgaard Kristensen,O. Bundgaard,2001-06-15,31.77,8.28,7.92,7,7,0,203.0,29.0,7.29,6.29,0.71,0.0,2.29,4.86,5.43,20.57,2.29,26.71,1.43,0.0,0.0,0.0
1189,Superliga (DK),28862,Paulo Victor da Silva,Paulinho,1995-01-03,35.99,10.39,7.37,16,16,0,584.0,36.5,10.44,8.56,0.75,0.25,8.81,8.88,6.81,17.0,13.12,23.38,3.62,0.56,0.06,0.0
1189,Superliga (DK),28871,Frederik Alves Ibsen,F. Alves,1999-11-08,90.08,26.99,25.93,15,15,0,1559.0,103.93,41.67,40.73,0.2,0.0,0.13,1.53,41.13,17.53,4.07,99.87,1.53,0.13,0.0,0.0
1189,Superliga (DK),28873,Sebastian Vinther Jørgensen,S. Jørgensen,2000-06-08,29.46,8.82,8.4,27,27,0,1118.0,41.41,11.3,8.74,0.85,0.15,13.96,10.48,6.41,15.44,23.85,17.56,5.04,0.52,0.15,0.0
1189,Superliga (DK),28874,Alexander Lucas Lind Rasmussen,A. Lind,2002-06-26,77.86,27.74,21.45,18,18,0,2309.0,128.28,28.39,15.11,2.44,0.33,46.5,55.72,3.67,9.44,103.78,24.5,25.28,1.89,0.61,0.06
1189,Superliga (DK),28880,Andreas Hansen,A. Hansen,1995-08-11,98.66,33.77,26.72,27,26,1,1690.0,65.0,20.65,20.54,0.0,0.0,0.0,0.0,20.96,0.04,0.08,64.92,0.0,0.0,0.0,0.0
1189,Superliga (DK),28889,José Francisco dos Santos Júnior,Júnior Brumado,1999-05-15,60.6,17.73,14.12,21,21,0,1328.0,63.24,21.33,13.52,1.24,0.24,19.52,19.67,5.67,14.52,42.71,20.52,10.62,1.14,0.57,0.1
1189,Superliga (DK),28894,Doguhan Aral Şimşir,A. Şimşir,2002-06-19,69.72,21.32,15.84,31,31,0,2687.0,86.68,32.03,27.65,2.9,0.58,22.19,13.84,19.58,45.9,37.71,48.97,4.45,0.87,0.32,0.06
1189,Superliga (DK),28898,Emilio Simonsen,E. Simonsen,1999-10-31,65.71,17.29,22.71,20,19,1,1814.0,95.47,26.32,20.32,2.16,0.21,28.26,18.37,14.68,33.84,66.53,28.95,7.32,0.74,0.21,0.05
1189,Superliga (DK),29147,Stijn Spierings,S. Spierings,1996-03-12,53.58,16.07,16.01,17,17,0,1414.0,83.18,27.0,25.94,1.41,0.06,8.88,3.71,22.82,21.71,53.94,29.24,1.06,0.0,0.0,0.0
1189,Superliga (DK),29952,Oliver Sørensen Jensen,O. Sørensen,2002-03-10,62.84,16.72,18.21,3,3,0,270.0,90.0,23.33,21.0,1.67,0.0,14.33,12.0,15.0,33.0,56.67,33.33,5.0,1.0,0.33,0.0
1189,Superliga (DK),29961,Pelle Mattsson,P. Mattsson,2001-08-04,83.83,25.11,28.53,6,5,1,594.0,118.8,41.6,40.2,1.8,0.0,11.2,4.2,33.6,17.2,60.2,58.6,1.2,0.2,0.0,0.0
1189,Superliga (DK),29968,Filip Bundgaard Kristensen,F. Bundgaard,2004-07-03,62.54,19.17,18.56,20,20,0,1802.0,90.1,20.05,12.8,1.55,0.3,28.8,29.9,6.4,21.1,70.95,19.15,15.1,1.0,0.6,0.25
1189,Superliga (DK),30590,Eric Kahl,E. Kahl,2001-09-27,91.61,28.1,23.44,32,32,0,3788.0,118.38,46.03,45.25,1.06,0.06,4.19,2.09,46.12,54.84,6.81,111.56,0.72,0.06,0.03,0.03
1189,Superliga (DK),30597,Melker Jonsson,M. Jonsson,2002-07-10,59.38,13.64,23.5,2,2,0,111.0,55.5,26.5,26.5,0.5,0.0,0.0,0.0,26.5,10.5,1.0,54.5,0.0,0.0,0.0,0.0
1189,Superliga (DK),30604,Mayckel Lahdo,M. Lahdo,2002-12-30,40.47,11.41,9.27,10,10,0,449.0,44.9,13.7,11.3,1.2,0.2,15.3,10.9,8.3,25.3,17.5,27.4,5.6,0.8,0.0,0.0
1189,Superliga (DK),31256,Youssoufa Moukoko,Y. Moukoko,2004-11-20,55.79,19.63,13.12,25,25,0,1916.0,76.64,18.44,12.24,2.32,0.4,25.72,32.92,6.64,7.2,64.04,12.6,14.68,1.16,0.52,0.24
1189,Superliga (DK),32211,Stipe Radić,S. Radić,2000-06-10,93.86,26.67,28.17,19,19,0,2125.0,111.84,52.84,51.89,0.58,0.05,0.32,0.84,53.68,10.68,3.26,108.58,1.21,0.05,0.0,0.0
1189,Superliga (DK),32274,Nicolai Flø Jepsen,N. Flø,1995-09-25,81.58,19.92,24.59,9,7,2,211.0,30.14,11.14,11.14,0.0,0.0,0.0,0.0,11.14,0.0,0.0,30.14,0.0,0.0,0.0,0.0
1189,Superliga (DK),32414,Marcos Johan López Lanfranco,M. López,1999-11-20,83.87,27.34,20.77,29,29,0,3450.0,118.97,39.9,38.21,2.17,0.31,15.1,9.28,36.97,75.86,12.0,106.97,2.9,0.28,0.17,0.07
1189,Superliga (DK),32456,Youssouph Mamadou Badji,Y. Badji,2001-12-20,9.5,2.35,2.87,6,6,0,57.0,9.5,2.17,0.67,0.0,0.0,2.5,5.0,0.0,0.83,8.0,1.5,2.67,0.0,0.0,0.0
1189,Superliga (DK),32785,Kristian Fredrik Malt Arnstad,K. Arnstad,2003-09-07,92.36,27.68,23.56,31,31,0,4199.0,135.45,40.48,33.32,3.42,0.35,38.19,31.26,22.68,31.97,104.55,30.9,14.77,1.84,0.74,0.13
1189,Superliga (DK),33029,Lirim Qamili,L. Qamili,1998-06-04,57.9,13.23,17.82,25,22,3,1691.0,76.86,20.95,13.0,1.64,0.18,24.18,16.14,7.59,36.09,40.36,36.5,7.64,0.68,0.32,0.05
1189,Superliga (DK),33030,Wahid Faghir,W. Faghir,2003-07-29,34.54,10.08,8.33,15,15,0,599.0,39.93,10.87,5.67,1.0,0.13,12.13,17.07,2.07,4.6,33.2,6.73,8.93,0.73,0.53,0.13
1189,Superliga (DK),33036,Thomas Gundelund Nielsen,T. Gundelund,2001-11-06,91.58,23.93,27.21,29,29,0,2754.0,94.97,30.55,28.76,0.79,0.03,11.1,2.17,27.34,48.34,24.52,70.45,1.0,0.03,0.03,0.0
1189,Superliga (DK),33038,Leonel Montano Dahl,L. Montano,1999-10-02,38.08,11.57,12.96,14,13,1,617.0,47.46,13.85,11.15,0.46,0.08,12.38,6.23,9.92,38.77,3.15,44.31,3.0,0.15,0.0,0.0
1189,Superliga (DK),33041,Tobias Mølgaard Henriksen,T. Mølgaard,1996-07-22,9.56,2.12,3.24,2,2,0,11.0,5.5,1.0,1.0,0.0,0.0,0.0,0.0,1.0,2.0,0.0,5.5,0.0,0.0,0.0,0.0
1189,Superliga (DK),33153,Warren Caddy,W. Caddy,1997-04-09,71.86,22.43,20.16,12,11,1,1057.0,96.09,29.45,15.18,2.27,0.0,25.73,42.27,4.82,16.36,73.0,23.09,21.73,1.91,0.91,0.0
1189,Superliga (DK),33157,Elies Mahmoud,E. Mahmoud,2001-02-10,75.7,22.97,22.73,32,30,2,3579.0,119.3,38.23,30.33,2.5,0.33,38.3,11.73,22.1,69.47,51.33,67.97,6.03,0.83,0.33,0.0
1189,Superliga (DK),33987,Valdemar Birksø Thorsen,V. Birksø,2001-03-17,98.23,26.46,30.18,11,11,0,322.0,29.27,7.18,7.18,0.0,0.0,0.0,0.0,7.18,0.0,0.09,29.18,0.0,0.0,0.0,0.0
1189,Superliga (DK),34847,Matthew Hoppe,M. Hoppe,2001-03-13,69.16,16.87,21.49,29,26,3,2354.0,90.54,24.85,14.35,1.69,0.12,27.69,30.73,6.35,16.31,68.04,22.5,13.58,1.08,0.62,0.04
1189,Superliga (DK),35166,Andreas Pyndt Andersen,A. Pyndt,2001-03-04,71.38,19.21,22.95,27,26,1,2662.0,102.38,28.96,27.65,1.35,0.08,12.92,3.35,25.31,27.46,60.96,41.42,0.69,0.04,0.04,0.0
1189,Superliga (DK),35947,Pedro Luís Machado Ganchas,Pedro Ganchas,2000-05-31,94.62,28.14,33.31,29,28,1,3187.0,113.82,43.71,42.07,0.57,0.14,1.57,2.36,42.68,32.75,7.5,106.32,1.82,0.21,0.18,0.07
1189,Superliga (DK),36504,Luis Binks,L. Binks,2001-09-02,100.31,27.43,27.74,27,26,1,2634.0,101.31,40.46,39.54,0.58,0.12,1.23,4.58,39.92,22.35,7.69,93.62,3.96,0.35,0.08,0.08
1189,Superliga (DK),36518,Milan Iloski,M. Iloski,1999-07-29,27.82,9.74,8.81,1,1,0,32.0,32.0,9.0,8.0,1.0,0.0,14.0,17.0,2.0,3.0,27.0,5.0,6.0,0.0,0.0,0.0
1189,Superliga (DK),36989,Luka Hujber,L. Hujber,1999-06-16,35.55,7.53,13.32,2,2,0,81.0,40.5,12.5,11.5,1.0,0.0,6.5,4.5,10.5,22.0,6.0,34.5,3.0,0.5,0.5,0.0
1189,Superliga (DK),37820,Etienne Green,E. Green,2000-07-19,98.74,24.63,35.67,4,3,1,109.0,36.33,9.33,9.33,0.0,0.0,0.0,0.0,9.67,0.0,0.0,36.33,0.0,0.0,0.0,0.0
1189,Superliga (DK),37901,Tobias Sommer Sørensen,T. Sommer,2001-11-27,98.12,24.23,30.27,27,26,1,3301.0,126.96,37.85,33.19,1.35,0.15,21.58,11.04,27.38,39.19,81.81,45.15,5.27,0.46,0.19,0.0
1189,Superliga (DK),37995,Jelle Duin,J. Duin,1999-01-27,40.57,10.11,11.76,6,6,0,259.0,43.17,10.0,4.67,0.67,0.0,14.5,16.0,3.0,8.0,34.5,8.67,7.83,0.5,0.33,0.0
1189,Superliga (DK),38086,Rocco Ascone,R. Ascone,2003-09-12,31.2,8.19,9.01,1,1,0,36.0,36.0,12.0,8.0,0.0,0.0,11.0,10.0,6.0,9.0,29.0,7.0,3.0,0.0,0.0,0.0
1189,Superliga (DK),39815,Maxime Soulas,M. Soulas,1999-05-19,95.03,22.38,30.7,31,28,3,2206.0,78.79,30.57,29.11,0.5,0.14,1.21,2.5,28.96,21.93,6.71,72.07,1.96,0.21,0.18,0.04
1189,Superliga (DK),41025,Mads Enggård,M. Enggård,2004-01-20,64.27,16.43,20.32,25,25,0,1830.0,73.2,19.4,17.12,0.72,0.16,11.48,6.8,14.16,19.52,54.48,18.72,3.0,0.36,0.12,0.0
1189,Superliga (DK),42258,Adam Gabriel,A. Gabriel,2001-05-28,39.39,11.34,10.06,8,8,0,382.0,47.75,15.88,13.62,0.75,0.25,8.25,4.75,12.5,33.62,7.25,40.5,3.25,0.25,0.12,0.0
1189,Superliga (DK),42614,Jonas Jensen-Abbew,J. Jensen-Abbew,2002-04-20,24.57,5.91,6.48,12,12,0,250.0,20.83,6.08,5.83,0.0,0.0,0.92,0.33,5.67,7.75,1.5,19.33,0.25,0.0,0.0,0.0
1189,Superliga (DK),42874,Theo Nicolini Sander,T. Sander,2005-01-08,97.2,26.16,29.39,7,7,0,370.0,52.86,20.29,20.0,0.0,0.0,0.0,0.0,20.43,0.0,0.14,52.71,0.0,0.0,0.0,0.0
1189,Superliga (DK),46434,Mattias Heðinsson Lamhauge,M. Lamhauge,1999-08-02,97.62,25.68,33.13,15,15,0,647.0,43.13,13.27,13.07,0.0,0.0,0.0,0.0,13.2,0.0,0.2,42.93,0.0,0.0,0.0,0.0
1189,Superliga (DK),47338,Michael Amir Richardson,A. Richardson,2002-01-24,52.67,11.94,17.19,4,4,0,248.0,62.0,19.5,17.25,1.0,0.25,10.0,9.5,13.0,11.75,49.75,12.25,2.5,0.0,0.0,0.0
1189,Superliga (DK),48959,Jacob Andersen,J. Andersen,2004-01-26,48.17,12.64,12.6,7,7,0,366.0,52.29,12.86,9.71,0.57,0.14,11.86,9.29,7.57,36.0,8.29,44.0,5.29,0.29,0.0,0.0
1189,Superliga (DK),49321,Žan Zaletel,Ž. Zaletel,1999-09-16,39.77,10.23,10.05,7,7,0,192.0,27.43,11.0,10.29,0.14,0.0,0.43,2.14,10.0,2.29,2.71,24.71,0.86,0.14,0.14,0.0
1189,Superliga (DK),49393,Ola Solbakken,O. Solbakken,1998-09-07,72.52,27.02,20.14,17,17,0,2511.0,147.71,36.88,31.12,3.06,0.35,51.12,23.71,24.12,82.65,53.41,94.29,7.88,1.29,0.65,0.12
1189,Superliga (DK),49689,Kristall Máni Ingason,K. Ingason,2002-01-18,70.8,19.14,22.86,14,14,0,1247.0,89.07,21.43,14.0,1.29,0.36,27.64,20.29,8.79,21.0,74.0,15.07,6.36,0.79,0.29,0.14
1189,Superliga (DK),50987,Mohamed Touré,M. Touré,2004-03-26,69.7,19.56,22.25,17,16,1,1430.0,89.38,25.75,12.44,2.12,0.38,24.06,34.5,4.56,9.75,68.0,21.38,16.44,1.5,0.75,0.12
1189,Superliga (DK),51720,Callum McCowatt,C. McCowatt,1999-04-30,84.55,25.04,29.48,32,31,1,4248.0,137.03,44.32,37.03,3.77,0.61,39.55,23.1,26.0,48.55,84.06,52.97,7.9,0.87,0.26,0.1
1189,Superliga (DK),54519,Ivan Näsberg,I. Näsberg,1996-04-22,89.7,26.1,28.55,5,5,0,587.0,117.4,54.0,53.2,0.0,0.0,0.6,0.6,55.2,11.8,3.6,113.8,1.0,0.0,0.0,0.0
1189,Superliga (DK),54555,Agon Muçolli,A. Muçolli,1998-09-26,48.14,12.9,15.51,16,16,0,947.0,59.19,20.94,17.88,2.5,0.38,18.56,10.94,14.56,28.38,27.38,31.81,3.88,0.81,0.44,0.0
1189,Superliga (DK),58791,Pedro Antonio Bravo Landazuri,P. Bravo,2004-11-26,76.71,21.66,18.73,28,28,0,2353.0,84.04,20.0,18.07,0.64,0.07,12.5,3.46,14.71,13.79,64.75,19.29,0.79,0.07,0.04,0.0
1189,Superliga (DK),58963,Sofus Berger Brix,S. Berger,2003-06-02,41.45,12.2,14.3,20,19,1,1290.0,67.89,19.0,15.0,1.16,0.11,21.68,14.05,9.32,22.53,52.63,15.26,5.16,0.37,0.11,0.0
1189,Superliga (DK),58964,Tobias Bech Kristensen,T. Bech,2002-02-19,88.7,27.1,22.64,32,32,0,3981.0,124.41,34.25,24.28,3.31,0.5,43.25,34.78,14.66,31.59,94.06,30.34,19.0,1.81,0.81,0.16
1189,Superliga (DK),58965,Younes Bakiz,Y. Bakiz,1999-02-05,63.12,19.18,21.66,24,23,1,2481.0,107.87,30.78,25.39,2.87,0.52,35.7,19.0,16.57,34.22,77.26,30.61,4.87,0.61,0.22,0.0
1189,Superliga (DK),58967,Jakob Bonde Jensen,J. Bonde,1993-12-29,10.07,2.69,2.27,3,3,0,38.0,12.67,2.0,2.0,0.0,0.0,4.67,1.0,1.67,7.33,8.33,4.33,0.0,0.0,0.0,0.0
1189,Superliga (DK),58968,Jeppe Grønning,J. Grønning,1991-05-24,92.75,25.75,27.61,30,30,0,3250.0,108.33,24.17,22.43,0.6,0.07,17.37,4.0,18.53,20.13,82.77,25.57,2.07,0.13,0.03,0.0
1189,Superliga (DK),58969,Lucas Lund Pedersen,L. Lund,2000-03-19,98.86,27.66,28.98,32,32,0,1321.0,41.28,15.59,15.44,0.0,0.0,0.0,0.0,16.03,0.0,0.0,41.28,0.0,0.0,0.0,0.0
1189,Superliga (DK),58970,Christian Nikolaj  Sørensen,C. Sørensen,1992-08-06,87.94,23.35,26.38,25,25,0,2121.0,84.84,34.04,31.92,1.2,0.12,6.68,4.48,31.48,61.76,4.64,80.2,1.0,0.12,0.04,0.0
1189,Superliga (DK),59626,Elías Rafn Ólafsson,E. Ólafsson,2000-03-11,99.32,29.63,22.23,27,27,0,1412.0,52.3,16.7,16.59,0.0,0.0,0.0,0.04,17.19,0.0,0.0,52.3,0.0,0.0,0.0,0.0
1189,Superliga (DK),59966,Bilal Brahimi,B. Brahimi,2000-03-28,53.45,16.1,14.13,16,16,0,1325.0,82.81,22.94,18.75,1.69,0.06,26.81,12.5,15.38,39.0,39.94,42.88,4.44,0.38,0.19,0.0
1189,Superliga (DK),60449,Andreas Oggesen,A. Oggesen,1994-03-18,82.8,20.32,27.33,28,25,3,2341.0,93.64,28.28,26.36,1.2,0.04,11.72,4.52,24.52,39.32,42.56,51.08,1.36,0.12,0.0,0.0
1189,Superliga (DK),60532,Valdemar Lund Jensen,V. Lund,2003-05-28,85.81,22.29,26.18,18,18,0,1361.0,75.61,29.83,29.0,0.39,0.06,1.06,2.11,29.28,21.94,5.67,69.94,1.78,0.22,0.06,0.0
1189,Superliga (DK),60534,Alexander Magnus Busch,A. Busch,2003-07-25,56.16,15.53,20.61,4,4,0,282.0,70.5,29.0,29.0,0.25,0.0,0.0,0.25,29.75,17.0,0.75,69.75,0.25,0.0,0.0,0.0
1189,Superliga (DK),60535,Anders Dahl,A. Dahl,2002-05-01,36.62,10.32,11.47,18,17,1,829.0,48.76,16.06,14.06,0.76,0.12,10.18,6.06,12.88,32.53,8.47,40.29,2.94,0.47,0.18,0.06
1189,Superliga (DK),61124,Bjørn Paulsen,B. Paulsen,1991-07-02,43.93,11.83,11.59,20,19,1,952.0,50.11,18.53,16.89,0.37,0.11,5.84,3.84,16.05,14.11,11.16,38.95,1.47,0.11,0.05,0.05
1189,Superliga (DK),61194,Adam Wikman,A. Wikman,2003-12-15,78.14,20.89,27.88,13,13,0,1443.0,111.0,38.54,37.38,1.0,0.31,3.69,1.31,34.31,24.54,41.69,69.31,0.38,0.08,0.08,0.0
1189,Superliga (DK),61341,Mohamed Elias  Achouri,E. Achouri,1999-02-10,71.61,23.57,17.91,21,21,0,2042.0,97.24,31.24,25.05,2.48,0.33,30.24,19.81,18.57,55.43,34.19,63.05,6.52,0.67,0.38,0.1
1189,Superliga (DK),61893,Anssi Tapio Suhonen,A. Suhonen,2001-01-14,58.27,20.07,15.12,11,10,1,1043.0,104.3,27.3,22.4,1.1,0.0,29.1,18.2,16.0,39.8,66.0,38.3,8.0,1.0,0.5,0.0
1189,Superliga (DK),61974,Magnus Elkjær Mattsson,M. Mattsson,1999-02-25,84.84,28.34,20.19,6,6,0,838.0,139.67,36.0,30.83,2.67,0.17,37.33,24.0,20.67,34.67,115.67,24.0,10.0,1.33,0.67,0.17
1189,Superliga (DK),63271,Rodrigo Jhossel Huescas Hurtado,R. Huescas,2003-09-18,87.0,31.12,21.16,10,10,0,1484.0,148.4,43.1,38.3,1.5,0.4,26.2,15.1,35.2,111.0,13.0,135.4,7.3,0.9,0.2,0.0
1189,Superliga (DK),63446,Tobias Haahr Jakobsen,T. Jakobsen,2003-07-03,98.99,26.16,30.13,4,4,0,183.0,45.75,14.25,14.25,0.0,0.0,0.0,0.0,14.75,0.25,0.25,45.5,0.0,0.0,0.0,0.0
1189,Superliga (DK),64398,Norman Campbell,N. Campbell,1999-11-24,49.73,13.19,15.48,16,15,1,938.0,62.53,19.53,11.93,1.47,0.13,23.6,16.6,5.73,20.47,38.67,23.87,6.07,1.13,0.67,0.07
1189,Superliga (DK),65297,Ísak Andri Sigurgeirsson,Í. Sigurgeirsson,2003-09-11,27.61,6.17,9.43,5,5,0,135.0,27.0,6.6,4.0,0.8,0.0,9.6,8.0,3.4,13.6,11.2,15.8,3.8,0.0,0.0,0.0
1189,Superliga (DK),68606,Igor Vekič,I. Vekič,1998-05-06,98.46,25.38,29.65,28,28,0,1040.0,37.14,13.57,13.5,0.0,0.0,0.0,0.0,13.93,0.0,0.07,37.07,0.0,0.0,0.0,0.0
1189,Superliga (DK),68942,Batuhan Zidan Sertdemir,Z. Sertdemir,2005-02-04,19.91,5.65,5.63,3,3,0,61.0,20.33,7.0,6.33,0.0,0.0,6.33,3.33,5.33,7.0,11.33,9.0,0.67,0.0,0.0,0.0
1189,Superliga (DK),70242,Christian William Gammelgaard Grøndal,C. Gammelgaard,2003-03-10,77.74,19.92,23.72,32,32,0,3075.0,96.09,26.59,16.09,1.88,0.22,35.5,21.41,8.84,43.78,49.78,46.31,10.97,0.78,0.34,0.03
1189,Superliga (DK),70408,Daniel Bisgaard Haarbo,D. Haarbo,2003-03-14,43.18,11.09,13.31,3,3,0,142.0,47.33,9.67,9.33,0.33,0.0,3.0,1.67,8.67,16.33,22.67,24.67,0.33,0.0,0.0,0.0
1189,Superliga (DK),70587,Gustav Grubbe Madsen,G. Grubbe,2003-01-27,22.24,5.34,6.7,16,16,0,460.0,28.75,8.0,6.5,0.25,0.0,6.81,2.31,4.75,9.81,22.19,6.56,1.19,0.12,0.06,0.0
1189,Superliga (DK),70644,Aske Leth Andresen,A. Andresen,2005-07-12,49.48,16.68,15.85,2,2,0,50.0,25.0,8.0,7.5,0.0,0.0,0.0,0.0,8.0,0.0,0.0,25.0,0.0,0.0,0.0,0.0
1189,Superliga (DK),72012,Magnus Nordengen Knudsen,M. Knudsen,2001-06-15,94.11,27.73,23.76,14,14,0,1655.0,118.21,27.57,25.5,0.79,0.21,16.71,4.64,20.93,22.21,86.71,31.5,1.21,0.07,0.0,0.0
1189,Superliga (DK),72044,Sindre Walle Egeli,S. Egeli,2006-06-21,100.62,36.12,26.83,6,6,0,960.0,160.0,42.67,32.5,6.0,0.5,70.33,46.33,20.83,44.83,99.17,60.83,14.83,2.0,1.17,0.0
1189,Superliga (DK),72050,Leopold Wahlstedt,L. Wahlstedt,1999-07-04,95.58,28.28,20.3,1,1,0,58.0,58.0,17.0,17.0,0.0,0.0,0.0,0.0,18.0,0.0,0.0,58.0,0.0,0.0,0.0,0.0
1189,Superliga (DK),72119,Viljar  Røsholt Myhra,V. Myhra,1996-07-21,95.86,29.14,26.93,23,22,1,1217.0,55.32,19.91,19.73,0.0,0.0,0.0,0.0,20.18,0.05,0.05,55.27,0.0,0.0,0.0,0.0
1189,Superliga (DK),72160,Markus Solbakken,M. Solbakken,2000-07-25,53.02,17.06,15.18,12,12,0,1033.0,86.08,25.0,23.42,0.42,0.0,11.75,4.92,20.0,17.25,58.33,27.75,1.67,0.0,0.0,0.0
1189,Superliga (DK),72218,Runar Robinsønn Norheim,R. Norheim,2005-02-14,60.91,20.13,16.33,25,24,1,2074.0,86.42,22.83,19.67,1.08,0.12,27.46,15.42,17.08,49.96,27.46,58.96,5.29,0.46,0.21,0.04
1189,Superliga (DK),72219,Felix Vrede Winther,F. Winther,2000-05-18,89.74,24.35,30.74,27,26,1,3024.0,116.31,34.92,33.5,1.23,0.19,15.38,3.31,30.23,29.69,70.42,45.88,1.15,0.04,0.0,0.0
1189,Superliga (DK),73267,Jeppe Sten Kudsk Pedersen,J. Kudsk,2003-02-25,63.62,17.32,20.95,23,23,0,1760.0,76.52,27.3,26.52,0.35,0.0,1.74,2.7,27.26,12.43,8.3,68.22,1.96,0.3,0.22,0.0
1189,Superliga (DK),73353,Anosike Victor Ementa,A. Ementa,2002-05-03,87.96,26.67,28.32,3,3,0,275.0,91.67,29.0,15.33,1.67,0.67,29.67,31.33,2.67,7.67,77.67,14.0,12.0,0.67,0.67,0.33
1189,Superliga (DK),73533,Sung-Hoon Cho,Sung-Hoon Cho,1998-04-21,59.2,17.82,15.61,2,2,0,147.0,73.5,20.0,8.0,1.0,0.0,20.5,24.5,3.5,9.5,51.5,22.0,15.0,1.0,0.5,0.0
1189,Superliga (DK),75737,Denil Daniel Castillo Preciado,D. Castillo,2004-03-24,72.18,21.53,16.88,26,26,0,2210.0,85.0,22.73,16.85,1.12,0.27,20.92,16.85,11.15,15.65,63.27,21.73,7.58,0.58,0.19,0.04
1189,Superliga (DK),84587,William Clem,W. Clem,2004-06-20,56.33,17.82,14.04,25,25,0,2195.0,87.8,24.24,22.88,1.4,0.36,8.4,4.32,19.76,18.32,59.84,27.96,0.96,0.2,0.12,0.04
1189,Superliga (DK),90434,Ibrahim Adel Ali Mohamed Hassan,Ibrahim Adel,2001-04-23,58.1,18.98,15.04,11,10,1,946.0,94.6,24.1,16.6,2.4,0.2,33.2,29.0,7.3,16.1,78.2,16.4,12.1,1.0,0.3,0.1
1189,Superliga (DK),103035,Friday Ubi Etim,F. Etim,2002-05-21,89.54,24.38,27.63,15,14,1,1482.0,105.86,30.5,14.71,2.93,0.36,27.79,46.64,4.43,11.64,83.07,22.79,22.5,2.07,1.0,0.14
1189,Superliga (DK),110467,Daniel Lønborg Thøgersen,D. Thøgersen,2000-01-08,19.83,3.92,6.83,2,2,0,34.0,17.0,4.0,3.5,0.0,0.0,3.5,1.5,3.0,11.0,0.5,16.5,0.0,0.0,0.0,0.0
1189,Superliga (DK),114826,Sefer Emini,S. Emini,2000-07-15,48.14,10.83,16.19,21,18,3,1005.0,55.83,14.33,11.61,1.11,0.11,11.33,4.72,9.61,16.83,40.94,14.89,1.56,0.11,0.11,0.06
1189,Superliga (DK),118358,Wandepanga Ismahila Ouédraogo,I. Ouédraogo,1999-11-05,88.7,26.68,25.71,25,24,1,3047.0,126.96,38.71,37.17,0.75,0.17,15.17,0.92,32.29,24.79,81.04,45.92,0.17,0.0,0.0,0.0
1189,Superliga (DK),120298,Thibault Klidjé,T. Klidjé,2001-07-10,37.83,10.7,11.26,9,9,0,416.0,46.22,13.22,6.78,1.11,0.11,12.0,24.67,1.56,3.67,36.0,10.22,11.67,1.0,0.22,0.0
1189,Superliga (DK),120953,Alexander Illum Simmelhack,A. Simmelhack,2005-11-11,22.22,5.89,7.05,15,14,1,471.0,33.64,9.07,4.36,0.5,0.0,10.64,12.14,1.79,3.36,29.21,4.43,4.43,0.29,0.07,0.0
1189,Superliga (DK),121172,Darío Esteban Osorio Osorio,D. Osorio,2004-01-24,73.93,22.19,15.96,28,28,0,2453.0,87.61,27.61,23.79,2.43,0.25,20.57,11.07,19.82,46.25,31.75,55.86,3.07,0.25,0.07,0.0
1189,Superliga (DK),133035,Mads Søndergaard Clausen,M. Søndergaard,2002-12-26,69.26,18.65,21.06,23,23,0,1883.0,81.87,21.74,17.65,2.17,0.3,25.87,17.17,11.22,22.04,63.13,18.74,6.96,0.52,0.17,0.0
1189,Superliga (DK),133036,Oliver Ross,O. Ross,2004-10-10,36.89,10.19,13.04,13,13,0,750.0,57.69,14.69,10.23,1.08,0.08,18.31,14.46,6.15,18.08,43.15,14.54,4.54,0.54,0.08,0.0
1189,Superliga (DK),133496,Dalton Wilkins,D. Wilkins,1999-04-15,24.51,5.42,5.81,7,7,0,125.0,17.86,6.71,6.43,0.43,0.0,2.29,2.29,5.57,11.71,2.71,15.14,0.43,0.0,0.0,0.0
1189,Superliga (DK),139822,Martin Staghøj Huldahl,M. Huldahl,2004-09-20,19.7,4.5,5.57,8,8,0,193.0,24.12,5.5,1.62,0.25,0.0,7.5,10.0,0.38,3.12,19.75,4.38,5.62,0.0,0.0,0.0
1189,Superliga (DK),141051,Eskild Munk Dall,E. Dall,2003-01-08,36.71,10.11,12.4,23,23,0,1086.0,47.22,9.74,4.35,0.52,0.13,14.65,18.17,2.7,8.74,32.7,14.52,6.96,0.35,0.17,0.04
1189,Superliga (DK),141052,Asker Beck Jensen,A. Beck Jensen,2003-07-07,44.0,12.16,12.6,30,30,0,1798.0,59.93,16.3,13.7,0.97,0.13,18.53,13.2,10.37,19.83,43.57,16.37,4.63,0.37,0.17,0.03
1189,Superliga (DK),144988,Martin André Sjølstad,M. Sjølstad,2000-07-09,40.49,12.33,11.55,12,11,1,522.0,47.45,15.91,13.18,0.91,0.0,11.55,11.45,10.82,28.55,12.0,35.45,4.45,0.73,0.36,0.0
1189,Superliga (DK),154077,Franculino Gluda Djú,Franculino Djú,2004-06-28,69.57,20.41,16.36,21,21,0,1798.0,85.62,25.71,15.24,2.38,0.71,21.81,33.95,6.38,18.19,58.05,27.57,17.14,1.67,0.9,0.29
1189,Superliga (DK),154078,Valdemar Byskov Andreasen,V. Byskov,2005-01-25,44.89,13.17,10.3,28,28,0,1603.0,57.25,16.86,14.57,1.29,0.29,14.96,8.14,12.04,16.86,38.29,18.96,2.39,0.36,0.11,0.07
1189,Superliga (DK),160196,Daniel Filipe Bandeira e Silva,Dani Silva,2000-04-11,46.06,14.56,11.72,10,10,0,734.0,73.4,23.7,22.5,1.2,0.2,5.7,4.4,19.8,17.7,42.6,30.8,1.0,0.2,0.2,0.0
1189,Superliga (DK),161145,Marius Elvius Kolind-Jørgensen,M. Elvius,2002-06-01,13.16,4.58,3.56,2,2,0,34.0,17.0,6.5,3.0,0.5,0.0,8.0,3.5,1.0,8.0,11.5,5.5,1.5,0.0,0.0,0.0
1189,Superliga (DK),162426,Victor Bak Jensen,V. Bak Jensen,2003-10-03,84.77,24.58,20.0,30,30,0,2769.0,92.3,25.17,21.9,1.1,0.1,20.37,12.0,18.9,54.07,24.83,67.47,3.97,0.43,0.1,0.0
1189,Superliga (DK),163820,Cho Gue-Sung,Cho Gue-Sung,1998-01-25,56.2,16.86,11.78,24,24,0,1673.0,69.71,17.33,9.58,1.46,0.21,20.75,27.67,3.58,9.71,48.96,20.75,13.42,1.33,0.67,0.08
1189,Superliga (DK),167923,Ovie Ejeheri,O. Ejeheri,2003-04-23,98.29,27.45,37.65,2,2,0,84.0,42.0,11.5,11.5,0.0,0.0,0.0,0.0,11.5,0.0,0.0,42.0,0.0,0.0,0.0,0.0
1189,Superliga (DK),169258,Amin Al Hamawi,Amin Al Hamawi,2003-12-17,31.49,10.16,9.44,4,4,0,193.0,48.25,8.5,7.0,0.0,0.0,19.25,11.25,3.0,6.5,43.25,5.0,5.25,0.25,0.0,0.0
1189,Superliga (DK),172044,Srdjan Kuzmić,S. Kuzmić,2004-01-16,83.38,24.14,23.87,26,26,0,2549.0,98.04,29.54,26.96,1.38,0.31,15.5,12.96,24.73,66.69,11.58,86.46,4.27,0.42,0.19,0.08
1189,Superliga (DK),173402,Charly Nouck Horneman,C. Nouck,2004-03-21,59.6,16.45,17.92,29,29,0,1962.0,67.66,17.66,12.45,2.38,0.45,22.17,17.86,9.07,32.83,28.41,39.24,5.34,0.48,0.34,0.07
1189,Superliga (DK),176185,Max Isaac Ejdum,M. Ejdum,2004-10-15,85.41,24.72,24.36,26,25,1,3539.0,141.56,36.36,31.24,2.36,0.32,39.8,17.88,22.52,41.0,113.48,28.08,7.12,0.68,0.28,0.0
1189,Superliga (DK),179560,Sérgio Pereira Andrade,Serginho,2001-01-29,33.03,11.08,6.7,2,2,0,86.0,43.0,17.5,14.0,0.5,0.0,8.5,4.5,12.0,33.5,8.0,35.0,1.0,0.5,0.5,0.0
1189,Superliga (DK),180600,Tonni Adamsen,T. Adamsen,1994-11-15,91.5,27.04,31.76,31,30,1,4264.0,142.13,47.03,32.9,4.07,0.7,46.3,34.77,18.7,26.5,104.23,37.9,10.57,1.3,0.63,0.27
1189,Superliga (DK),184438,Noah  Ganaus,N. Ganaus,2001-01-19,87.45,26.37,24.62,32,31,1,4232.0,136.52,32.16,15.74,2.65,0.48,50.65,46.0,6.74,34.71,90.77,45.74,23.9,1.71,0.77,0.23
1189,Superliga (DK),184718,Masaki Murata,M. Murata,1999-08-29,26.76,7.22,6.95,3,3,0,71.0,23.67,5.33,4.67,0.0,0.0,5.33,2.0,3.67,6.33,19.0,4.67,0.33,0.0,0.0,0.0
1189,Superliga (DK),205998,William Madsen,W. Madsen,2002-04-05,52.08,13.76,18.03,20,20,0,1357.0,67.85,17.4,15.3,0.9,0.1,13.4,6.9,12.3,18.25,47.75,20.1,3.75,0.45,0.1,0.0
1189,Superliga (DK),206007,Oscar Buch,O. Buch,1997-02-14,67.81,17.25,22.87,22,22,0,1860.0,84.55,22.82,14.86,1.5,0.18,26.41,21.18,9.59,33.09,46.68,37.86,9.73,0.77,0.32,0.05
1189,Superliga (DK),206009,Alexander Lyng,A. Lyng,2004-11-26,64.87,16.13,20.72,28,26,2,2202.0,84.69,21.54,15.42,2.23,0.27,27.54,21.96,9.42,30.77,51.15,33.54,8.96,0.92,0.46,0.12
1189,Superliga (DK),206032,Anders Bergholt Pedersen,A. Bergholdt,2005-02-21,37.02,7.4,10.62,5,3,2,100.0,33.33,7.33,5.0,0.67,0.33,6.33,12.0,3.0,12.33,19.33,14.0,3.33,0.67,0.0,0.0
1189,Superliga (DK),206047,Mads Freundlich,M. Freundlich,2003-03-25,65.31,20.06,22.64,21,21,0,2182.0,103.9,37.33,36.14,0.52,0.0,5.33,1.62,34.71,23.81,35.1,68.81,0.48,0.0,0.0,0.0
1189,Superliga (DK),254582,Junnosuke Suzuki,J. Suzuki,2003-07-12,94.18,29.16,23.91,22,22,0,2706.0,123.0,40.64,38.5,2.18,0.18,18.86,10.77,36.68,68.27,16.86,106.14,4.95,0.59,0.27,0.09
1189,Superliga (DK),285130,Chidiebube Gideon Duru,C. Duru,1999-07-31,60.9,14.44,19.76,20,17,3,890.0,52.35,15.82,14.24,0.94,0.06,10.65,5.59,12.71,39.88,4.59,47.76,2.41,0.53,0.24,0.06
1189,Superliga (DK),285199,Ousmane Sow,O. Sow,2000-07-05,47.09,11.83,13.16,14,13,1,666.0,51.23,15.0,9.92,0.85,0.0,17.38,11.69,6.69,27.92,19.77,31.46,5.38,0.31,0.23,0.0
1189,Superliga (DK),333059,Gavin Beavers,G. Beavers,2005-04-29,98.56,30.06,24.89,2,2,0,67.0,33.5,12.5,12.5,0.0,0.0,0.0,0.0,12.5,0.0,0.0,33.5,0.0,0.0,0.0,0.0
1189,Superliga (DK),335907,Benjamin Tahirović,B. Tahirović,2003-03-03,53.22,15.78,14.78,25,25,0,2185.0,87.4,24.92,23.64,1.4,0.04,16.48,8.28,19.32,17.68,70.44,16.96,2.2,0.24,0.12,0.0
1189,Superliga (DK),365781,Thomas Jørgensen,T. Jørgensen,2005-09-30,89.22,25.51,26.19,31,31,0,3359.0,108.35,32.9,29.06,2.94,0.42,29.16,15.03,23.29,25.74,75.68,32.68,5.58,0.71,0.29,0.03
1189,Superliga (DK),365787,Amin Chiakha,A. Chiakha,2006-03-12,74.27,18.4,24.18,14,14,0,1138.0,81.29,24.07,12.86,1.57,0.21,24.21,31.5,4.5,13.5,64.21,17.07,13.71,1.14,0.64,0.07
1189,Superliga (DK),365789,Victor Froholdt,V. Froholdt,2006-02-25,98.78,34.27,28.15,1,1,0,174.0,174.0,49.0,44.0,3.0,0.0,25.0,17.0,39.0,54.0,91.0,83.0,13.0,1.0,1.0,0.0
1189,Superliga (DK),381223,Marcus McCoy,M. McCoy,2005-08-24,61.41,18.51,16.67,31,30,1,2208.0,73.6,22.27,19.83,0.83,0.1,15.5,5.27,17.5,54.9,6.37,67.23,2.4,0.1,0.07,0.0
1189,Superliga (DK),441633,Daniel Freyr Kristjansson,D. Kristjansson,2005-08-30,67.1,17.8,22.35,16,15,1,1396.0,93.07,25.8,23.93,0.93,0.07,16.4,8.67,20.73,31.6,54.13,38.93,3.0,0.33,0.07,0.07
1189,Superliga (DK),470959,Asbjørn Bøndergaard,A. Bøndergaard,2004-05-05,20.7,8.47,5.3,4,4,0,125.0,31.25,10.25,5.25,0.25,0.0,9.0,21.25,1.5,2.75,25.25,6.0,10.75,1.75,0.0,0.0
1189,Superliga (DK),470975,Villads Westh,V. Westh,2004-04-25,62.3,18.25,22.75,22,22,0,2310.0,105.0,27.95,26.32,0.73,0.09,17.86,5.64,20.77,38.23,68.36,36.64,1.32,0.05,0.0,0.0
1189,Superliga (DK),470981,Sabil Osman Hansen,S. Hansen,2005-11-14,51.33,14.56,16.0,26,24,2,1611.0,67.12,18.92,16.58,0.58,0.0,16.29,4.25,14.75,55.62,5.62,61.5,2.67,0.33,0.12,0.0
1189,Superliga (DK),470982,Oskar Boesen,O. Boesen,2005-05-05,31.53,10.88,9.24,8,7,1,471.0,67.29,18.29,17.14,0.86,0.0,10.29,7.14,13.71,15.43,39.0,28.29,2.14,0.0,0.0,0.0
1189,Superliga (DK),470988,Elias Hansborg-Sørensen,E. Hansborg-Sørensen,2005-07-02,21.53,5.7,6.49,12,11,1,357.0,32.45,9.0,6.91,0.64,0.0,10.0,6.0,5.27,9.55,23.82,8.64,1.82,0.45,0.27,0.0
1189,Superliga (DK),470989,Jakob Jessen,J. Jessen,2004-03-05,84.94,22.61,28.27,32,31,1,2893.0,93.32,28.39,25.32,1.58,0.26,14.32,8.45,23.35,70.23,13.35,79.97,1.97,0.13,0.06,0.0
1189,Superliga (DK),470991,Nikolaj Juul-Sandberg,N. Juul-Sandberg,2006-04-21,23.56,8.34,6.99,1,1,0,52.0,52.0,16.0,14.0,0.0,0.0,11.0,4.0,11.0,7.0,34.0,18.0,0.0,0.0,0.0,0.0
1189,Superliga (DK),471003,Mikel Johan Gogorza Krüger-Johnsen,M. Krüger-Johnsen,2006-09-27,40.42,11.53,9.32,23,23,0,1009.0,43.87,14.09,11.91,1.04,0.22,11.22,8.0,9.22,27.57,12.65,31.22,2.87,0.3,0.09,0.04
1189,Superliga (DK),526182,Mads Fauerholdt Agger,M. Agger,1999-12-21,73.94,18.71,23.3,21,21,0,1921.0,91.48,24.81,15.62,2.62,0.43,31.1,24.1,11.05,35.0,49.52,41.95,9.29,1.05,0.57,0.19
1189,Superliga (DK),536939,Gabriel Pereira Magalhães dos Santos,Gabriel Pereira,2000-05-07,91.65,29.49,23.81,26,26,0,3326.0,127.92,52.77,51.69,0.96,0.08,0.73,1.65,52.27,31.77,4.23,123.69,1.5,0.27,0.08,0.0
1189,Superliga (DK),550011,Jona Niemiec,J. Niemiec,2001-09-19,41.03,11.94,11.21,24,23,1,1402.0,60.96,15.09,8.26,1.09,0.26,23.7,21.22,3.48,15.09,40.83,20.13,10.0,0.96,0.48,0.09
1189,Superliga (DK),556546,Munashe Garananga,M. Garananga,2001-01-18,67.97,23.58,15.28,5,5,0,472.0,94.4,34.6,33.6,0.2,0.2,0.2,1.8,34.4,10.6,6.2,88.2,2.2,0.2,0.2,0.2
1189,Superliga (DK),560387,Jannich Storch,J. Storch,1993-05-12,101.91,27.23,29.07,6,5,1,241.0,48.2,18.4,18.4,0.0,0.0,0.0,0.0,18.8,0.0,0.0,48.2,0.0,0.0,0.0,0.0
1189,Superliga (DK),560993,Marcus Younis,M. Younis,2005-07-03,20.52,7.04,4.36,2,2,0,61.0,30.5,12.0,8.0,0.0,0.0,5.5,14.5,3.5,10.0,16.5,14.0,7.0,0.5,0.0,0.0
1189,Superliga (DK),580086,Lucas Hogsberg,L. Hogsberg,2006-06-23,98.53,38.5,24.69,3,3,0,570.0,190.0,80.33,80.0,0.67,0.0,0.0,0.0,83.67,14.33,4.0,186.0,0.0,0.0,0.0,0.0
1189,Superliga (DK),590872,Jakob Vester Nielsen,J. Vester,2004-12-28,38.06,10.87,11.84,15,15,0,708.0,47.2,10.73,8.53,0.47,0.2,17.07,8.4,6.2,17.13,27.53,19.67,3.33,0.2,0.0,0.0
1189,Superliga (DK),627219,Alexander Priesborg Madsen,A. Priesborg Madsen,2005-05-14,96.55,24.12,37.81,3,3,0,253.0,84.33,34.67,33.33,0.67,0.0,0.0,0.67,34.67,12.67,2.33,82.0,0.67,0.0,0.0,0.0
1189,Superliga (DK),634418,Laurits Raun Pedersen,L. Pedersen,2006-01-25,60.73,17.26,19.1,29,27,2,2122.0,78.59,16.26,14.63,0.37,0.0,5.48,3.04,12.89,23.0,46.11,32.48,1.85,0.07,0.0,0.0
1189,Superliga (DK),640030,Dorian Junior Hanza Meha,Dorian Hanza,2001-05-12,55.14,15.12,15.29,30,30,0,2081.0,69.37,18.37,8.67,1.07,0.1,19.6,33.83,2.57,8.63,52.13,17.23,16.97,1.03,0.33,0.03
1189,Superliga (DK),641116,Yoram Zague,Y. Zague,2006-05-15,27.2,9.36,7.16,7,7,0,299.0,42.71,12.14,11.0,0.86,0.14,6.57,2.29,9.86,34.57,2.0,40.71,0.29,0.0,0.0,0.0
1189,Superliga (DK),641494,Florian Danho,F. Danho,2000-06-21,56.94,16.16,16.95,8,7,1,508.0,72.57,22.0,12.86,2.14,0.43,22.86,28.71,3.71,10.57,54.86,17.71,16.14,1.86,0.86,0.14
1189,Superliga (DK),643025,Han-Beom Lee,Lee Han-Beom,2002-06-17,90.32,26.37,20.99,29,29,0,2893.0,99.76,35.93,34.48,0.24,0.07,1.72,3.38,34.34,23.52,8.14,91.62,3.83,0.38,0.14,0.03
1189,Superliga (DK),655405,Bismark Edjeodji,B. Edjeodji,2007-04-24,41.04,10.77,11.23,24,24,0,1206.0,50.25,13.17,7.67,0.92,0.12,17.38,14.71,3.75,14.92,31.92,18.33,6.96,0.54,0.29,0.04
1189,Superliga (DK),667471,Markus Gustav Jensen,M. Jensen,2005-07-15,38.09,6.49,14.39,2,2,0,82.0,41.0,8.0,5.0,0.5,0.0,15.5,13.5,2.0,8.5,26.0,15.0,5.5,0.5,0.5,0.0
1189,Superliga (DK),669449,Arlet Junior Zé,Junior Zé,2006-03-22,32.55,7.59,11.02,1,1,0,29.0,29.0,6.0,5.0,0.0,0.0,4.0,3.0,4.0,16.0,14.0,15.0,1.0,0.0,0.0,0.0
1189,Superliga (DK),681209,Robert Vinicius  Rodrigues Silva,Robert,2005-04-13,55.86,18.9,14.21,24,24,0,1766.0,73.58,20.79,15.83,2.42,0.17,26.38,21.12,10.71,38.25,28.54,45.04,6.46,0.54,0.25,0.0
1189,Superliga (DK),713238,Matti Bøge Olsen,Matti Olsen,1995-06-07,15.08,2.67,5.19,1,1,0,18.0,18.0,4.0,4.0,0.0,0.0,0.0,0.0,5.0,0.0,0.0,18.0,0.0,0.0,0.0,0.0
1189,Superliga (DK),715433,Tobias Lauritsen,T. Lauritsen,2004-06-18,65.42,16.56,19.46,15,15,0,1227.0,81.8,22.33,19.2,1.6,0.2,18.87,11.53,14.27,26.73,64.33,17.47,3.93,0.47,0.13,0.07
1189,Superliga (DK),723639,Lukas Emil Kirkegaard,L. Kirkegaard,2005-08-31,93.12,25.38,26.51,15,15,0,1342.0,89.47,33.13,32.0,0.33,0.0,0.27,1.93,32.8,9.07,4.93,84.53,1.6,0.27,0.07,0.0
1189,Superliga (DK),731461,Yonis Njoh,Y. Njoh,2004-01-17,53.79,16.21,17.21,10,10,0,698.0,69.8,19.2,14.8,0.9,0.1,24.0,16.0,10.5,35.0,34.9,34.9,5.9,0.4,0.2,0.0
1189,Superliga (DK),735660,Ousmane Diao,O. Diao,2004-06-08,84.09,24.93,18.8,22,22,0,2142.0,97.36,33.73,31.64,0.73,0.14,4.14,4.77,30.55,39.18,12.73,84.64,3.36,0.41,0.14,0.05
1189,Superliga (DK),738136,Jonatan Holm Lindekilde,J. Lindekilde,2006-03-31,61.82,17.36,19.26,17,16,1,1384.0,86.5,24.44,17.94,2.06,0.44,26.69,20.5,11.81,29.94,59.94,26.56,7.5,0.81,0.31,0.12
1189,Superliga (DK),742466,Sho Fukuda,S. Fukuda,2001-03-23,47.85,12.88,12.69,24,23,1,1489.0,64.74,16.83,12.13,1.52,0.26,21.57,11.78,9.39,38.0,23.83,40.91,5.7,0.48,0.22,0.04
1189,Superliga (DK),749127,Lasse Flø Borregaard,L. Flø Borregaard,2005-10-15,68.84,18.44,20.68,28,28,0,2188.0,78.14,25.82,23.36,1.04,0.18,11.64,4.21,21.39,62.18,7.71,70.43,2.0,0.43,0.07,0.0
1189,Superliga (DK),753074,Rúnar Thór Sigurgeirsson,R. Sigurgeirsson,1999-12-28,43.43,10.63,10.82,3,3,0,121.0,40.33,11.0,10.33,0.0,0.0,9.33,5.0,10.0,27.33,7.0,33.33,0.67,0.0,0.0,0.0
1189,Superliga (DK),764505,Clement Mutahi Bischoff,C. Bischoff,2005-12-16,72.42,24.71,21.27,7,7,0,847.0,121.0,38.43,33.14,4.29,0.57,45.14,21.57,24.71,63.29,53.71,67.29,9.0,1.14,0.29,0.0
1189,Superliga (DK),771993,Simon Sylvest Wæver,S. Wæver,1996-01-21,55.42,13.4,18.63,27,24,3,1445.0,60.21,17.04,14.42,0.67,0.12,12.04,6.12,12.67,44.12,8.29,51.92,3.25,0.25,0.08,0.0
1189,Superliga (DK),772005,William Lykke,W. Lykke,2004-09-28,101.36,36.07,26.88,5,5,0,259.0,51.8,18.4,17.8,0.0,0.0,0.0,0.0,18.8,0.0,0.0,51.8,0.0,0.0,0.0,0.0
1189,Superliga (DK),775009,Frederik  Damkjer,F. Damkjer,2007-07-31,16.14,4.48,4.13,7,7,0,141.0,20.14,5.14,5.0,0.14,0.0,3.14,3.29,3.0,7.0,14.57,5.57,0.86,0.14,0.0,0.0
1189,Superliga (DK),786161,Nicolas Gammelgaard,N. Gammelgaard,2008-11-06,13.65,2.44,5.07,2,2,0,23.0,11.5,2.0,1.0,0.0,0.0,2.5,3.0,1.0,6.0,8.5,3.0,0.5,0.0,0.0,0.0
1189,Superliga (DK),797153,Noah Hessellund Markmann,N. Markmann,2007-02-24,81.38,28.11,22.29,24,23,1,3118.0,135.57,52.43,51.87,0.65,0.0,2.04,1.65,52.22,31.39,5.39,130.17,0.74,0.0,0.0,0.0
1189,Superliga (DK),797296,Musa Toure,M. Toure,2005-11-12,37.96,9.91,12.71,13,13,0,633.0,48.69,13.85,9.92,1.38,0.0,13.23,11.31,5.08,11.85,36.85,11.85,4.62,0.38,0.23,0.0
1189,Superliga (DK),799332,Mamadou Lamine Sadio,Lamine Sadio,2007-12-24,74.61,22.52,20.16,10,10,0,1275.0,127.5,30.2,22.4,2.8,0.4,42.7,27.2,15.0,38.3,100.4,27.1,8.2,0.6,0.2,0.0
1189,Superliga (DK),799993,Souleymane Alio,S. Alio,2006-10-28,18.87,5.7,4.21,2,2,0,78.0,39.0,8.5,5.0,1.0,0.0,16.0,13.0,3.0,3.5,36.5,2.5,4.0,0.5,0.5,0.0
1189,Superliga (DK),811238,Noah Teye Nartey,N. Nartey,2005-10-05,73.44,22.71,21.71,17,17,0,2291.0,134.76,38.24,31.71,3.0,0.35,35.65,19.35,21.0,35.18,113.29,21.47,5.65,0.71,0.35,0.0
1189,Superliga (DK),811239,Frederik  Thykær Rieper,F. Rieper,1999-06-19,97.99,25.97,32.62,32,31,1,3232.0,104.26,38.74,37.52,0.35,0.03,0.68,2.55,38.06,14.52,4.45,99.81,2.65,0.16,0.13,0.0
1189,Superliga (DK),811499,Anders Sønderskov,A. Sønderskov,2006-11-04,53.56,9.86,18.58,5,5,0,162.0,32.4,6.2,5.8,0.0,0.0,0.6,1.4,6.0,9.2,4.0,28.4,1.0,0.0,0.0,0.0
1189,Superliga (DK),811500,Tobias  Bach,T. Bach,2003-06-04,82.48,20.67,25.3,21,21,0,1907.0,90.81,26.57,17.0,1.57,0.29,30.86,25.0,10.76,43.81,44.62,46.19,9.62,0.9,0.29,0.05
1189,Superliga (DK),811918,Mike Themsen Kofod,M. Themsen,2006-03-10,57.76,17.1,17.6,29,27,2,2608.0,96.59,25.37,19.22,1.52,0.11,29.11,18.78,12.19,29.78,74.26,22.33,9.22,0.81,0.41,0.0
1189,Superliga (DK),817297,Marcus Bundgaard Sørensen,M. Bundgaard Sørensen,2001-08-05,95.58,23.33,30.7,24,23,1,877.0,38.13,12.87,12.78,0.0,0.0,0.0,0.0,13.13,0.0,0.0,38.13,0.0,0.0,0.0,0.0
1189,Superliga (DK),818236,Bojang Yaya,Bojang Yaya,2004-09-10,50.12,14.49,15.35,27,26,1,1709.0,65.73,25.46,25.08,0.27,0.0,1.15,0.96,25.38,23.31,3.31,62.42,0.92,0.08,0.04,0.0
1189,Superliga (DK),818387,Luka Callø Carstensen,L. Callø Carstensen,2006-05-10,12.39,4.5,4.0,3,3,0,62.0,20.67,8.33,8.33,0.0,0.0,1.0,0.0,8.33,12.0,1.0,19.67,0.0,0.0,0.0,0.0
1189,Superliga (DK),818421,Julius Nielsen,J. Nielsen,2006-04-26,40.18,11.73,13.88,24,23,1,1493.0,64.91,18.48,16.7,0.61,0.13,12.22,5.26,14.39,26.7,25.65,39.26,1.26,0.17,0.04,0.04
1189,Superliga (DK),818598,Max Albæk Andersen,M. Albæk,2006-02-19,15.48,5.42,4.75,4,4,0,113.0,28.25,6.25,6.0,0.5,0.0,2.5,5.0,4.5,7.75,17.25,11.0,2.0,0.5,0.0,0.0
1189,Superliga (DK),819528,Oliver Højer,O. Højer,2007-01-24,44.04,13.56,11.02,5,5,0,328.0,65.6,15.6,13.0,0.4,0.2,19.2,9.4,10.6,23.0,43.6,22.0,1.6,0.0,0.0,0.0
1189,Superliga (DK),825109,Frederik Emmery,F. Emmery,2006-12-25,36.45,10.83,9.04,24,24,0,914.0,38.08,13.46,11.38,1.17,0.21,10.21,6.21,9.17,27.21,6.62,31.46,2.5,0.42,0.12,0.0
1189,Superliga (DK),826906,William Christian Martin,W. Martin,2007-04-23,23.31,7.6,5.82,16,15,1,656.0,43.73,10.73,8.27,0.67,0.07,16.87,9.27,5.6,15.0,33.93,9.8,3.87,0.27,0.13,0.0
1189,Superliga (DK),838626,Ivan Cabrel Djantou Tchaboutang,I. Djantou,2002-03-14,13.82,5.7,1.92,1,1,0,25.0,25.0,8.0,5.0,0.0,0.0,7.0,14.0,0.0,4.0,18.0,7.0,11.0,2.0,0.0,0.0
1189,Superliga (DK),838627,Sidi Mohamed  Cherif Haidara,S. Cherif Haidara,2005-10-02,51.41,12.12,15.9,27,24,3,1385.0,57.71,15.54,11.38,1.33,0.12,15.12,15.62,6.33,12.38,49.29,8.42,6.54,0.71,0.46,0.04
1189,Superliga (DK),838628,Lukas Björklund,L. Björklund,2004-02-16,33.2,8.54,10.27,4,4,0,163.0,40.75,12.25,7.75,1.0,0.0,10.25,9.5,4.25,11.5,31.25,9.5,5.0,0.0,0.0,0.0
1189,Superliga (DK),838629,Caleb Marfo Yirenkyi,C. Yirenkyi,2006-01-15,95.62,33.38,25.43,30,29,1,4898.0,168.9,50.69,46.55,1.83,0.28,33.55,21.03,40.14,34.76,91.45,77.45,7.79,0.69,0.38,0.03
1189,Superliga (DK),838630,Levy Nene,L. Nene,2006-03-17,26.96,8.31,7.12,20,19,1,713.0,37.53,10.05,6.42,1.16,0.21,9.74,15.89,3.68,4.37,28.95,8.58,5.89,0.53,0.32,0.11
1189,Superliga (DK),839120,Julius Berthel Askou Harvey,J. Askou,2006-05-27,76.26,22.47,22.02,30,29,1,3009.0,103.76,37.21,36.24,0.31,0.03,0.66,2.45,36.59,21.41,5.14,98.62,2.45,0.14,0.03,0.0
1189,Superliga (DK),840433,Giorgi Tabatadze,G. Tabatadze,2005-10-29,31.58,8.32,9.43,11,11,0,369.0,33.55,7.55,5.64,0.45,0.09,10.0,4.55,4.91,16.64,15.09,18.45,1.27,0.0,0.0,0.0
1189,Superliga (DK),840442,Hjalte Bidstrup,H. Bidstrup,2006-02-15,68.99,19.06,20.78,27,27,0,2217.0,82.11,24.19,22.15,0.93,0.07,13.7,6.11,20.85,57.41,8.07,74.04,2.15,0.15,0.07,0.0
1189,Superliga (DK),841968,Viktor Bjarki Daðason,V. Daðason,2008-06-30,41.3,12.51,11.31,18,18,0,1004.0,55.78,13.22,6.67,1.0,0.17,16.5,28.06,1.56,5.0,44.67,11.11,13.0,0.89,0.33,0.06
1189,Superliga (DK),842210,Mike Løhde Vestergård,M. Vestergård,1997-11-19,87.7,22.34,26.55,31,31,0,2629.0,84.81,19.9,18.32,0.68,0.1,12.97,2.26,14.19,20.58,64.52,20.29,0.94,0.06,0.0,0.0
1189,Superliga (DK),842215,Sami Jalal,S. Jalal,2004-08-08,77.81,21.48,22.5,31,31,0,3160.0,101.94,26.16,19.16,2.0,0.1,31.45,21.74,11.74,48.55,52.06,49.87,8.81,0.81,0.39,0.0
1189,Superliga (DK),847695,Osman Abdulkadir Addo,O. Addo,2004-03-31,25.93,6.25,6.14,8,8,0,251.0,31.38,6.5,4.38,0.5,0.0,8.88,9.38,2.75,14.38,13.5,17.88,4.12,0.12,0.0,0.0
1189,Superliga (DK),850101,Justin Meltofte Janssen,J. Meltofte Janssen,2006-07-25,62.01,20.98,16.48,29,28,1,2811.0,100.39,35.61,34.29,1.46,0.14,11.82,2.57,29.93,17.96,54.36,46.04,0.39,0.11,0.07,0.0
1189,Superliga (DK),858605,Sebastian Biller Mikkelsen,S. Biller Mikkelsen,2006-11-01,15.45,7.34,2.8,1,1,0,43.0,43.0,11.0,11.0,0.0,0.0,19.0,7.0,12.0,26.0,18.0,25.0,3.0,0.0,0.0,0.0
1189,Superliga (DK),886049,Abdul Hakim Sulemana,A. Hakim Sulemana,2005-02-19,5.62,2.14,1.09,1,1,0,10.0,10.0,7.0,6.0,0.0,0.0,0.0,2.0,5.0,6.0,2.0,8.0,1.0,0.0,0.0,0.0
1189,Superliga (DK),908443,Raphael Canut Pedersen,R. Pedersen,2009-03-31,67.6,16.8,19.81,6,5,1,369.0,73.8,20.6,19.6,0.0,0.0,0.8,1.2,19.0,18.4,4.4,69.4,0.6,0.0,0.0,0.0
1189,Superliga (DK),920530,Olti Hyseni,O. Hyseni,2007-07-17,58.3,13.81,18.17,31,28,3,1866.0,66.64,21.14,16.11,1.68,0.29,19.36,15.0,10.39,33.46,33.21,33.43,4.93,0.57,0.21,0.04
1189,Superliga (DK),920775,Benjamin Dela Hounou Clemmensen,B. Clemmensen,2005-01-04,4.46,2.19,0.69,1,1,0,18.0,18.0,7.0,6.0,0.0,0.0,0.0,2.0,6.0,11.0,6.0,12.0,1.0,0.0,0.0,0.0
1189,Superliga (DK),962303,Sofus Østergaard Grandjean Johannesen,S. Johannesen,2007-05-04,62.05,17.17,18.95,22,21,1,1784.0,84.95,23.48,18.9,2.29,0.24,25.57,11.95,13.52,43.86,40.24,44.71,5.38,0.76,0.38,0.05
1189,Superliga (DK),962305,Julius Emefile,J. Emefile,2007-04-02,32.45,10.85,6.21,4,4,0,168.0,42.0,13.25,7.25,0.75,0.0,13.0,17.75,3.25,7.75,28.5,13.5,6.5,0.5,0.0,0.0
1189,Superliga (DK),966874,Magnus Andersen,M. Andersen,2006-04-03,23.23,4.11,10.42,2,1,1,20.0,20.0,5.0,2.0,1.0,0.0,6.0,3.0,1.0,3.0,16.0,4.0,1.0,1.0,1.0,0.0
1189,Superliga (DK),967568,Kenay Myrie Reyes,Kenay Myrie,2006-09-06,66.7,18.23,20.05,2,2,0,195.0,97.5,23.0,19.0,1.0,0.5,33.0,6.5,15.5,78.5,7.0,90.5,3.0,0.0,0.0,0.0
1189,Superliga (DK),978575,Stefen Erwan Tchamche,S. Tchamche,2006-01-08,15.6,4.09,3.98,13,13,0,259.0,19.92,6.85,3.85,0.38,0.08,7.23,5.23,2.0,6.92,13.0,6.92,2.31,0.62,0.15,0.08
1189,Superliga (DK),982491,Adam Nygaard  Andersen,A. Andersen,2005-09-23,68.51,16.91,23.19,27,26,1,1629.0,62.65,20.54,19.81,0.12,0.04,1.12,2.04,19.96,14.23,3.62,59.04,1.92,0.12,0.04,0.0
1189,Superliga (DK),984941,Peter Villum Berthelsen,V. Berthelsen,2006-04-14,47.32,17.35,12.12,21,20,1,1887.0,94.35,19.25,14.9,1.45,0.0,37.5,20.6,9.2,17.45,81.35,13.0,8.4,0.7,0.3,0.0
1189,Superliga (DK),984943,Markus Andersen Walker,Markus Walker,2006-11-23,40.32,15.25,10.97,7,7,0,568.0,81.14,24.57,22.86,0.57,0.0,9.14,5.71,22.43,50.0,5.0,76.14,1.0,0.0,0.0,0.0
1189,Superliga (DK),987594,Daniel Ingi Jóhannesson,D. Jóhannesson,2007-04-03,26.15,3.31,6.56,2,1,1,11.0,11.0,5.0,3.0,2.0,1.0,1.0,2.0,2.0,2.0,10.0,1.0,0.0,0.0,0.0,0.0
1189,Superliga (DK),987674,Simon  Fynbo Stüker ,S. Stüker,2007-04-23,70.17,18.9,28.59,6,6,0,455.0,75.83,22.67,20.0,1.0,0.17,17.33,7.83,18.17,63.33,3.67,72.17,1.17,0.0,0.0,0.0
1189,Superliga (DK),987676,Malthe Emil Søgaard Hansen,M. Søgaard Hansen,2007-11-21,24.65,6.25,10.52,1,1,0,40.0,40.0,11.0,9.0,0.0,0.0,9.0,10.0,6.0,9.0,34.0,6.0,5.0,1.0,0.0,0.0
1189,Superliga (DK),987678,William Hammelsvang Kirk,W. Kirk,2007-01-13,62.55,18.06,22.87,13,13,0,1104.0,84.92,20.31,16.62,1.31,0.15,23.31,15.77,11.38,29.31,61.54,23.38,6.92,0.31,0.15,0.08
1189,Superliga (DK),987712,Vitus Friis,V. Friis,2007-03-31,9.62,2.05,3.79,1,1,0,9.0,9.0,2.0,2.0,0.0,0.0,2.0,0.0,2.0,3.0,9.0,0.0,0.0,0.0,0.0,0.0
1189,Superliga (DK),987719,Hjalte Boe Rasmussen,H. Rasmussen,2007-10-15,20.41,6.04,5.17,13,12,1,349.0,29.08,7.08,4.25,0.5,0.0,12.17,9.42,2.08,10.08,15.5,13.58,2.25,0.42,0.08,0.0
1189,Superliga (DK),987721,Lasse Embring Legolas Andersen,L. Andersen,2007-02-08,12.95,6.06,1.9,2,2,0,47.0,23.5,6.5,2.0,0.0,0.0,9.5,15.5,0.0,1.5,23.0,0.5,9.0,0.5,0.0,0.0
1189,Superliga (DK),987749,Oskar Skou Haugstrup,O. Haugstrup,2007-06-16,32.74,9.1,11.39,2,2,0,92.0,46.0,11.5,10.5,1.0,0.0,6.5,3.0,6.0,5.0,42.5,3.5,0.5,0.0,0.0,0.0
1189,Superliga (DK),987789,Tobias Lykkebak,T. Lykkebak,2006-07-15,18.6,3.58,3.92,1,1,0,9.0,9.0,2.0,1.0,0.0,0.0,4.0,3.0,1.0,2.0,7.0,2.0,0.0,0.0,0.0,0.0
1189,Superliga (DK),987792,Sander Ravn,S. Ravn,2007-04-08,11.66,2.75,4.21,1,1,0,12.0,12.0,2.0,2.0,0.0,0.0,0.0,2.0,2.0,5.0,6.0,6.0,0.0,0.0,0.0,0.0
1189,Superliga (DK),987800,Hjalte Gitz Christensen,H. Christensen,2007-09-07,68.29,15.24,23.56,3,3,0,133.0,44.33,18.0,16.67,0.0,0.0,0.67,1.33,17.33,11.0,3.0,41.33,1.0,0.0,0.0,0.0
1189,Superliga (DK),988410,Juho Väinö Valtteri Lähteenmäki,J. Valtteri Lähteenmäki,2006-06-15,85.43,28.98,23.83,27,26,1,3402.0,130.85,36.04,31.77,1.69,0.27,29.88,15.62,29.23,88.88,22.23,108.62,7.42,0.69,0.19,0.04
1189,Superliga (DK),994118,Felix Ove Saaby Sommer,F. Ove Saaby Sommer,2009-05-25,9.46,2.48,5.08,1,1,0,9.0,9.0,4.0,4.0,0.0,0.0,0.0,0.0,4.0,3.0,0.0,9.0,0.0,0.0,0.0,0.0
1189,Superliga (DK),998065,Villads Rutkjær,V. Rutkjær,2008-10-04,26.28,9.02,6.47,4,4,0,270.0,67.5,17.5,17.25,0.75,0.0,0.0,0.25,17.75,6.0,2.0,65.5,0.25,0.0,0.0,0.0
1189,Superliga (DK),998071,Jacob Brochner Ambæk,J. Ambæk,2008-03-28,70.08,18.48,19.58,27,26,1,2387.0,91.81,22.19,13.5,1.62,0.31,31.62,33.04,6.04,22.08,62.23,29.58,17.85,1.38,0.58,0.15
1189,Superliga (DK),998076,Malte Såby Heyde,M. Heyde,2007-02-18,31.18,8.22,8.92,17,16,1,673.0,42.06,11.94,10.56,0.56,0.0,6.12,3.81,8.38,8.06,28.44,13.62,0.81,0.0,0.0,0.0
1189,Superliga (DK),998077,Victor Malmqvist Gustafsen,V. Gustafsen,2007-11-14,17.16,4.09,4.39,7,7,0,110.0,15.71,1.86,1.71,0.14,0.0,2.57,2.86,1.57,10.0,1.86,13.86,0.86,0.0,0.0,0.0
1189,Superliga (DK),999684,Mathias Jensen,M. Jensen,2005-04-14,45.13,13.06,12.83,15,14,1,858.0,61.29,15.29,13.93,1.14,0.0,9.93,5.71,11.0,16.71,44.71,16.57,1.64,0.29,0.07,0.0
1189,Superliga (DK),999807,Benicio Christian Pená,B. Pená,2003-03-21,99.88,17.5,30.22,1,1,0,26.0,26.0,6.0,6.0,0.0,0.0,0.0,0.0,6.0,0.0,0.0,26.0,0.0,0.0,0.0,0.0
1189,Superliga (DK),1001173,Stephen Acquah,S. Acquah,2006-01-05,39.23,12.43,11.43,17,17,0,1202.0,70.71,21.76,20.88,0.53,0.0,4.0,3.82,20.71,18.12,6.59,64.12,1.18,0.06,0.06,0.0
1189,Superliga (DK),1002154,Issaka Seidu,I. Seidu,2006-06-05,9.51,3.27,1.68,5,5,0,114.0,22.8,6.0,5.6,0.6,0.0,4.8,3.6,4.6,13.6,9.4,13.4,1.0,0.2,0.2,0.0
1189,Superliga (DK),1003809,Mikkel Bach Løndal,M. Løndal,2006-05-31,36.13,9.83,11.83,1,1,0,44.0,44.0,6.0,6.0,0.0,0.0,2.0,1.0,7.0,37.0,1.0,43.0,0.0,0.0,0.0,0.0
1189,Superliga (DK),1004265,Albert Rrahmani,A. Rrahmani,2007-03-11,11.99,2.99,4.1,6,6,0,85.0,14.17,4.33,2.5,0.33,0.0,4.17,4.17,0.83,3.33,11.33,2.83,0.83,0.17,0.17,0.0
1189,Superliga (DK),1008873,Tómas Óli Kristjánsson,T. Kristjánsson,2008-02-27,18.13,5.48,4.51,10,10,0,265.0,26.5,6.8,5.0,0.5,0.4,7.6,8.6,3.7,8.8,17.5,9.0,3.8,0.6,0.1,0.1
1189,Superliga (DK),1009009,Cyril Edudzi,C. Edudzi,2006-01-15,56.26,17.53,16.57,8,8,0,593.0,74.12,22.62,14.25,2.25,0.25,22.88,22.25,7.0,21.62,44.5,29.62,10.0,1.25,0.88,0.12
1189,Superliga (DK),1017436,Abdou Aziz Ndiaye,A. Ndiaye,2005-11-18,53.95,19.19,14.66,1,1,0,79.0,79.0,18.0,15.0,2.0,0.0,33.0,5.0,11.0,59.0,18.0,61.0,2.0,0.0,0.0,0.0
1189,Superliga (DK),1018406,Kotaro Uchino,K. Uchino,2004-06-19,18.9,6.55,5.92,5,5,0,159.0,31.8,9.6,5.6,1.6,0.0,7.8,16.8,2.4,3.8,26.4,5.4,5.6,1.2,0.8,0.0
1189,Superliga (DK),1018407,Prince junior Amoako,P. Amoako,2007-05-01,80.6,29.44,21.09,31,30,1,3756.0,125.2,36.53,28.07,3.63,0.53,42.93,26.3,20.4,62.43,52.3,72.9,7.13,1.1,0.47,0.03
1189,Superliga (DK),1018408,Malthe Riis Ladefoged,M. Riis Ladefoged,2005-12-14,32.37,11.16,7.99,4,4,0,221.0,55.25,18.0,17.75,0.0,0.0,0.0,0.5,18.25,13.5,1.5,53.75,0.5,0.0,0.0,0.0
1189,Superliga (DK),1018417,Abdoulaye Camara,A. Camara,2006-12-21,38.99,10.88,11.16,19,19,0,922.0,48.53,11.95,6.95,0.79,0.0,14.89,15.21,4.05,18.32,25.89,22.63,8.16,0.58,0.26,0.0
1189,Superliga (DK),1019231,Benjamin Örn,B. Örn,2004-04-26,33.3,9.53,9.46,6,6,0,281.0,46.83,15.17,14.33,0.0,0.0,11.67,2.5,13.0,39.33,5.17,41.67,1.17,0.17,0.0,0.0
1189,Superliga (DK),1021688,Pachanga Cassoma Kristensen,P. Kristensen,2006-12-07,41.14,8.88,12.81,12,11,1,310.0,28.18,9.45,9.09,0.45,0.0,0.82,1.82,8.45,11.18,2.82,25.36,1.09,0.09,0.09,0.0
1189,Superliga (DK),1028036,Ousseynou Fall Seck,O. Seck,2007-06-22,26.0,7.85,7.61,12,11,1,437.0,39.73,12.64,10.27,1.09,0.0,10.55,11.09,7.27,8.36,31.09,8.64,4.91,0.27,0.09,0.0
1189,Superliga (DK),1028160,Selma Kjær Karstensen,S. Kjær Karstensen,2008-01-07,9.65,2.91,0.76,2,2,0,27.0,13.5,5.5,5.5,0.0,0.0,2.0,2.0,4.5,7.0,4.0,9.5,0.5,0.0,0.0,0.0
1189,Superliga (DK),1029015,Anders Raffnsøe Hoeg,A. Raffnsøe Hoeg,2006-03-27,,,,1,0,1,,,,,,,,,,,,,,,,
1189,Superliga (DK),1030691,Oskar Fenger,O. Fenger,2008-03-07,10.28,3.09,2.89,1,1,0,14.0,14.0,5.0,2.0,0.0,0.0,6.0,7.0,1.0,0.0,9.0,5.0,2.0,0.0,0.0,0.0
1189,Superliga (DK),1031905,Max Jensen,M. Jensen,2008-03-27,30.24,6.91,10.23,10,10,0,326.0,32.6,5.5,4.0,0.2,0.1,6.0,3.2,3.7,16.0,17.6,15.0,1.4,0.1,0.0,0.0
1189,Superliga (DK),1033233,Viggo Poulsen,V. Poulsen,2008-04-07,24.85,6.89,7.02,8,8,0,322.0,40.25,10.12,8.0,1.0,0.0,14.0,13.62,3.5,11.62,33.88,6.38,6.62,1.38,0.38,0.0
1189,Superliga (DK),1033234,Andrè Escobar Jensen,A. Escobar,2007-08-22,1.66,0.23,0.95,1,1,0,0.0,0.0,0.0,0.0,0.0,0.0,0.0,0.0,0.0,0.0,0.0,0.0,0.0,0.0,0.0,0.0
1189,Superliga (DK),1036660,Adam Kleis-Kristoffersen,A. Kleis-Kristoffersen,2008-07-14,21.43,7.53,3.85,3,3,0,69.0,23.0,6.67,1.33,0.67,0.33,4.33,12.33,0.33,0.67,18.67,4.33,5.67,0.0,0.0,0.0
1189,Superliga (DK),1039385,Bogere James,B. James,2008-02-02,23.3,5.94,5.05,3,3,0,77.0,25.67,8.0,5.33,1.67,0.33,6.33,12.67,2.67,4.33,19.33,6.33,7.0,1.0,0.67,0.0
1189,Superliga (DK),1044686,Vianney Geovanni ,V. Geovanni,2007-09-25,22.2,6.14,4.45,10,10,0,273.0,27.3,7.5,4.3,0.7,0.1,10.4,11.7,1.0,5.3,22.5,4.8,4.9,0.7,0.3,0.1
1189,Superliga (DK),1066797,Elias valdemar Hjort-pedersen,E. Hjort-pedersen,2007-01-01,12.25,2.52,2.78,1,1,0,9.0,9.0,1.0,0.0,0.0,0.0,3.0,5.0,0.0,1.0,5.0,4.0,2.0,0.0,0.0,0.0
