competition_edition,league,player_id,player_name,player_short_name,player_birthdate,minutes,minutes_tip,minutes_otip,performance_count,performance_included_count,performance_failed_count,onballengagement_count_total,onballengagement_count,onballengagement_count_directregain,onballengagement_pct_directregain,onballengagement_count_indirectregain,onballengagement_pct_indirectregain,onballengagement_count_directdisruption,onballengagement_pct_directdisruption,onballengagement_count_indirectdisruption,onballengagement_pct_indirectdisruption,onballengagement_count_abovehsr,onballengagement_count_forcedbackward,onballengagement_pct_forcedbackward,onballengagement_count_beatenbymovement,onballengagement_pct_beatenbymovement,onballengagement_count_beatenbypossession,onballengagement_pct_beatenbypossession,onballengagement_count_pressingchain,onballengagement_count_consecutive,onballengagement_count_forwardtrajectory,onballengagement_count_dangeroussituation,onballengagement_count_dangeroussituation_dangermitigated,onballengagement_pct_dangermitigated,onballengagement_count_linebreakaffected,onballengagement_pct_linebreakaffected
1396,Eliteserien (NO),4560,Iver Tobias Rørvik Fossum,I. Fossum,1996-07-15,68.59,18.74,17.64,13,12,1,443.0,36.92,0.83,2.26,6.58,17.83,0.5,1.35,1.08,2.93,4.25,2.08,5.64,0.17,0.45,0.67,1.81,8.33,6.25,10.5,12.0,1.25,3.98,2.58,7.0
1396,Eliteserien (NO),4626,Jakob Let Haugaard,J. Haugaard,1992-05-01,99.01,30.24,30.67,16,16,0,0.0,0.0,0.0,,0.0,,0.0,,0.0,,0.0,0.0,,0.0,,0.0,,0.0,0.0,0.0,0.0,0.0,,0.0,
1396,Eliteserien (NO),5035,Jo Inge Berget,J. Berget,1990-09-11,26.05,6.7,7.46,8,8,0,111.0,13.88,0.38,2.7,1.25,9.01,0.0,0.0,0.5,3.6,1.62,1.25,9.01,0.0,0.0,0.12,0.9,6.12,2.25,5.5,1.5,0.0,0.0,1.12,8.11
1396,Eliteserien (NO),6545,Magnus  Wolff Eikrem,M. Wolff Eikrem,1990-08-08,47.49,12.77,15.06,12,12,0,382.0,31.83,0.17,0.52,4.17,13.09,0.17,0.52,0.75,2.35,3.0,3.17,9.95,0.0,0.0,0.0,0.0,15.0,5.33,12.0,2.83,0.17,1.72,3.33,10.47
1396,Eliteserien (NO),7208,Mats  Møller Dæhli,M. Møller Dæhli,1995-03-02,83.48,27.84,21.84,8,8,0,321.0,40.12,2.5,6.23,7.38,18.38,0.25,0.62,1.12,2.8,6.62,2.12,5.29,0.25,0.62,1.25,3.12,7.5,7.0,8.62,17.5,3.12,8.46,2.75,6.85
1396,Eliteserien (NO),7389,Menno Koch,M. Koch,1994-07-02,62.12,12.96,19.41,9,9,0,62.0,6.89,0.67,9.68,1.44,20.97,0.11,1.61,0.11,1.61,1.11,0.11,1.61,0.22,3.23,0.33,4.84,1.22,0.22,1.67,4.44,1.22,19.07,0.0,0.0
1396,Eliteserien (NO),8175,Ole Kristian Selnæs,O. Selnæs,1994-07-07,74.54,20.5,18.92,13,12,1,364.0,30.33,1.33,4.39,5.0,16.48,0.42,1.37,1.08,3.57,3.92,1.08,3.57,0.17,0.55,0.33,1.1,7.83,4.25,6.0,10.67,2.58,9.19,2.17,7.14
1396,Eliteserien (NO),11774,Fredrik Gulbrandsen,F. Gulbrandsen,1992-09-10,51.42,16.81,12.47,15,15,0,374.0,24.93,0.33,1.34,3.6,14.44,0.07,0.27,1.33,5.35,5.73,1.73,6.95,0.0,0.0,0.27,1.07,10.87,3.47,7.8,3.0,0.13,0.99,1.87,7.49
1396,Eliteserien (NO),12011,Jonas Svensson,J. Svensson,1993-03-06,56.19,16.88,13.36,11,10,1,220.0,22.0,1.0,4.55,4.8,21.82,0.2,0.91,0.8,3.64,2.5,0.8,3.64,0.5,2.27,0.7,3.18,6.0,4.3,6.6,6.8,1.4,7.64,0.9,4.09
1396,Eliteserien (NO),12028,Sigurd Rosted,S. Rosted,1994-07-22,96.47,25.66,30.55,6,6,0,92.0,15.33,0.83,5.43,3.0,19.56,0.17,1.09,0.5,3.26,1.83,0.17,1.09,0.33,2.17,0.17,1.09,3.33,1.67,3.17,8.67,2.83,18.94,0.0,0.0
1396,Eliteserien (NO),13029,Jón Dagur Thorsteinsson,J. Thorsteinsson,1998-11-26,73.39,22.93,17.19,12,12,0,459.0,38.25,0.92,2.4,6.0,15.68,0.42,1.09,1.08,2.83,7.0,2.67,6.97,0.08,0.22,0.25,0.65,14.75,6.75,11.17,7.42,1.08,2.9,3.17,8.28
1396,Eliteserien (NO),13032,Haitam Aleesami,H. Aleesami,1991-07-31,88.65,34.91,20.9,13,13,0,175.0,13.46,1.0,7.43,3.46,25.71,0.15,1.14,0.77,5.71,2.31,0.23,1.71,0.38,2.86,0.62,4.57,3.15,1.15,1.69,6.69,1.54,12.83,0.23,1.71
1396,Eliteserien (NO),13034,Martin Linnes,M. Linnes,1991-09-20,54.5,18.08,12.89,10,10,0,170.0,17.0,0.9,5.29,3.3,19.41,0.4,2.36,0.9,5.29,1.6,1.1,6.47,0.2,1.18,0.4,2.35,4.3,2.6,4.5,6.0,1.5,9.88,0.7,4.12
1396,Eliteserien (NO),13127,Caleb Zady Sery,C. Zady Sery,1999-12-20,48.32,16.01,11.3,11,11,0,198.0,18.0,0.82,4.55,2.64,14.65,0.09,0.51,0.82,4.55,3.45,2.0,11.11,0.09,0.5,0.27,1.52,6.09,2.36,5.09,3.55,0.55,3.45,1.91,10.61
1396,Eliteserien (NO),13239,Vegar Eggen Hedenstad,V. Hedenstad,1991-06-26,33.81,10.06,8.26,7,7,0,58.0,8.29,0.14,1.72,2.14,25.86,0.14,1.72,0.0,0.0,0.57,0.71,8.62,0.0,0.0,0.14,1.72,1.14,0.57,2.86,2.43,0.43,8.09,0.57,6.9
1396,Eliteserien (NO),13245,Arild Østbø,A. Østbø,1991-04-19,100.63,25.23,31.25,6,6,0,0.0,0.0,0.0,,0.0,,0.0,,0.0,,0.0,0.0,,0.0,,0.0,,0.0,0.0,0.0,0.0,0.0,,0.0,
1396,Eliteserien (NO),13247,Erlend Dahl Reitan,E. Reitan,1997-09-11,94.87,22.29,29.34,16,16,0,388.0,24.25,0.5,2.06,4.81,19.85,0.19,0.77,0.81,3.35,4.44,1.06,4.38,0.5,2.06,0.62,2.58,3.75,2.56,5.44,10.62,1.69,8.17,0.69,2.84
1396,Eliteserien (NO),13289,Anders Trondsen,A. Trondsen,1995-03-30,41.35,12.31,12.46,12,12,0,295.0,24.58,0.42,1.69,3.25,13.22,0.08,0.34,0.58,2.37,1.92,1.58,6.44,0.17,0.68,0.5,2.03,5.5,4.42,6.58,7.83,1.08,4.59,3.33,13.56
1396,Eliteserien (NO),13304,Veton Berisha,V. Berisha,1994-04-13,11.38,5.82,2.7,1,1,0,10.0,10.0,0.0,0.0,2.0,20.0,0.0,0.0,1.0,10.0,3.0,1.0,10.0,0.0,0.0,0.0,0.0,5.0,1.0,3.0,0.0,0.0,,0.0,0.0
1396,Eliteserien (NO),13531,Olaus Jair Skarsem,O. Skarsem,1998-07-02,35.32,10.66,11.42,4,4,0,96.0,24.0,0.75,3.12,1.75,7.29,0.0,0.0,1.25,5.21,5.5,2.25,9.38,0.0,0.0,0.0,0.0,8.25,3.5,6.75,5.75,0.75,2.84,2.25,9.37
1396,Eliteserien (NO),13534,Emil Konradsen Ceide,E. Ceide,2001-09-03,89.39,24.31,24.34,16,15,1,837.0,55.8,1.2,2.15,8.2,14.7,0.33,0.6,2.13,3.82,6.27,5.47,9.8,0.07,0.12,0.93,1.67,21.07,10.13,19.53,8.93,0.93,1.77,6.0,10.75
1396,Eliteserien (NO),13541,Alexander Munksgaard Nielsen,A. Munksgaard,1997-12-13,96.13,25.75,31.23,15,15,0,488.0,32.53,1.27,3.89,5.47,16.8,0.33,1.02,1.4,4.3,2.53,1.87,5.74,0.67,2.05,0.73,2.25,5.47,3.93,8.8,12.13,2.07,7.13,1.33,4.1
1396,Eliteserien (NO),13653,Santeri Väänänen,S. Väänänen,2002-01-01,64.25,17.27,17.88,8,8,0,235.0,29.38,1.12,3.83,6.0,20.42,0.25,0.85,1.0,3.4,2.75,1.88,6.38,0.25,0.85,0.62,2.13,6.5,3.25,7.88,12.38,2.88,11.26,2.0,6.81
1396,Eliteserien (NO),14031,Pontus Jacob Ragne Dahlberg,P. Dahlberg,1999-01-21,100.37,29.12,28.03,16,16,0,0.0,0.0,0.0,,0.0,,0.0,,0.0,,0.0,0.0,,0.0,,0.0,,0.0,0.0,0.0,0.0,0.0,,0.0,
1396,Eliteserien (NO),14675,Henrik Rørvik Bjørdal,H. Bjørdal,1997-02-04,88.2,24.74,24.79,15,15,0,838.0,55.87,1.67,2.98,7.47,13.36,0.27,0.48,1.87,3.34,7.67,3.07,5.49,0.27,0.48,0.2,0.36,20.8,9.6,19.73,8.93,1.33,3.54,5.07,9.07
1396,Eliteserien (NO),15157,Filip Manojlović,F. Manojlović,1996-04-25,97.18,29.34,29.9,1,1,0,0.0,0.0,0.0,,0.0,,0.0,,0.0,,0.0,0.0,,0.0,,0.0,,0.0,0.0,0.0,0.0,0.0,,0.0,
1396,Eliteserien (NO),16332,Noah Jean Holm,N. Holm,2001-05-23,84.57,26.6,19.5,16,16,0,719.0,44.94,0.56,1.25,5.94,13.21,0.12,0.28,1.56,3.48,8.5,2.31,5.14,0.0,0.0,0.06,0.14,19.19,7.81,15.56,3.0,0.5,1.33,3.25,7.23
1396,Eliteserien (NO),16365,Bjørn Inge Utvik,B. Utvik,1996-02-28,101.25,25.52,32.49,16,16,0,247.0,15.44,1.5,9.72,2.88,18.62,0.19,1.21,0.69,4.45,2.75,0.38,2.43,0.69,4.45,0.81,5.26,2.06,1.12,2.19,9.56,1.81,12.29,0.19,1.21
1396,Eliteserien (NO),16390,Lunan Ruben Gabrielsen,R. Gabrielsen,1992-03-10,100.34,29.14,27.7,14,14,0,182.0,13.0,1.0,7.69,3.0,23.08,0.21,1.65,0.29,2.2,2.0,0.71,5.49,0.79,6.04,0.43,3.3,2.29,0.86,2.29,7.21,1.93,17.01,0.21,1.65
1396,Eliteserien (NO),16397,Petter  Dahle Strand,P. Strand,1994-08-24,40.09,11.19,11.69,16,16,0,464.0,29.0,0.81,2.8,3.44,11.85,0.06,0.22,0.62,2.16,4.62,3.06,10.56,0.12,0.43,0.75,2.59,6.5,6.06,8.06,11.25,0.94,5.1,3.38,11.64
1396,Eliteserien (NO),16400,Eirik Hestad,E. Hestad,1995-06-26,80.73,26.78,19.86,14,14,0,679.0,48.5,1.14,2.36,7.07,14.58,0.21,0.44,1.43,2.94,6.21,4.79,9.87,0.14,0.29,0.29,0.59,19.07,10.43,16.0,8.93,1.5,4.45,4.07,8.39
1396,Eliteserien (NO),16406,Kristoffer  Haugen,K. Haugen,1994-02-21,84.39,23.18,22.91,14,14,0,355.0,25.36,0.93,3.66,4.79,18.87,0.36,1.41,1.57,6.2,4.36,1.64,6.48,0.14,0.56,0.5,1.97,7.86,3.71,7.36,7.14,1.21,4.94,1.36,5.35
1396,Eliteserien (NO),16408,Emil Varhaugvik Breivik,E. Breivik,2000-06-11,99.92,32.73,24.64,16,16,0,1070.0,66.88,1.62,2.43,11.69,17.48,0.56,0.84,2.38,3.55,12.19,4.62,6.92,0.12,0.19,0.44,0.65,28.06,13.5,20.94,10.62,1.44,2.89,5.81,8.69
1396,Eliteserien (NO),16417,Simen Rafn,S. Rafn,1992-02-16,75.02,21.52,22.19,11,10,1,200.0,20.0,0.8,4.0,2.3,11.5,0.1,0.5,0.9,4.5,1.7,1.4,7.0,0.5,2.5,0.8,4.0,3.9,2.2,6.2,9.2,2.1,11.09,0.9,4.5
1396,Eliteserien (NO),16421,Thomas  Lehne Olsen,T. Lehne Olsen,1991-06-29,81.04,23.99,23.83,11,11,0,651.0,59.18,0.27,0.46,7.0,11.83,0.0,0.0,2.36,4.0,9.0,4.64,7.83,0.09,0.15,0.27,0.46,31.09,11.64,18.91,2.91,0.27,0.52,7.18,12.13
1396,Eliteserien (NO),16432,Lars Mogstad Ranger,L. Ranger,1999-03-12,94.95,27.65,26.06,15,15,0,499.0,33.27,2.0,6.01,5.4,16.23,0.33,1.0,1.33,4.01,3.73,1.4,4.21,0.13,0.4,1.13,3.41,5.8,3.4,7.93,12.8,2.53,8.17,0.67,2.0
1396,Eliteserien (NO),16457,Ulrik Yttergård Jenssen,U. Yttergård Jenssen,1996-07-17,70.92,19.3,22.55,10,10,0,137.0,13.7,0.5,3.65,3.2,23.36,0.0,0.0,0.6,4.38,2.3,0.4,2.92,1.0,7.3,0.4,2.92,1.7,1.7,2.6,8.3,1.8,14.37,0.1,0.73
1396,Eliteserien (NO),16471,Jacob Steen Christensen,J. Christensen,2001-06-25,54.03,17.55,13.25,10,10,0,256.0,25.6,1.5,5.86,5.2,20.31,0.3,1.17,0.7,2.73,3.7,1.1,4.3,0.3,1.17,0.5,1.95,6.2,4.9,7.4,9.1,1.5,7.12,1.2,4.69
1396,Eliteserien (NO),19503,Sebastian Griesbeck,S. Griesbeck,1990-10-03,48.36,11.0,17.15,7,7,0,52.0,7.43,0.29,3.85,1.86,25.0,0.0,0.0,0.0,0.0,0.57,0.0,0.0,0.57,7.69,0.29,3.85,0.86,0.71,1.14,4.71,1.14,17.05,0.0,0.0
1396,Eliteserien (NO),22150,Rabbi Matondo,R. Matondo,2000-09-09,15.25,3.2,3.97,3,3,0,24.0,8.0,0.0,0.0,1.67,20.84,0.0,0.0,0.0,0.0,0.67,0.33,4.17,0.33,4.17,0.33,4.17,2.0,1.0,2.33,1.33,0.67,18.75,0.67,8.34
1396,Eliteserien (NO),24783,Kristoffer Askildsen,K. Askildsen,2001-01-09,89.27,25.19,24.64,15,15,0,586.0,39.07,1.4,3.58,6.2,15.87,0.53,1.36,1.27,3.24,5.4,2.0,5.12,0.13,0.34,0.67,1.71,13.67,7.0,11.73,9.87,1.6,4.97,2.67,6.83
1396,Eliteserien (NO),24898,Håkon Evjen,H. Evjen,2000-02-14,62.96,25.38,14.84,13,13,0,473.0,36.38,1.08,2.96,6.31,17.34,0.15,0.42,1.38,3.81,4.85,2.46,6.76,0.08,0.21,0.23,0.63,16.0,7.85,9.46,5.23,1.15,3.91,3.0,8.25
1396,Eliteserien (NO),24914,Romano Postema,R. Postema,2002-02-07,17.49,4.37,4.56,2,2,0,27.0,13.5,0.0,0.0,2.0,14.81,0.0,0.0,0.5,3.7,4.5,0.5,3.7,0.5,3.7,0.5,3.7,5.0,3.0,3.0,2.0,0.0,0.0,2.0,14.81
1396,Eliteserien (NO),25350,Xander Lambrix,X. Lambrix,2000-03-25,99.08,29.91,27.87,16,16,0,318.0,19.88,1.0,5.03,4.25,21.38,0.25,1.26,0.62,3.14,2.94,0.62,3.14,0.81,4.09,0.62,3.14,2.88,2.31,4.88,11.38,2.31,12.24,0.56,2.83
1396,Eliteserien (NO),26360,Zlatko Tripić,Z. Tripić,1992-12-02,93.44,26.37,26.2,15,15,0,684.0,45.6,1.0,2.19,5.8,12.72,0.2,0.44,1.8,3.95,5.87,4.4,9.65,0.0,0.0,0.27,0.58,22.2,7.87,19.67,6.73,0.53,1.66,5.0,10.96
1396,Eliteserien (NO),27361,Anders Bloch Bærtelsen,A. Bærtelsen,2000-05-09,53.21,15.97,15.04,11,11,0,91.0,8.27,0.64,7.69,1.73,20.88,0.0,0.0,0.55,6.6,1.45,0.18,2.2,0.27,3.3,0.55,6.6,1.45,0.82,1.45,4.45,1.09,14.61,0.09,1.1
1396,Eliteserien (NO),27373,Mathias Kristensen,M. Kristensen,1997-03-21,19.48,5.57,4.92,1,1,0,2.0,2.0,0.0,0.0,0.0,0.0,0.0,0.0,0.0,0.0,0.0,0.0,0.0,0.0,0.0,0.0,0.0,1.0,0.0,1.0,0.0,0.0,,0.0,0.0
1396,Eliteserien (NO),27376,Jacob  Lungi Sørensen,J. Sørensen,1998-03-03,82.11,26.1,18.4,13,13,0,485.0,37.31,1.38,3.71,8.38,22.47,0.38,1.03,0.92,2.47,3.69,1.69,4.54,0.62,1.65,0.92,2.47,8.15,5.77,6.69,13.92,3.08,9.18,1.62,4.33
1396,Eliteserien (NO),27379,Jonas Søgaard Mortensen,J. Mortensen,2001-01-16,51.75,12.39,15.93,11,11,0,255.0,23.18,1.55,6.67,3.36,14.51,0.18,0.79,1.45,6.27,3.64,1.18,5.1,0.55,2.35,0.91,3.92,3.55,4.27,4.64,10.27,2.09,9.79,1.18,5.1
1396,Eliteserien (NO),27421,Kevin N'Goyi Tshiembe,K. Tshiembe,1997-03-31,42.83,12.61,11.93,8,8,0,57.0,7.12,0.5,7.02,1.38,19.3,0.38,5.26,0.38,5.26,1.12,0.12,1.75,0.12,1.75,0.5,7.02,1.12,0.75,1.25,4.38,0.88,14.22,0.0,0.0
1396,Eliteserien (NO),27425,Magnus Westergaard,M. Westergaard,1998-05-27,66.38,18.01,20.63,16,16,0,507.0,31.69,1.38,4.34,5.62,17.75,0.44,1.38,0.94,2.96,6.5,1.5,4.73,0.31,0.99,0.44,1.38,7.25,4.94,7.12,12.88,2.12,7.56,2.38,7.49
1396,Eliteserien (NO),27444,Sander Svendsen,S. Svendsen,1997-08-06,60.84,19.34,15.96,2,2,0,64.0,32.0,0.5,1.56,4.0,12.5,0.0,0.0,1.5,4.69,2.0,2.0,6.25,0.0,0.0,0.0,0.0,12.0,6.0,9.5,5.5,0.5,2.04,3.0,9.37
1396,Eliteserien (NO),27466,Kasper Waarst Høgh,K. Høgh,2000-12-06,81.52,33.09,18.62,12,12,0,423.0,35.25,0.17,0.47,4.25,12.06,0.0,0.0,1.08,3.07,6.0,2.08,5.91,0.0,0.0,0.25,0.71,21.0,5.42,11.42,1.33,0.17,0.53,4.67,13.24
1396,Eliteserien (NO),27499,Peter Buch Christiansen,P. Christiansen,1999-12-02,95.37,26.89,26.58,15,15,0,969.0,64.6,0.47,0.72,9.27,14.34,0.2,0.31,2.53,3.92,14.67,4.73,7.33,0.0,0.0,0.0,0.0,38.53,12.2,20.53,3.27,0.27,0.52,6.4,9.91
1396,Eliteserien (NO),28093,Aslak  Fonn Witry,A. Witry,1996-03-10,72.09,18.67,20.51,11,10,1,257.0,25.7,1.0,3.89,4.7,18.29,0.5,1.95,1.1,4.28,3.0,0.9,3.5,0.7,2.72,1.2,4.67,4.5,2.6,6.0,11.3,2.5,11.51,0.6,2.33
1396,Eliteserien (NO),28203,Eirik Haugan,E. Haugan,1997-08-27,35.11,10.49,7.87,9,9,0,57.0,6.33,0.67,10.53,2.0,31.58,0.33,5.26,0.11,1.75,0.78,0.11,1.75,0.22,3.51,0.22,3.51,1.0,0.67,1.44,3.44,1.0,15.03,0.11,1.75
1396,Eliteserien (NO),28836,Michael Lansing,M. Lansing,1994-06-13,102.27,25.58,31.14,4,4,0,0.0,0.0,0.0,,0.0,,0.0,,0.0,,0.0,0.0,,0.0,,0.0,,0.0,0.0,0.0,0.0,0.0,,0.0,
1396,Eliteserien (NO),28842,Anders Klynge,A. Klynge,2000-10-14,29.49,12.48,6.77,6,6,0,81.0,13.5,0.5,3.7,1.67,12.35,0.0,0.0,0.17,1.23,1.83,0.17,1.23,0.17,1.23,0.33,2.47,5.83,2.5,2.33,3.17,1.17,10.45,1.67,12.35
1396,Eliteserien (NO),28872,Oscar Hedvall,O. Hedvall,1998-08-09,100.74,27.75,29.51,16,16,0,0.0,0.0,0.0,,0.0,,0.0,,0.0,,0.0,0.0,,0.0,,0.0,,0.0,0.0,0.0,0.0,0.0,,0.0,
1396,Eliteserien (NO),29461,Mathias Lønne Dyngeland,M. Dyngeland,1995-10-07,100.26,32.43,23.08,9,9,0,0.0,0.0,0.0,,0.0,,0.0,,0.0,,0.0,0.0,,0.0,,0.0,,0.0,0.0,0.0,0.0,0.0,,0.0,
1396,Eliteserien (NO),29468,Tom Strannegard,T. Strannegard,2002-04-29,98.34,22.48,31.6,17,17,0,733.0,43.12,1.59,3.68,6.06,14.05,0.94,2.18,2.12,4.91,4.29,3.71,8.59,0.82,1.91,0.76,1.77,8.12,7.06,13.12,14.47,1.94,4.87,2.06,4.78
1396,Eliteserien (NO),29775,Aimar Sher,A. Sher,2002-12-20,88.76,23.64,26.88,14,14,0,455.0,32.5,1.29,3.96,5.71,17.58,0.29,0.88,1.21,3.74,2.29,1.36,4.18,0.43,1.32,0.79,2.42,6.29,4.07,7.5,14.79,2.0,6.61,1.71,5.28
1396,Eliteserien (NO),29970,Frederik Elkær,F. Elkær,2001-12-08,69.86,19.54,20.15,8,8,0,145.0,18.12,0.38,2.07,3.0,16.55,0.25,1.38,1.5,8.28,2.5,0.62,3.45,0.25,1.38,0.5,2.76,2.88,1.75,4.88,6.88,1.25,8.54,0.5,2.76
1396,Eliteserien (NO),30589,Isak Dahlqvist,I. Dahlqvist,2001-09-25,53.99,14.98,16.52,2,2,0,70.0,35.0,0.0,0.0,7.0,20.0,0.0,0.0,3.0,8.57,4.0,3.5,10.0,0.0,0.0,3.5,10.0,8.5,5.5,8.0,15.0,2.5,7.25,4.5,12.85
1396,Eliteserien (NO),31028,Patrick Berg,P. Berg,1997-11-24,92.15,38.04,20.59,15,15,0,546.0,36.4,1.8,4.94,8.47,23.26,0.2,0.55,1.27,3.48,5.67,1.87,5.13,0.2,0.55,0.4,1.1,12.33,5.67,8.6,9.8,2.13,6.67,1.47,4.03
1396,Eliteserien (NO),31059,Dino Islamović,D. Islamović,1994-01-17,56.55,15.17,15.65,11,11,0,374.0,34.0,0.36,1.07,4.0,11.77,0.09,0.27,1.18,3.48,5.36,2.64,7.75,0.0,0.0,0.09,0.27,18.64,5.36,11.18,3.18,0.27,2.05,4.36,12.84
1396,Eliteserien (NO),31450,Magnar Ødegaard,M. Ødegaard,1993-05-11,45.51,11.46,15.61,9,9,0,72.0,8.0,0.22,2.78,1.67,20.83,0.22,2.78,0.11,1.39,0.44,0.0,0.0,0.44,5.56,0.0,0.0,0.44,0.44,0.89,4.78,1.67,22.3,0.22,2.78
1396,Eliteserien (NO),32324,Jens Petter Hauge,J. Hauge,1999-10-12,71.39,29.49,15.92,14,14,0,461.0,32.93,1.57,4.77,5.07,15.4,0.29,0.87,0.64,1.95,5.86,2.64,8.03,0.0,0.0,0.43,1.3,12.86,6.64,9.5,4.86,0.64,2.56,1.64,4.99
1396,Eliteserien (NO),32363,Markus Soomets,M. Soomets,2000-03-02,50.81,11.13,16.33,11,11,0,320.0,29.09,1.36,4.69,4.27,14.69,0.18,0.62,0.82,2.81,3.55,1.64,5.62,0.27,0.94,0.27,0.94,3.73,3.64,8.55,13.18,1.36,5.0,2.64,9.06
1396,Eliteserien (NO),32780,Evangelos Patoulidis,E. Patoulidis,2001-09-24,75.23,23.77,20.64,16,16,0,676.0,42.25,0.75,1.77,5.12,12.13,0.12,0.3,1.19,2.81,6.19,4.75,11.24,0.06,0.15,0.5,1.18,15.0,8.0,14.94,9.44,0.75,2.52,5.38,12.72
1396,Eliteserien (NO),33307,Adrian Nilsen Pereira,A. Pereira,1999-08-31,50.4,13.79,11.34,11,10,1,204.0,20.4,1.0,4.9,3.1,15.2,0.4,1.96,1.2,5.88,3.1,0.6,2.94,0.1,0.49,0.6,2.94,4.2,3.2,5.2,5.4,1.0,5.9,0.9,4.41
1396,Eliteserien (NO),34118,Birk Risa,B. Risa,1998-02-13,87.36,28.82,21.63,15,15,0,165.0,11.0,0.73,6.67,2.93,26.67,0.13,1.21,0.4,3.64,2.87,0.2,1.82,0.47,4.24,0.67,6.06,1.53,0.87,1.13,6.73,1.0,9.48,0.13,1.21
1396,Eliteserien (NO),34121,Ola Brynhildsen,O. Brynhildsen,1999-04-27,48.85,20.07,10.94,11,11,0,293.0,26.64,0.27,1.02,2.64,9.9,0.27,1.02,0.91,3.41,3.73,3.18,11.94,0.0,0.0,0.0,0.0,12.82,5.18,10.64,1.73,0.09,0.66,3.09,11.6
1396,Eliteserien (NO),35016,Krzysztof Bąkowski,K. Bąkowski,2003-01-04,99.38,32.98,21.73,2,2,0,0.0,0.0,0.0,,0.0,,0.0,,0.0,,0.0,0.0,,0.0,,0.0,,0.0,0.0,0.0,0.0,0.0,,0.0,
1396,Eliteserien (NO),36528,Patrick Robert Metcalfe,P. Metcalfe,1998-11-11,83.96,25.74,26.16,13,13,0,588.0,45.23,1.0,2.21,6.0,13.26,0.62,1.36,2.15,4.76,3.08,3.85,8.5,0.15,0.34,1.46,3.23,7.46,6.69,14.15,15.38,2.69,6.75,4.62,10.2
1396,Eliteserien (NO),36568,Leonard Owusu,L. Owusu,1997-06-03,75.54,20.35,22.55,12,12,0,383.0,31.92,1.08,3.39,3.83,12.01,0.17,0.52,0.58,1.83,3.0,2.92,9.14,0.42,1.3,0.33,1.04,9.5,4.5,6.58,11.67,1.42,5.11,4.42,13.84
1396,Eliteserien (NO),37948,Bård Finne,B. Finne,1995-02-13,44.41,13.67,11.04,13,13,0,330.0,25.38,0.54,2.12,3.62,14.24,0.15,0.61,0.54,2.12,4.38,1.31,5.15,0.0,0.0,0.0,0.0,12.0,4.85,9.23,2.08,0.08,0.48,2.31,9.09
1396,Eliteserien (NO),38053,Luc Mares,L. Mares,1996-10-03,92.88,28.82,27.68,7,7,0,252.0,36.0,1.14,3.17,5.0,13.89,0.29,0.79,0.71,1.98,4.86,2.14,5.95,0.71,1.98,0.86,2.38,7.43,4.0,10.86,15.43,2.0,6.43,4.29,11.9
1396,Eliteserien (NO),40116,Steve Regis Mvoué,S. Mvoué,2002-02-02,65.26,14.35,21.68,10,10,0,444.0,44.4,1.7,3.83,5.0,11.26,0.0,0.0,1.2,2.7,5.8,3.6,8.11,0.2,0.45,0.6,1.35,8.2,10.1,10.7,12.8,1.2,2.27,5.3,11.94
1396,Eliteserien (NO),40645,Ylldren Ibrahimaj ,Y. Ibrahimaj,1995-12-24,93.74,26.81,26.69,15,15,0,627.0,41.8,1.07,2.55,6.07,14.51,0.33,0.8,1.73,4.15,6.27,1.67,3.99,0.6,1.44,0.67,1.6,10.47,6.33,9.4,16.6,2.0,5.82,2.47,5.9
1396,Eliteserien (NO),41025,Mads Enggård,M. Enggård,2004-01-20,25.61,6.69,6.63,2,2,0,27.0,13.5,0.5,3.7,2.5,18.52,0.5,3.7,1.5,11.11,1.5,0.0,0.0,0.5,3.7,0.0,0.0,2.0,4.0,4.5,8.0,1.0,7.14,1.0,7.41
1396,Eliteserien (NO),42315,Marius Lode,M. Lode,1993-03-11,58.6,15.55,20.82,4,4,0,32.0,8.0,1.0,12.5,2.0,25.0,0.0,0.0,0.25,3.13,1.25,0.25,3.12,0.0,0.0,0.25,3.13,1.25,0.25,1.75,3.5,0.5,7.62,0.0,0.0
1396,Eliteserien (NO),42987,James Ampofo,J. Ampofo,2003-10-20,46.46,10.9,14.67,15,15,0,427.0,28.47,0.87,3.04,3.67,12.88,0.07,0.23,0.87,3.05,6.4,1.6,5.62,0.0,0.0,0.07,0.23,9.93,3.93,10.2,4.4,0.27,1.04,1.87,6.56
1396,Eliteserien (NO),43194,Ian Hoffmann,I. Hoffmann,2001-09-08,71.2,21.0,21.74,9,9,0,297.0,33.0,1.11,3.37,5.11,15.49,0.56,1.68,1.78,5.39,3.44,2.67,8.08,0.44,1.35,1.22,3.7,6.33,4.44,11.22,10.67,1.44,5.17,2.11,6.4
1396,Eliteserien (NO),49063,Mikkel Konradsen Ceide,M. Ceide,2001-09-03,96.97,26.26,24.86,8,7,1,111.0,15.86,1.14,7.21,3.0,18.92,0.14,0.9,0.57,3.6,2.86,0.14,0.9,1.29,8.11,0.86,5.41,3.0,1.29,3.29,9.57,2.29,14.86,0.14,0.9
1396,Eliteserien (NO),49252,Dávid Ďuriš,D. Ďuriš,1999-03-22,65.39,18.16,16.96,10,9,1,347.0,38.56,1.33,3.46,6.11,15.85,0.33,0.86,1.78,4.61,6.0,3.22,8.36,0.11,0.29,0.44,1.15,13.11,5.67,11.33,7.11,0.78,2.44,4.0,10.37
1396,Eliteserien (NO),49254,Ľubomír Belko,L. Belko,2002-02-04,99.5,30.09,25.77,10,10,0,0.0,0.0,0.0,,0.0,,0.0,,0.0,,0.0,0.0,,0.0,,0.0,,0.0,0.0,0.0,0.0,0.0,,0.0,
1396,Eliteserien (NO),49382,Sondre Brunstad Fet,S. Fet,1997-01-17,67.87,27.96,14.6,16,16,0,428.0,26.75,0.62,2.34,5.19,19.39,0.25,0.93,0.56,2.1,3.44,1.94,7.24,0.25,0.93,0.19,0.7,10.56,5.31,7.5,4.12,0.44,1.86,2.06,7.71
1396,Eliteserien (NO),49383,Ulrik Saltnes,U. Saltnes,1992-11-10,32.62,12.33,8.05,6,6,0,83.0,13.83,0.5,3.62,3.67,26.51,0.0,0.0,0.67,4.82,1.67,0.67,4.82,0.17,1.2,0.0,0.0,5.67,1.83,3.83,2.33,0.33,6.21,1.0,7.23
1396,Eliteserien (NO),49384,Fredrik André Bjørkan,F. Bjørkan,1998-08-21,60.74,24.33,14.04,15,15,0,276.0,18.4,0.87,4.71,4.07,22.1,0.2,1.09,0.73,3.99,2.4,0.93,5.07,0.33,1.81,0.27,1.45,4.53,3.07,4.2,6.13,1.2,8.5,0.2,1.09
1396,Eliteserien (NO),49385,Nikita Haikin,N. Haikin,1995-07-11,98.91,40.15,22.41,17,17,0,0.0,0.0,0.0,,0.0,,0.0,,0.0,,0.0,0.0,,0.0,,0.0,,0.0,0.0,0.0,0.0,0.0,,0.0,
1396,Eliteserien (NO),49390,Elias Kristoffersen Hagen,E. Hagen,2000-01-20,89.59,22.79,29.36,15,15,0,668.0,44.53,0.93,2.1,7.27,16.32,0.2,0.45,1.8,4.04,4.6,2.0,4.49,0.4,0.9,1.27,2.84,9.8,7.93,11.33,18.8,2.73,6.39,3.73,8.38
1396,Eliteserien (NO),49436,Viljar Helland Vevatne,V. Vevatne,1994-12-07,35.82,9.58,10.14,3,3,0,18.0,6.0,0.67,11.11,1.0,16.66,0.0,0.0,0.33,5.55,1.33,0.0,0.0,0.33,5.55,0.33,5.55,0.67,0.0,1.67,4.0,0.33,5.88,0.0,0.0
1396,Eliteserien (NO),49437,Henrik Heggheim,H. Heggheim,2001-04-22,85.56,23.16,24.67,15,15,0,422.0,28.13,1.13,4.03,5.73,20.38,0.27,0.95,1.53,5.45,5.13,0.93,3.32,0.27,0.95,1.07,3.79,7.67,3.4,8.33,9.27,1.67,6.67,0.93,3.32
1396,Eliteserien (NO),49438,Joe Bell,J. Bell,1999-04-27,81.2,21.85,23.74,10,10,0,456.0,45.6,1.7,3.73,7.9,17.32,0.2,0.44,1.6,3.51,6.3,2.5,5.48,0.2,0.44,0.8,1.76,17.2,8.6,11.9,12.3,1.6,3.78,4.1,8.99
1396,Eliteserien (NO),49446,Sondre Flem Bjørshol,S. Bjørshol,1994-04-30,36.0,11.12,10.1,11,11,0,137.0,12.45,0.64,5.11,2.0,16.06,0.18,1.46,0.82,6.57,2.18,0.64,5.11,0.18,1.46,0.55,4.38,1.55,1.82,2.55,4.0,0.73,9.65,0.36,2.92
1396,Eliteserien (NO),49689,Kristall Máni Ingason,K. Ingason,2002-01-18,67.63,21.88,15.95,14,14,0,515.0,36.79,1.14,3.11,6.14,16.7,0.36,0.97,1.43,3.88,4.43,2.5,6.8,0.14,0.39,0.36,0.97,10.86,6.64,8.5,8.07,1.71,6.56,2.57,6.99
1396,Eliteserien (NO),51661,Gianni Stensness,G. Stensness,1999-02-07,96.34,27.17,26.58,14,14,0,194.0,13.86,0.93,6.7,3.0,21.65,0.29,2.06,0.21,1.55,2.79,0.43,3.09,0.07,0.52,0.14,1.03,2.79,1.29,1.79,6.86,0.93,8.73,0.29,2.06
1396,Eliteserien (NO),54519,Ivan Näsberg,I. Näsberg,1996-04-22,91.6,25.13,26.76,14,14,0,218.0,15.57,0.43,2.75,2.93,18.81,0.21,1.38,0.64,4.13,2.64,0.21,1.38,0.64,4.13,0.29,1.84,2.07,1.71,2.21,8.86,1.64,10.71,0.36,2.29
1396,Eliteserien (NO),54521,Kristoffer Klaesson,K. Klaesson,2000-11-27,99.42,24.1,32.67,11,11,0,0.0,0.0,0.0,,0.0,,0.0,,0.0,,0.0,0.0,,0.0,,0.0,,0.0,0.0,0.0,0.0,0.0,,0.0,
1396,Eliteserien (NO),54525,Brage Skaret,B. Skaret,2002-04-28,89.23,22.13,29.94,8,8,0,137.0,17.12,0.25,1.46,3.75,21.9,0.25,1.46,1.25,7.3,3.12,0.5,2.92,1.0,5.84,0.75,4.38,3.88,1.62,2.25,10.25,1.25,7.96,0.5,2.92
1396,Eliteserien (NO),54528,Felix Horn Myhre,F. Myhre,1999-03-04,100.64,32.03,23.47,15,15,0,770.0,51.33,1.33,2.6,9.2,17.92,0.27,0.52,2.13,4.16,5.07,2.8,5.46,0.0,0.0,0.6,1.17,15.8,9.2,14.07,12.13,1.4,3.12,3.33,6.49
1396,Eliteserien (NO),54529,Henrik Udahl,H. Udahl,1997-01-12,78.42,23.7,23.91,16,16,0,772.0,48.25,0.81,1.69,6.12,12.69,0.25,0.52,1.31,2.72,9.06,3.88,8.03,0.0,0.0,0.12,0.26,17.94,8.81,16.25,5.38,0.44,1.23,4.62,9.59
1396,Eliteserien (NO),54531,Vebjørn  Hoff,V. Hoff,1996-02-13,81.69,26.3,20.68,12,12,0,436.0,36.33,1.92,5.28,6.08,16.74,0.17,0.46,1.58,4.36,3.83,1.58,4.36,0.33,0.92,0.83,2.29,10.17,4.67,9.25,12.0,2.0,6.41,2.33,6.42
1396,Eliteserien (NO),54533,Ole Didrik Blomberg,O. Blomberg,2000-06-12,83.04,33.94,19.11,17,17,0,1043.0,61.35,1.18,1.92,8.47,13.81,0.35,0.58,1.35,2.21,9.18,4.59,7.48,0.06,0.1,0.12,0.19,31.59,13.65,19.59,4.41,0.41,0.81,7.24,11.79
1396,Eliteserien (NO),54541,Niklas Jensen Wassberg,N. Wassberg,2004-06-12,56.7,17.45,13.55,12,12,0,381.0,31.75,1.25,3.94,5.67,17.85,0.25,0.79,1.0,3.15,4.42,1.08,3.41,0.25,0.79,1.42,4.46,7.67,6.08,5.67,9.5,1.08,4.13,1.25,3.94
1396,Eliteserien (NO),54550,Snorre Strand Nilsen,S. Nilsen,1997-01-14,26.66,7.54,8.35,12,12,0,116.0,9.67,0.33,3.45,1.5,15.52,0.08,0.86,0.33,3.45,0.42,0.5,5.17,0.17,1.72,0.33,3.45,1.42,1.5,2.58,3.83,0.75,11.96,0.42,4.31
1396,Eliteserien (NO),54552,Dan Peter Ulvestad,D. Ulvestad,1989-04-04,95.22,24.14,31.28,15,15,0,170.0,11.33,0.47,4.12,3.27,28.82,0.2,1.76,0.4,3.53,1.4,0.47,4.12,0.8,7.06,0.53,4.71,1.4,0.6,2.13,7.53,1.47,14.44,0.0,0.0
1396,Eliteserien (NO),54553,Elias Hadaya,E. Hadaya,1998-08-31,99.42,29.98,27.91,16,16,0,0.0,0.0,0.0,,0.0,,0.0,,0.0,,0.0,0.0,,0.0,,0.0,,0.0,0.0,0.0,0.0,0.0,,0.0,
1396,Eliteserien (NO),54557,Max Normann Williamsen,M. Williamsen,2003-07-24,45.94,13.09,14.37,6,6,0,48.0,8.0,0.17,2.08,1.83,22.92,0.0,0.0,0.67,8.33,0.67,0.17,2.08,0.5,6.25,0.5,6.25,0.67,0.67,1.17,4.33,0.83,12.73,0.17,2.08
1396,Eliteserien (NO),54578,Lars Olden Larsen,L. Olden Larsen,1998-09-17,72.38,21.41,23.1,15,15,0,851.0,56.73,0.93,1.64,6.53,11.52,0.33,0.59,1.73,3.05,6.4,4.07,7.17,0.0,0.0,0.4,0.7,26.8,11.0,21.8,7.13,0.73,2.86,7.07,12.46
1396,Eliteserien (NO),54579,Magnus Retsius Grødem,M. Grødem,1998-08-14,49.13,13.31,15.53,13,13,0,398.0,30.62,0.38,1.26,3.77,12.31,0.0,0.0,1.38,4.52,3.31,1.31,4.27,0.08,0.25,0.62,2.01,10.15,4.77,9.31,5.69,0.23,1.38,3.62,11.81
1396,Eliteserien (NO),54580,Fredrik Holmé,F. Holmé,2001-07-23,91.01,25.34,28.47,14,13,1,229.0,17.62,0.54,3.06,3.69,20.96,0.46,2.62,0.54,3.06,2.15,0.92,5.24,0.69,3.93,0.62,3.49,2.38,1.54,3.38,9.38,1.85,11.33,0.31,1.75
1396,Eliteserien (NO),54583,Viðar Ari Jónsson,V. Jónsson,1994-03-10,70.78,20.69,22.53,11,11,0,356.0,32.36,1.36,4.21,4.0,12.36,0.45,1.4,1.82,5.62,3.55,2.36,7.3,0.36,1.12,2.36,7.31,4.82,5.27,10.73,10.55,1.18,4.13,1.73,5.34
1396,Eliteserien (NO),54586,Sander Moen Foss,S. Foss,1998-12-31,75.0,22.63,18.61,9,9,0,86.0,9.56,0.22,2.33,2.33,24.42,0.22,2.33,0.22,2.32,2.33,0.0,0.0,0.89,9.3,0.11,1.16,1.33,0.44,1.44,6.33,1.0,10.77,0.22,2.33
1396,Eliteserien (NO),54590,Henrik Sælebakke Falchener,H. Falchener,2003-05-08,91.03,25.04,24.8,11,11,0,136.0,12.36,1.09,8.82,3.0,24.27,0.09,0.73,0.55,4.41,2.27,0.27,2.21,1.09,8.82,0.36,2.94,2.55,1.0,2.55,6.09,1.09,9.14,0.18,1.47
1396,Eliteserien (NO),54591,Vetle Walle Egeli,V. Egeli,2004-06-23,95.78,29.09,26.75,16,16,0,516.0,32.25,1.0,3.1,5.88,18.22,0.81,2.52,1.94,6.01,4.88,1.75,5.43,0.5,1.55,0.94,2.91,7.12,4.0,10.12,12.12,1.56,5.52,1.69,5.23
1396,Eliteserien (NO),54602,Herman Johan Haugen,H. Haugen,2000-04-25,32.7,8.82,9.02,13,13,0,217.0,16.69,0.38,2.31,1.77,10.6,0.15,0.92,0.38,2.31,1.92,1.0,5.99,0.0,0.0,0.31,1.84,4.69,3.15,4.69,3.69,0.38,3.33,1.92,11.52
1396,Eliteserien (NO),54604,Amin Nouri,A. Nouri,1990-01-10,20.09,5.64,5.17,6,6,0,49.0,8.17,0.33,4.08,0.83,10.2,0.17,2.04,0.33,4.08,0.67,1.0,12.25,0.0,0.0,0.17,2.04,2.33,2.17,2.17,4.5,0.17,2.39,0.33,4.08
1396,Eliteserien (NO),58800,Isak Helstad Amundsen,I. Amundsen,1999-10-14,42.12,12.11,12.44,8,8,0,72.0,9.0,0.38,4.17,1.5,16.67,0.0,0.0,0.25,2.78,1.25,0.25,2.78,0.38,4.17,0.12,1.39,1.75,0.38,2.38,4.12,0.88,9.3,0.38,4.17
1396,Eliteserien (NO),60503,Kolbeinn Birgir Finnsson,K. Finnsson,1999-08-25,100.82,28.16,29.06,15,15,0,569.0,37.93,1.33,3.51,5.8,15.29,0.6,1.58,1.8,4.74,5.13,2.47,6.5,0.47,1.23,1.53,4.04,7.47,6.47,10.07,13.93,1.87,5.17,1.73,4.57
1396,Eliteserien (NO),60681,Rocco Robert Shein,R. Shein,2003-07-14,96.04,27.36,27.33,11,11,0,658.0,59.82,1.36,2.28,8.55,14.29,0.55,0.91,1.36,2.28,7.64,4.64,7.75,0.09,0.15,0.91,1.52,17.82,10.36,16.27,14.91,2.45,4.68,6.09,10.18
1396,Eliteserien (NO),60700,Sigurd Kvile,S. Kvile,2000-02-26,22.8,5.69,4.64,2,2,0,6.0,3.0,0.0,0.0,1.0,33.33,0.0,0.0,0.0,0.0,0.5,0.0,0.0,0.0,0.0,0.0,0.0,0.5,0.5,1.0,2.5,0.5,20.0,0.0,0.0
1396,Eliteserien (NO),60888,Nikolaj Duus Möller,N. Möller,2002-07-20,78.48,23.25,23.02,14,14,0,936.0,66.86,0.57,0.86,8.93,13.35,0.07,0.11,2.64,3.95,17.86,6.07,9.08,0.0,0.0,0.21,0.32,36.64,13.43,22.93,4.93,0.43,0.73,9.0,13.46
1396,Eliteserien (NO),61196,Leo Erik Jean Cornic,L. Cornic,2001-01-02,91.95,28.79,28.52,15,15,0,659.0,43.93,1.13,2.58,5.6,12.75,0.13,0.3,1.8,4.1,5.93,3.87,8.8,0.33,0.76,0.4,0.91,15.47,7.27,17.93,10.6,0.8,1.82,5.27,11.99
1396,Eliteserien (NO),61207,Gustav Nordh,G. Nordh,2000-05-28,21.71,5.46,4.72,3,3,0,20.0,6.67,0.0,0.0,1.33,20.0,0.0,0.0,0.67,10.0,1.0,0.33,5.0,0.33,5.0,0.33,5.0,1.33,1.0,1.67,2.33,0.0,0.0,0.67,10.0
1396,Eliteserien (NO),63478,Mohamed Ofkir,M. Ofkir,1996-08-04,42.54,10.7,14.99,5,5,0,172.0,34.4,0.8,2.33,2.4,6.98,0.2,0.58,0.8,2.33,4.8,3.8,11.05,0.2,0.58,0.2,0.58,12.8,6.6,11.4,11.0,0.2,0.91,4.2,12.21
1396,Eliteserien (NO),64400,Mathias Johan Fjörtoft Lövik,M. Lövik,2003-12-06,53.35,16.44,12.16,4,4,0,68.0,17.0,0.0,0.0,4.0,23.53,0.0,0.0,0.75,4.41,2.5,1.5,8.82,0.25,1.47,0.0,0.0,5.25,1.75,3.25,3.75,0.0,0.0,0.25,1.47
1396,Eliteserien (NO),64423,Peder Hoel Lervik,P. Lervik,2005-04-24,106.48,34.72,20.57,1,1,0,0.0,0.0,0.0,,0.0,,0.0,,0.0,,0.0,0.0,,0.0,,0.0,,0.0,0.0,0.0,0.0,0.0,,0.0,
1396,Eliteserien (NO),64631,Odin Thiago Holm,O. Holm,2003-01-18,23.99,8.01,5.03,8,8,0,76.0,9.5,0.5,5.26,1.62,17.11,0.12,1.32,0.25,2.63,1.38,0.0,0.0,0.25,2.63,0.0,0.0,1.62,1.88,1.75,4.5,1.25,14.87,0.38,3.95
1396,Eliteserien (NO),64639,Ólafur Guðmundsson,O. Guðmundsson,2002-03-18,87.7,22.16,27.1,13,13,0,296.0,22.77,1.15,5.07,5.46,23.99,0.46,2.03,0.92,4.05,1.69,0.77,3.38,1.08,4.73,0.92,4.05,3.0,2.46,5.23,10.31,2.77,12.5,1.08,4.73
1396,Eliteserien (NO),64680,Tomáš Nemčík,T. Nemčík,2001-04-19,98.24,26.4,26.06,13,12,1,186.0,15.5,1.08,6.99,3.67,23.66,0.08,0.54,0.92,5.91,2.25,0.17,1.07,0.83,5.38,0.83,5.38,1.83,1.42,3.0,9.67,2.25,16.27,0.0,0.0
1396,Eliteserien (NO),64813,Magnus Bech Riisnaes,M. Riisnaes,2004-11-04,13.37,5.33,1.96,3,3,0,5.0,1.67,0.33,20.0,0.67,40.0,0.0,0.0,0.0,0.0,0.33,0.0,0.0,0.0,0.0,0.0,0.0,0.0,0.33,0.33,0.67,0.33,33.33,0.0,0.0
1396,Eliteserien (NO),64989,Eggert Aron Gudmundsson,E. Gudmundsson,2004-02-08,47.76,15.16,11.3,2,2,0,69.0,34.5,0.0,0.0,5.0,14.49,0.0,0.0,1.5,4.35,8.0,3.5,10.14,0.0,0.0,0.5,1.45,8.5,7.0,13.0,7.0,1.0,3.23,4.5,13.04
1396,Eliteserien (NO),72010,Espen Bjørnsen Garnås,E. Garnås,1994-12-31,43.15,13.62,10.67,5,5,0,34.0,6.8,0.6,8.82,1.2,17.65,0.0,0.0,0.8,11.76,2.0,0.0,0.0,0.4,5.88,0.2,2.94,0.8,0.2,0.4,3.6,1.2,19.79,0.2,2.94
1396,Eliteserien (NO),72013,Vetle Winger Dragsnes,V. Dragsnes,1994-02-06,86.76,29.08,19.84,11,11,0,249.0,22.64,0.82,3.61,4.36,19.28,0.36,1.61,1.55,6.83,2.73,0.73,3.21,0.27,1.2,1.55,6.83,4.45,2.73,5.18,10.09,2.09,10.63,0.55,2.41
1396,Eliteserien (NO),72014,Henrik Langaas Skogvold,H. Skogvold,2004-07-14,76.91,22.04,23.93,16,15,1,851.0,56.73,0.53,0.94,6.2,10.93,0.07,0.12,1.4,2.47,10.27,2.87,5.05,0.0,0.0,0.07,0.12,25.07,8.13,21.67,4.87,0.4,0.69,7.13,12.57
1396,Eliteserien (NO),72019,Ulrik Mathisen,U. Mathisen,1999-01-18,57.11,18.62,12.63,15,15,0,419.0,27.93,0.53,1.91,3.4,12.17,0.13,0.48,0.93,3.34,6.53,3.07,10.98,0.0,0.0,0.0,0.0,13.0,4.73,11.53,1.6,0.13,1.32,2.8,10.03
1396,Eliteserien (NO),72034,Heine Asen Larsen,H. Larsen,2002-07-09,76.25,24.32,23.11,16,16,0,1101.0,68.81,1.31,1.91,6.88,9.99,0.38,0.54,1.62,2.36,13.06,4.94,7.18,0.12,0.18,0.19,0.27,35.75,14.88,24.94,7.12,0.56,0.95,7.75,11.26
1396,Eliteserien (NO),72036,Simen Kvia-Egeskog,S. Kvia-Egeskog,2003-05-26,89.69,25.07,25.19,16,16,0,1124.0,70.25,1.25,1.78,8.94,12.72,0.56,0.8,2.44,3.47,8.12,5.06,7.21,0.25,0.36,0.69,0.98,34.94,13.25,23.62,9.56,1.31,2.36,10.56,15.04
1396,Eliteserien (NO),72039,Fredrik Vangstad Sjølstad,F. Sjølstad,1994-03-29,72.59,21.21,22.49,16,16,0,180.0,11.25,0.5,4.44,2.44,21.67,0.12,1.11,0.62,5.55,1.44,0.06,0.56,0.62,5.56,0.62,5.56,1.38,0.44,1.62,7.31,1.62,15.19,0.12,1.11
1396,Eliteserien (NO),72050,Leopold Wahlstedt,L. Wahlstedt,1999-07-04,99.86,26.88,26.83,16,15,1,0.0,0.0,0.0,,0.0,,0.0,,0.0,,0.0,0.0,,0.0,,0.0,,0.0,0.0,0.0,0.0,0.0,,0.0,
1396,Eliteserien (NO),72055,Odin Lurås Bjørtuft,O. Bjørtuft,1998-12-19,96.34,39.19,21.61,17,17,0,190.0,11.18,0.53,4.74,2.41,21.58,0.06,0.53,0.29,2.63,1.59,0.24,2.1,0.47,4.21,0.53,4.74,2.18,1.12,1.59,5.35,1.29,12.83,0.06,0.53
1396,Eliteserien (NO),72057,Solomon Owusu,S. Owusu,1995-10-28,58.48,17.44,19.43,6,5,1,96.0,19.2,1.0,5.21,4.0,20.83,0.6,3.13,0.2,1.04,2.4,0.0,0.0,0.6,3.13,0.2,1.04,3.2,3.0,5.4,8.4,2.2,11.93,0.2,1.04
1396,Eliteserien (NO),72058,Jesper Strand Isaksen,J. Isaksen,1999-10-13,46.51,11.94,14.47,12,12,0,293.0,24.42,0.5,2.05,3.67,15.02,0.25,1.02,0.83,3.41,3.92,1.92,7.85,0.42,1.71,0.42,1.71,8.5,4.33,7.75,6.58,0.92,5.2,3.33,13.65
1396,Eliteserien (NO),72064,August Mikkelsen,A. Mikkelsen,2000-10-24,12.2,5.28,2.56,1,1,0,9.0,9.0,0.0,0.0,0.0,0.0,0.0,0.0,0.0,0.0,2.0,0.0,0.0,0.0,0.0,0.0,0.0,7.0,3.0,4.0,0.0,0.0,,1.0,11.11
1396,Eliteserien (NO),72066,Eric Bugale Kitolano,E. Kitolano,1997-09-02,85.77,25.13,24.59,5,5,0,212.0,42.4,1.0,2.36,4.2,9.91,0.4,0.94,1.0,2.36,5.4,3.6,8.49,0.2,0.47,0.6,1.42,10.4,5.6,16.0,13.8,2.4,6.42,4.4,10.38
1396,Eliteserien (NO),72069,Ruben Yttergård Jenssen,R. Yttergård Jenssen,1988-05-04,93.3,28.96,28.63,16,16,0,751.0,46.94,1.44,3.06,6.5,13.85,0.31,0.67,1.62,3.46,4.19,2.0,4.26,0.38,0.8,0.44,0.93,17.75,7.62,12.62,13.75,1.0,2.53,4.56,9.72
1396,Eliteserien (NO),72078,Halldor Østervold Stenevik,H. Stenevik,2000-02-02,100.14,32.57,25.28,12,12,0,480.0,40.0,1.75,4.37,6.58,16.46,0.5,1.25,1.92,4.79,5.5,1.75,4.38,0.42,1.04,1.42,3.54,7.75,6.5,11.33,14.58,2.42,6.37,1.67,4.17
1396,Eliteserien (NO),72089,Fredrik Pallesen Knudsen,F. Knudsen,1996-08-30,92.72,29.36,21.89,15,15,0,208.0,13.87,0.73,5.29,3.4,24.52,0.13,0.96,0.27,1.92,2.73,0.0,0.0,0.67,4.81,0.4,2.88,1.6,0.6,2.0,7.47,1.73,12.61,0.0,0.0
1396,Eliteserien (NO),72097,Joshua Gaston Kitolano,J. Kitolano,2001-08-03,45.63,18.18,11.21,4,4,0,95.0,23.75,0.25,1.05,4.0,16.84,0.25,1.05,0.75,3.16,2.75,1.75,7.37,0.0,0.0,0.5,2.11,9.25,5.0,5.0,7.0,1.5,6.21,3.0,12.63
1396,Eliteserien (NO),72125,Eirik Wichne,E. Wichne,1997-05-12,38.48,9.71,11.56,14,14,0,249.0,17.79,0.71,4.02,2.07,11.65,0.14,0.8,0.93,5.22,1.86,0.86,4.82,0.5,2.81,0.64,3.62,2.79,2.93,4.07,7.07,1.07,6.72,1.07,6.02
1396,Eliteserien (NO),72128,Joachim Soltvedt,J. Soltvedt,1995-09-09,88.12,27.9,20.81,15,15,0,427.0,28.47,1.13,3.98,6.0,21.08,0.27,0.94,1.0,3.51,3.6,1.07,3.75,0.4,1.4,0.73,2.58,5.27,4.0,8.07,10.27,1.13,3.83,0.4,1.41
1396,Eliteserien (NO),72129,Sebastian Jarl,S. Jarl,2000-01-11,79.69,19.98,25.24,6,6,0,203.0,33.83,1.0,2.95,5.67,16.75,0.5,1.48,2.33,6.89,3.83,2.83,8.38,1.0,2.96,1.33,3.94,5.67,5.17,8.83,16.0,3.5,10.12,3.17,9.36
1396,Eliteserien (NO),72130,Simen Vidtun Nilsen,S. Nilsen,2000-03-03,101.3,31.26,24.0,7,7,0,0.0,0.0,0.0,,0.0,,0.0,,0.0,,0.0,0.0,,0.0,,0.0,,0.0,0.0,0.0,0.0,0.0,,0.0,
1396,Eliteserien (NO),72131,Tobias Hammer Svendsen,T. Svendsen,1999-08-31,30.97,8.09,9.32,13,13,0,247.0,19.0,0.54,2.83,2.46,12.96,0.0,0.0,0.38,2.02,2.85,0.92,4.86,0.08,0.41,0.23,1.22,5.0,3.23,5.38,5.15,0.85,6.03,1.85,9.72
1396,Eliteserien (NO),72133,Jostein Maurstad Gundersen,J. Gundersen,1996-04-02,76.96,32.41,16.68,7,7,0,84.0,12.0,0.86,7.14,3.71,30.95,0.0,0.0,0.43,3.57,2.29,0.43,3.57,0.57,4.76,0.57,4.76,2.0,2.0,1.86,5.29,1.0,10.78,0.29,2.38
1396,Eliteserien (NO),72137,Kevin Martin Krygård,K. Krygård,2000-05-17,42.45,10.97,12.56,7,7,0,140.0,20.0,0.57,2.86,2.57,12.86,0.0,0.0,1.14,5.72,1.86,0.57,2.86,0.14,0.71,0.14,0.71,4.14,2.29,6.57,7.0,1.86,8.99,1.57,7.86
1396,Eliteserien (NO),72139,Thore Baardsen Pedersen,T. Pedersen,1996-08-11,77.72,23.76,18.24,14,14,0,236.0,16.86,1.29,7.63,2.64,15.68,0.21,1.27,0.86,5.09,2.57,0.36,2.12,0.57,3.39,0.64,3.81,2.29,1.71,2.36,8.21,1.36,9.69,0.36,2.12
1396,Eliteserien (NO),72140,Ulrik Tillung Fredriksen,U. Fredriksen,1999-06-17,98.83,27.76,29.78,16,15,1,248.0,16.53,1.0,6.05,3.2,19.35,0.27,1.61,0.47,2.82,2.47,0.2,1.21,0.6,3.63,0.6,3.63,2.33,1.33,3.07,9.27,1.8,12.08,0.47,2.82
1396,Eliteserien (NO),72152,Marcus Sandberg,M. Sandberg,1990-11-07,98.88,29.62,30.04,16,16,0,0.0,0.0,0.0,,0.0,,0.0,,0.0,,0.0,0.0,,0.0,,0.0,,0.0,0.0,0.0,0.0,0.0,,0.0,
1396,Eliteserien (NO),72154,Sturla Ottesen,S. Ottesen,2001-05-25,72.0,21.05,20.6,12,12,0,300.0,25.0,1.17,4.67,4.0,16.0,0.25,1.0,1.25,5.0,2.75,1.58,6.33,0.0,0.0,0.5,2.0,6.58,4.5,5.75,7.0,1.0,4.82,1.58,6.33
1396,Eliteserien (NO),72166,Aleksander Andresen,A. Andresen,2005-04-06,13.47,5.67,3.19,3,3,0,15.0,5.0,0.0,0.0,1.0,20.0,0.0,0.0,0.67,13.33,0.33,0.33,6.67,0.0,0.0,0.33,6.67,2.0,1.0,2.67,1.33,0.0,0.0,0.0,0.0
1396,Eliteserien (NO),72174,Sander Risan Mørk,S. Mørk,2000-12-06,95.38,29.13,26.73,16,16,0,445.0,27.81,1.06,3.82,5.31,19.1,0.25,0.9,0.62,2.25,4.06,0.75,2.7,1.31,4.72,0.75,2.7,6.88,3.88,7.06,11.19,2.06,7.77,1.31,4.72
1396,Eliteserien (NO),72182,Heine Gikling Bruseth,H. Bruseth,2004-04-06,81.57,21.14,26.54,13,13,0,720.0,55.38,1.31,2.36,6.77,12.22,0.31,0.56,2.38,4.31,9.08,3.62,6.53,0.15,0.28,1.0,1.81,18.23,11.23,14.0,13.38,1.31,3.39,5.54,10.0
1396,Eliteserien (NO),72198,Niklas Ødegård,N. Ødegård,2004-03-29,53.67,13.32,17.49,10,10,0,288.0,28.8,1.3,4.51,4.5,15.63,0.0,0.0,0.9,3.12,4.2,1.9,6.6,0.5,1.74,0.8,2.78,8.2,5.2,7.6,7.2,0.9,3.29,3.0,10.42
1396,Eliteserien (NO),72205,Sondre Auklend,S. Auklend,2003-06-10,75.54,30.06,17.3,16,16,0,673.0,42.06,1.56,3.71,6.19,14.71,0.25,0.59,1.31,3.12,4.81,3.06,7.28,0.06,0.15,0.81,1.93,17.31,7.75,11.69,8.0,1.0,3.24,3.31,7.87
1396,Eliteserien (NO),72215,Markus Haaland,M. Haaland,2005-03-08,32.56,10.39,7.42,10,10,0,162.0,16.2,0.4,2.47,2.1,12.96,0.1,0.62,0.5,3.09,2.5,1.7,10.5,0.0,0.0,0.0,0.0,5.4,2.8,5.0,4.3,0.5,3.19,1.5,9.26
1396,Eliteserien (NO),72226,Leander Sem-Johansen Øy,L. Øy,2003-10-24,99.57,27.07,32.88,6,6,0,0.0,0.0,0.0,,0.0,,0.0,,0.0,,0.0,0.0,,0.0,,0.0,,0.0,0.0,0.0,0.0,0.0,,0.0,
1396,Eliteserien (NO),72229,Sondre Sørli,S. Sørli,1995-10-30,96.25,24.5,30.54,16,16,0,960.0,60.0,0.94,1.56,7.38,12.29,0.31,0.52,1.94,3.23,7.75,4.5,7.5,0.19,0.31,0.69,1.15,18.69,9.56,20.0,12.31,0.94,1.8,7.5,12.5
1396,Eliteserien (NO),72230,Ole Christian Hammerfjell Sæter,O. Sæter,1996-03-30,28.3,7.36,7.46,5,5,0,85.0,17.0,0.2,1.18,1.8,10.59,0.2,1.18,0.2,1.18,1.4,1.4,8.23,0.0,0.0,0.0,0.0,6.8,2.2,6.4,2.8,0.2,1.83,3.2,18.82
1396,Eliteserien (NO),73304,Håkon Røsten,H. Røsten,2005-02-21,92.97,25.18,25.94,8,8,0,109.0,13.62,0.75,5.5,2.62,19.27,0.0,0.0,0.75,5.5,1.75,0.12,0.92,0.62,4.59,0.5,3.67,2.12,0.62,2.88,7.12,1.12,7.49,0.0,0.0
1396,Eliteserien (NO),73356,Denzel De Roeve,D. De Roeve,2004-08-10,86.89,26.86,19.83,11,11,0,361.0,32.82,1.91,5.82,6.09,18.56,0.27,0.83,1.36,4.15,4.36,0.91,2.77,0.18,0.55,1.09,3.32,6.0,5.45,10.64,10.82,2.36,9.47,1.0,3.05
1396,Eliteserien (NO),94116,Filip Loftesnes-Bjune,F. Loftesnes-Bjune,2005-04-08,16.19,5.53,3.63,3,3,0,11.0,3.67,0.33,9.09,1.0,27.27,0.0,0.0,0.33,9.09,0.33,0.0,0.0,0.0,0.0,0.0,0.0,0.67,0.67,1.0,0.33,0.0,0.0,0.33,9.09
1396,Eliteserien (NO),98125,Luca Podlech,L. Podlech,2005-03-23,99.14,26.09,32.73,3,3,0,0.0,0.0,0.0,,0.0,,0.0,,0.0,,0.0,0.0,,0.0,,0.0,,0.0,0.0,0.0,0.0,0.0,,0.0,
1396,Eliteserien (NO),108303,Elias Heggland Myrlid,E. Myrlid,2002-08-04,20.17,5.37,5.54,12,12,0,124.0,10.33,0.5,4.84,1.5,14.52,0.0,0.0,0.42,4.03,2.33,0.5,4.84,0.0,0.0,0.0,0.0,4.33,1.33,3.83,0.42,0.0,0.0,1.25,12.1
1396,Eliteserien (NO),110391,Eirik Schulze,E. Schulze,1993-01-07,66.61,16.71,19.63,13,13,0,474.0,36.46,0.15,0.42,5.77,15.82,0.08,0.21,1.15,3.17,4.15,3.08,8.44,0.15,0.42,0.38,1.06,9.92,6.54,11.62,7.38,0.77,3.87,4.31,11.81
1396,Eliteserien (NO),110445,Erlend Segberg,E. Segberg,1997-04-12,94.06,21.39,30.18,16,16,0,649.0,40.56,1.31,3.24,6.12,15.1,0.38,0.92,1.88,4.62,4.44,2.88,7.09,0.31,0.77,0.69,1.69,7.56,5.56,13.06,15.62,1.69,5.0,3.31,8.17
1396,Eliteserien (NO),110450,Kristoffer Tønnessen,K. Tønnessen,1997-10-01,96.93,22.67,27.42,5,5,0,120.0,24.0,1.4,5.83,6.4,26.67,0.0,0.0,0.4,1.67,2.4,0.8,3.33,0.8,3.33,0.2,0.83,4.0,3.2,6.0,7.6,1.6,6.45,1.0,4.17
1396,Eliteserien (NO),110458,Bilal Njie,B. Njie,1998-06-13,72.83,17.24,24.7,11,11,0,530.0,48.18,0.55,1.13,4.82,10.0,0.09,0.19,2.55,5.28,8.91,3.45,7.17,0.0,0.0,0.0,0.0,17.82,8.09,16.73,7.0,0.09,0.45,6.27,13.02
1396,Eliteserien (NO),110466,Simen Bolkan Nordli,S. Nordli,1999-12-25,54.13,13.95,15.75,10,10,0,430.0,43.0,0.4,0.93,5.3,12.32,0.3,0.7,1.7,3.95,5.1,2.3,5.35,0.1,0.23,0.2,0.47,17.1,9.3,14.1,7.3,0.8,2.43,4.4,10.23
1396,Eliteserien (NO),110469,Mikael Ugland,M. Ugland,2000-01-24,82.2,17.95,26.84,15,15,0,734.0,48.93,1.07,2.18,7.0,14.3,0.47,0.95,2.33,4.77,5.07,3.13,6.4,0.33,0.68,0.73,1.5,9.27,9.4,13.87,16.4,1.8,3.65,4.33,8.85
1396,Eliteserien (NO),110473,Markus Seehusen Karlsbakk,M. Karlsbakk,2000-05-07,86.04,25.77,23.66,15,15,0,829.0,55.27,2.07,3.74,7.47,13.51,0.07,0.12,1.07,1.93,5.6,3.93,7.12,0.4,0.72,0.87,1.57,18.6,11.27,17.6,13.6,1.67,3.23,5.27,9.53
1396,Eliteserien (NO),110526,Niklas Fernando Nygård Castro,N. Castro,1996-01-08,66.59,22.15,14.01,4,4,0,160.0,40.0,1.0,2.5,5.5,13.75,0.25,0.62,1.25,3.13,6.5,0.75,1.87,0.0,0.0,0.5,1.25,11.25,12.25,12.25,9.0,0.5,1.42,2.5,6.25
1396,Eliteserien (NO),110540,Isak Dybvik Määttä,I. Määttä,2001-09-19,56.16,22.65,12.31,17,17,0,299.0,17.59,0.94,5.35,2.94,16.72,0.12,0.67,0.53,3.01,3.12,1.24,7.02,0.06,0.34,0.18,1.0,7.0,2.76,6.41,2.94,0.53,3.98,1.41,8.03
1396,Eliteserien (NO),128177,Noah Donovan Sahsah,N. Sahsah,2005-07-08,39.25,10.68,9.88,10,9,1,240.0,26.67,1.0,3.75,3.67,13.75,0.33,1.25,1.11,4.17,4.22,2.0,7.5,0.11,0.42,0.56,2.08,7.78,5.44,7.89,5.56,0.44,1.63,2.11,7.92
1396,Eliteserien (NO),140159,Anders Rønne Børset,A. Børset,2006-02-22,20.65,4.65,5.49,3,3,0,17.0,5.67,0.0,0.0,0.67,11.76,0.33,5.88,0.0,0.0,0.33,0.0,0.0,0.0,0.0,0.0,0.0,0.0,1.0,1.0,3.33,0.67,11.78,0.0,0.0
1396,Eliteserien (NO),140982,Daniel Seland Karlsbakk,D. Karlsbakk,2003-04-07,95.38,24.42,30.15,16,16,0,873.0,54.56,0.44,0.8,5.69,10.42,0.19,0.34,1.69,3.09,10.06,3.5,6.42,0.0,0.0,0.31,0.57,24.88,7.75,19.62,5.75,0.81,2.06,7.5,13.75
1396,Eliteserien (NO),141363,Sander Håvik Innvær,S. Innvær,2004-10-11,43.52,13.49,13.49,10,10,0,258.0,25.8,0.9,3.49,3.4,13.18,0.3,1.16,1.2,4.65,3.0,2.0,7.75,0.1,0.39,0.4,1.55,6.5,5.0,6.9,8.7,0.6,5.54,1.6,6.2
1396,Eliteserien (NO),152165,Vetle  Skjærvik,V. Skjærvik,2000-09-15,88.22,26.78,27.5,15,15,0,316.0,21.07,0.93,4.43,3.87,18.36,0.4,1.9,0.73,3.48,1.87,1.0,4.75,0.6,2.85,0.2,0.95,5.87,2.0,5.6,8.67,2.07,11.33,1.0,4.75
1396,Eliteserien (NO),152167,Kristian Eriksen,K. Eriksen,1995-07-18,63.88,19.8,15.64,16,16,0,536.0,33.5,0.81,2.43,6.0,17.91,0.31,0.93,1.44,4.29,6.56,1.5,4.48,0.12,0.37,0.25,0.75,12.25,5.56,8.19,5.62,0.75,2.5,2.75,8.21
1396,Eliteserien (NO),152171,Halvor Rødølen Opsahl,H. Opsahl,2002-10-08,42.95,13.75,13.12,8,8,0,96.0,12.0,0.0,0.0,2.12,17.71,0.25,2.08,0.62,5.21,1.88,0.38,3.12,0.0,0.0,0.38,3.13,2.88,2.38,2.88,5.5,0.75,6.36,1.25,10.42
1396,Eliteserien (NO),152180,Benjamin Thoresen Faraas,B. Faraas,2005-09-08,47.47,12.29,15.86,9,8,1,379.0,47.38,0.5,1.05,4.62,9.76,0.0,0.0,1.0,2.11,6.12,6.38,13.46,0.0,0.0,0.75,1.58,19.12,9.75,15.5,6.12,0.62,1.63,6.12,12.93
1396,Eliteserien (NO),152181,Julian Bakkeli Gonstad,J. Gonstad,2006-06-29,39.05,10.27,12.83,7,7,0,214.0,30.57,0.14,0.47,2.86,9.35,0.0,0.0,1.29,4.21,5.71,2.14,7.01,0.0,0.0,0.0,0.0,12.43,5.71,13.14,3.43,0.29,1.43,3.86,12.62
1396,Eliteserien (NO),153160,Tor Erik Valderhaug Larsen,T. Larsen,1998-09-28,99.48,28.0,28.77,2,2,0,0.0,0.0,0.0,,0.0,,0.0,,0.0,,0.0,0.0,,0.0,,0.0,,0.0,0.0,0.0,0.0,0.0,,0.0,
1396,Eliteserien (NO),153555,Johan Johanessen Bakke,J. Bakke,2004-04-01,39.11,10.61,10.53,8,8,0,183.0,22.88,0.5,2.18,2.88,12.57,0.25,1.09,0.25,1.09,4.25,1.38,6.01,0.12,0.55,0.12,0.55,6.75,4.38,6.25,6.5,1.25,8.98,1.25,5.46
1396,Eliteserien (NO),153820,Daniel Eid,D. Eid,1998-10-14,97.98,27.01,29.54,15,14,1,486.0,34.71,1.21,3.5,5.21,15.02,0.36,1.03,1.5,4.32,2.5,2.5,7.2,0.36,1.03,1.14,3.29,10.07,3.64,13.79,10.07,1.57,5.3,2.14,6.17
1396,Eliteserien (NO),154080,Andreas Nibe Hansen,A. Nibe,2003-05-31,80.98,20.86,26.26,16,16,0,1107.0,69.19,1.31,1.9,7.69,11.11,0.31,0.45,1.94,2.8,8.81,4.44,6.41,0.25,0.36,0.62,0.9,24.38,14.62,23.81,12.25,1.06,1.76,8.25,11.92
1396,Eliteserien (NO),156468,John Olav Norheim,J. Norheim,1995-04-05,89.58,20.32,28.25,14,14,0,210.0,15.0,0.36,2.38,4.0,26.67,0.36,2.38,0.57,3.81,1.86,0.36,2.38,0.71,4.76,0.5,3.33,2.5,0.93,3.79,7.71,1.57,12.66,0.36,2.38
1396,Eliteserien (NO),159679,Daniel Joshua Bassi Jakobsen,D. Bassi,2004-10-31,25.41,9.2,6.17,10,10,0,102.0,10.2,0.1,0.98,1.6,15.69,0.1,0.98,0.3,2.94,1.6,0.8,7.84,0.0,0.0,0.2,1.96,3.8,1.3,3.5,1.7,0.1,0.65,1.4,13.72
1396,Eliteserien (NO),159689,Martin Gjone,M. Gjone,2005-05-29,95.46,28.89,28.3,15,15,0,323.0,21.53,0.93,4.33,3.53,16.41,0.27,1.24,0.87,4.03,2.2,0.4,1.86,1.0,4.64,0.87,4.02,3.67,2.27,4.4,10.93,1.73,8.33,0.93,4.33
1396,Eliteserien (NO),160561,Fredrik Sjøvold,F. Sjøvold,2003-08-17,93.83,37.97,21.62,17,17,0,495.0,29.12,1.71,5.86,4.94,16.97,0.53,1.82,1.18,4.04,3.29,1.71,5.86,0.35,1.21,0.59,2.02,7.88,4.24,7.35,6.76,1.06,4.87,1.12,3.84
1396,Eliteserien (NO),162449,Hilmir Rafn Mikaelsson,H. Mikaelsson,2004-02-02,33.64,9.08,10.23,3,3,0,87.0,29.0,0.0,0.0,4.33,14.94,0.0,0.0,1.67,5.75,5.33,2.67,9.2,0.0,0.0,0.0,0.0,17.0,6.33,12.0,1.33,0.0,0.0,3.0,10.35
1396,Eliteserien (NO),162605,Edvin Austbø,E. Austbø,2005-05-01,62.63,19.02,16.34,10,10,0,278.0,27.8,0.3,1.08,4.0,14.39,0.1,0.36,1.1,3.96,3.4,2.3,8.27,0.1,0.36,0.3,1.08,13.1,4.8,10.9,2.8,0.1,0.59,2.6,9.35
1396,Eliteserien (NO),169450,Henrik Molvær Melland,H. Melland,2005-03-29,61.63,16.41,19.39,14,14,0,614.0,43.86,0.64,1.47,5.64,12.87,0.0,0.0,1.29,2.93,3.64,4.14,9.45,0.14,0.33,0.43,0.98,14.36,8.36,14.86,9.5,0.57,1.78,4.36,9.93
1396,Eliteserien (NO),169502,Brice Fidel Ambina,B. Ambina,2001-11-17,49.28,13.5,13.95,14,14,0,369.0,26.36,1.43,5.42,4.71,17.89,0.14,0.54,0.64,2.44,3.29,0.93,3.52,0.14,0.54,0.71,2.71,7.21,4.71,7.29,9.57,1.64,7.14,1.79,6.77
1396,Eliteserien (NO),170365,David Edvardsson,D. Edvardsson,2002-03-05,94.57,29.24,28.96,16,16,0,1049.0,65.56,2.06,3.15,8.88,13.54,0.25,0.38,2.0,3.05,8.69,4.62,7.05,0.44,0.67,0.88,1.33,21.19,14.75,15.5,18.06,2.38,4.45,7.06,10.77
1396,Eliteserien (NO),173059,Mads Juhl Kikkenborg,M. Kikkenborg,1999-10-07,94.33,31.01,20.98,4,4,0,0.0,0.0,0.0,,0.0,,0.0,,0.0,,0.0,0.0,,0.0,,0.0,,0.0,0.0,0.0,0.0,0.0,,0.0,
1396,Eliteserien (NO),173061,Sævar Atli Magnússon,S. Magnússon,2000-06-16,16.52,6.94,3.78,3,3,0,26.0,8.67,1.0,11.54,1.0,11.54,0.0,0.0,0.0,0.0,2.0,0.33,3.85,0.0,0.0,0.0,0.0,2.67,1.33,2.0,0.33,0.0,0.0,0.67,7.69
1396,Eliteserien (NO),173118,Albert Posiadała,A. Posiadała,2003-02-25,94.47,30.62,24.68,12,12,0,0.0,0.0,0.0,,0.0,,0.0,,0.0,,0.0,0.0,,0.0,,0.0,,0.0,0.0,0.0,0.0,0.0,,0.0,
1396,Eliteserien (NO),174920,Camil Mmaee A Nwambeben,C. Mmaee,2004-02-21,15.81,3.18,4.88,2,2,0,36.0,18.0,0.0,0.0,1.5,8.33,0.0,0.0,0.0,0.0,3.0,1.0,5.56,0.0,0.0,0.0,0.0,7.5,5.0,6.5,2.0,0.0,0.0,1.5,8.33
1396,Eliteserien (NO),176405,Ulrik Valderhaug Syversen,U. Syversen,2003-04-22,57.11,15.18,17.58,9,9,0,153.0,17.0,0.44,2.61,3.0,17.65,0.11,0.65,0.56,3.27,2.33,1.0,5.88,0.33,1.96,0.56,3.27,3.33,1.67,4.11,6.67,1.0,7.55,0.56,3.27
1396,Eliteserien (NO),181065,Fredrik Tobias Berglie,F. Berglie,1996-12-28,77.75,21.58,22.54,12,12,0,143.0,11.92,0.83,6.99,3.0,25.18,0.33,2.8,0.67,5.59,2.58,0.5,4.2,1.0,8.39,0.58,4.89,2.0,1.08,1.42,7.67,2.25,19.02,0.08,0.7
1396,Eliteserien (NO),181067,Marcus Melchior,M. Melchior,2001-02-09,70.16,20.35,21.13,11,11,0,539.0,49.0,2.18,4.45,6.55,13.36,0.0,0.0,1.09,2.22,5.82,2.64,5.38,0.09,0.18,0.73,1.48,13.55,9.73,13.0,15.64,2.55,6.21,4.18,8.54
1396,Eliteserien (NO),181079,Gard Simenstad,G. Simenstad,1999-04-12,41.88,9.83,12.97,4,4,0,151.0,37.75,0.25,0.66,3.5,9.27,0.75,1.99,0.75,1.98,2.75,2.75,7.28,0.0,0.0,1.25,3.31,8.75,9.5,12.25,11.25,0.25,0.84,5.25,13.91
1396,Eliteserien (NO),181083,Håkon Butli Hammer,H. Hammer,2000-03-28,48.21,10.75,16.2,14,14,0,433.0,30.93,0.5,1.62,4.14,13.4,0.43,1.39,1.14,3.7,3.21,2.64,8.55,0.07,0.23,0.43,1.38,6.0,6.36,8.43,9.0,1.43,6.68,2.79,9.01
1396,Eliteserien (NO),181084,Markus Johnsgård,M. Johnsgård,1998-11-02,43.17,13.57,11.21,14,14,0,366.0,26.14,0.21,0.82,3.07,11.75,0.07,0.27,1.29,4.92,2.43,1.93,7.38,0.29,1.09,0.21,0.82,7.43,6.14,8.21,5.07,0.86,4.87,3.14,12.02
1396,Eliteserien (NO),181091,Teodor Berg Haltvik,T. Berg Haltvik,2000-04-09,59.9,18.16,16.01,10,10,0,362.0,36.2,0.4,1.11,4.7,12.98,0.3,0.83,1.1,3.04,6.2,2.3,6.35,0.2,0.55,0.2,0.55,11.8,5.9,13.8,4.6,0.3,2.83,3.7,10.22
1396,Eliteserien (NO),182718,Sebastian Holm Mathisen,S. Mathisen,2005-06-30,31.13,9.67,7.9,15,15,0,359.0,23.93,0.13,0.56,3.4,14.21,0.2,0.84,0.8,3.34,6.27,1.93,8.08,0.0,0.0,0.27,1.11,12.67,5.67,9.13,4.33,0.13,0.74,2.6,10.86
1396,Eliteserien (NO),182719,Fredrik Mani Pålerud,F. Pålerud,1994-02-24,25.59,4.7,9.56,8,8,0,120.0,15.0,0.25,1.67,1.5,10.0,0.12,0.83,1.12,7.5,1.12,1.25,8.33,0.38,2.5,0.0,0.0,1.75,3.25,2.75,8.25,1.0,6.14,1.12,7.5
1396,Eliteserien (NO),183182,Håkon  Holmefjord Lorentzen,H. Lorentzen,1997-08-02,76.15,17.93,23.81,17,17,0,767.0,45.12,0.35,0.78,6.12,13.56,0.24,0.52,1.47,3.26,7.59,3.82,8.47,0.12,0.26,0.24,0.52,16.0,7.24,17.29,5.47,0.29,0.72,4.76,10.56
1396,Eliteserien (NO),183914,Omar Jebali,O. Jebali,2000-02-19,75.54,15.9,26.98,12,12,0,212.0,17.67,0.83,4.72,4.0,22.64,0.42,2.36,1.17,6.6,2.75,0.5,2.83,0.5,2.83,0.83,4.72,2.67,2.67,4.25,8.92,2.08,11.6,0.42,2.36
1396,Eliteserien (NO),184089,Vladimiro Etson António Félix,Félix Vá,1998-08-24,84.59,24.58,23.83,15,15,0,986.0,65.73,1.53,2.33,7.53,11.46,0.73,1.12,2.2,3.35,9.73,5.53,8.42,0.2,0.3,0.4,0.61,28.67,16.73,22.67,9.47,1.4,3.06,6.67,10.14
1396,Eliteserien (NO),187388,Sander Johan Christiansen,S. Christiansen,2001-04-29,89.7,22.23,30.0,14,14,0,635.0,45.36,1.71,3.78,8.0,17.64,0.64,1.42,1.43,3.15,4.43,2.07,4.57,0.5,1.1,1.07,2.36,9.86,6.36,10.79,16.57,3.14,7.59,3.36,7.4
1396,Eliteserien (NO),205643,Björn Martin Kristensen,B. Kristensen,2002-05-04,39.42,10.51,12.12,16,16,0,440.0,27.5,0.5,1.82,3.5,12.73,0.19,0.68,0.62,2.27,5.5,2.5,9.09,0.06,0.23,0.25,0.91,8.5,5.12,9.81,6.12,0.38,2.72,3.62,13.18
1396,Eliteserien (NO),206018,Lucas Janus Ravn-Haren,L. Haren,1997-10-13,66.29,17.3,20.04,15,15,0,593.0,39.53,0.67,1.69,5.93,15.01,0.2,0.51,0.8,2.02,6.07,2.4,6.07,0.07,0.17,0.53,1.35,12.93,7.27,13.47,8.0,0.67,2.04,4.13,10.46
1396,Eliteserien (NO),206023,Jacob Pryts Larsen,J. Pryts,1998-06-25,100.1,22.6,31.97,16,16,0,0.0,0.0,0.0,,0.0,,0.0,,0.0,,0.0,0.0,,0.0,,0.0,,0.0,0.0,0.0,0.0,0.0,,0.0,
1396,Eliteserien (NO),206037,Carl Lange,C. Lange,1998-10-07,91.28,25.57,26.31,16,16,0,778.0,48.62,1.69,3.47,7.56,15.55,0.12,0.26,1.56,3.21,7.5,1.56,3.21,0.5,1.03,0.75,1.54,12.12,8.25,13.81,14.69,1.75,4.22,3.06,6.3
1396,Eliteserien (NO),223101,Aleksander Hammer Kjelsen,A. Hammer Kjelsen,2006-01-03,93.22,22.96,30.51,13,13,0,267.0,20.54,0.77,3.75,4.15,20.22,0.23,1.12,1.38,6.74,3.0,0.0,0.0,1.15,5.62,0.54,2.62,2.15,2.15,3.15,13.38,2.77,13.58,0.38,1.87
1396,Eliteserien (NO),240234,Adrian Sæther,A. Sæther,2001-06-01,99.5,26.41,32.8,12,12,0,0.0,0.0,0.0,,0.0,,0.0,,0.0,,0.0,0.0,,0.0,,0.0,,0.0,0.0,0.0,0.0,0.0,,0.0,
1396,Eliteserien (NO),365778,Ethan Amundsen-Day,E. Amundsen-Day,2005-05-09,98.77,29.98,29.97,15,15,0,368.0,24.53,0.87,3.53,5.13,20.92,0.27,1.09,1.53,6.25,3.2,0.87,3.53,0.73,2.99,0.93,3.8,3.27,3.0,6.2,11.4,2.27,10.22,1.33,5.44
1396,Eliteserien (NO),365787,Amin Chiakha,A. Chiakha,2006-03-12,90.79,24.43,24.46,16,15,1,816.0,54.4,1.33,2.45,6.8,12.5,0.33,0.61,2.47,4.53,11.67,3.4,6.25,0.0,0.0,0.4,0.73,24.8,9.53,17.13,5.2,0.8,1.88,6.27,11.52
1396,Eliteserien (NO),378818,Jens Hjertø Dahl,J. Hjertø-Dahl,2005-10-31,92.36,29.46,28.74,14,14,0,1003.0,71.64,1.43,2.0,11.14,15.55,0.21,0.3,2.0,2.79,8.14,6.21,8.67,0.07,0.1,0.5,0.7,26.29,15.0,23.79,14.64,1.14,2.1,10.07,14.06
1396,Eliteserien (NO),405007,Daniel Johan Skaarud,D. Skaarud,2007-09-17,14.04,4.54,3.19,2,2,0,15.0,7.5,0.0,0.0,0.5,6.67,0.0,0.0,0.0,0.0,2.0,0.5,6.67,0.0,0.0,0.0,0.0,3.0,1.5,3.0,0.0,0.0,,1.5,20.0
1396,Eliteserien (NO),416018,Troy Engseth Nyhammer,T. Nyhammer,2006-08-19,38.68,11.72,11.71,13,13,0,436.0,33.54,0.54,1.6,3.54,10.55,0.15,0.46,0.92,2.75,6.0,2.23,6.65,0.0,0.0,0.31,0.92,16.23,7.0,12.92,4.31,0.31,2.49,4.62,13.76
1396,Eliteserien (NO),422164,Mustapha Isah Ubandoma,M. Ubandoma,2004-07-23,75.28,20.73,24.28,13,13,0,685.0,52.69,0.08,0.15,4.46,8.47,0.15,0.29,1.46,2.77,13.62,3.46,6.57,0.0,0.0,0.23,0.44,25.77,8.85,19.54,3.46,0.31,1.23,7.08,13.43
1396,Eliteserien (NO),441614,Júlíus Mar Júlíusson,J. Júlíusson,2004-06-07,98.68,25.23,32.22,15,15,0,275.0,18.33,1.2,6.54,4.2,22.91,0.2,1.09,1.2,6.55,3.67,0.2,1.09,1.47,8.0,1.0,5.45,1.53,2.0,2.27,11.87,3.47,21.04,0.2,1.09
1396,Eliteserien (NO),441648,Noa Oliver Williams,N. Williams,2001-11-27,49.34,12.1,16.94,16,16,0,629.0,39.31,0.5,1.27,4.69,11.92,0.06,0.16,0.75,1.91,6.25,2.56,6.52,0.06,0.16,0.19,0.48,12.88,8.25,11.81,7.31,0.94,3.58,5.19,13.2
1396,Eliteserien (NO),441652,Håvar Grøntvedt Jenssen,H. Jenssen,1996-04-10,100.48,25.92,31.54,6,6,0,0.0,0.0,0.0,,0.0,,0.0,,0.0,,0.0,0.0,,0.0,,0.0,,0.0,0.0,0.0,0.0,0.0,,0.0,
1396,Eliteserien (NO),441665,David Hickson Gyedu,D. Hickson,1997-07-09,44.74,11.62,14.26,8,8,0,212.0,26.5,0.62,2.36,2.5,9.43,0.12,0.47,1.0,3.77,2.12,3.0,11.32,0.25,0.94,0.0,0.0,6.88,5.38,9.38,9.25,0.38,2.37,2.62,9.91
1396,Eliteserien (NO),441669,Ousmane Diallo Toure,O. Diallo,2003-03-12,66.55,15.95,20.73,15,15,0,541.0,36.07,1.73,4.81,4.93,13.68,0.33,0.92,1.87,5.17,4.87,2.2,6.1,0.2,0.55,1.07,2.96,6.87,6.27,11.4,11.4,1.53,4.65,1.87,5.18
1396,Eliteserien (NO),451663,Rasmus Holten,R. Holten,2005-02-20,69.42,23.35,17.7,10,10,0,150.0,15.0,1.1,7.33,2.6,17.33,0.4,2.67,0.5,3.33,3.0,0.5,3.33,0.7,4.67,0.5,3.33,1.6,1.8,1.6,9.2,1.7,11.5,0.7,4.67
1396,Eliteserien (NO),451664,Johannes Andres Hummelvoll Nuñez,J. Nuñez,1996-12-14,49.3,15.44,13.49,8,7,1,238.0,34.0,0.14,0.42,4.43,13.03,0.0,0.0,1.0,2.94,5.14,3.43,10.08,0.0,0.0,0.14,0.42,14.43,5.86,12.57,3.43,0.43,1.24,2.43,7.14
1396,Eliteserien (NO),451667,Simen Hestnes,S. Hestnes,1996-02-05,94.49,25.34,28.33,11,11,0,631.0,57.36,1.55,2.69,7.45,13.0,0.45,0.79,2.36,4.12,4.09,4.27,7.45,0.36,0.63,1.09,1.9,15.0,10.55,18.27,21.73,2.0,5.0,4.55,7.92
1396,Eliteserien (NO),451668,Tore André Sørås,T. Sørås,1998-06-18,77.46,20.81,23.87,9,9,0,435.0,48.33,2.0,4.14,8.44,17.47,0.67,1.38,1.33,2.76,5.89,2.11,4.37,0.56,1.15,0.56,1.15,11.89,9.11,14.0,14.11,1.78,3.99,4.44,9.19
1396,Eliteserien (NO),451669,Aaron Kiil Olsen,A. Kiil Olsen,2001-05-20,98.46,26.43,29.79,15,15,0,283.0,18.87,0.93,4.95,3.27,17.31,0.4,2.12,0.93,4.95,3.33,0.4,2.12,0.67,3.53,0.47,2.47,2.4,2.6,3.13,11.13,1.93,10.48,0.4,2.12
1396,Eliteserien (NO),451671,Håkon Helland Hoseth,H. Hoseth,1999-03-19,71.16,19.06,22.72,14,14,0,454.0,32.43,1.14,3.52,4.79,14.76,0.71,2.2,1.64,5.07,3.71,2.21,6.83,0.29,0.88,0.64,1.98,8.29,4.86,13.07,11.71,1.57,5.22,2.14,6.61
1396,Eliteserien (NO),451676,Robin Gravli Rasch,R. Rasch,1994-01-10,64.31,16.12,20.06,16,16,0,536.0,33.5,1.19,3.54,4.88,14.55,0.19,0.56,1.19,3.54,4.06,2.06,6.16,0.06,0.19,0.44,1.31,6.81,5.06,8.88,12.81,1.75,6.04,4.12,12.31
1396,Eliteserien (NO),471019,Mathias Dahl Sauer,M. Sauer,2004-04-02,13.68,5.11,3.74,2,2,0,26.0,13.0,0.5,3.84,2.0,15.38,0.5,3.84,0.5,3.84,2.5,0.5,3.84,0.0,0.0,0.0,0.0,3.5,3.0,4.0,4.5,0.5,5.55,1.5,11.54
1396,Eliteserien (NO),516077,Alexander Figuereido Gurendal,A. Gurendal,2005-03-02,17.97,4.46,5.04,5,5,0,57.0,11.4,0.0,0.0,1.2,10.53,0.0,0.0,0.2,1.75,2.4,1.0,8.77,0.0,0.0,0.0,0.0,3.0,2.4,5.0,1.8,0.6,6.34,0.6,5.26
1396,Eliteserien (NO),590872,Jakob Vester Nielsen,J. Vester,2004-12-28,62.03,19.68,16.57,11,11,0,300.0,27.27,0.82,3.0,4.55,16.67,0.09,0.33,0.36,1.33,2.45,3.36,12.33,0.27,1.0,0.18,0.67,8.18,3.64,9.55,8.64,1.45,6.77,2.45,9.0
1396,Eliteserien (NO),624592,Samuel Ruben Leach Holm,S. Leach Holm,1997-10-09,68.38,20.04,19.24,12,12,0,381.0,31.75,1.08,3.41,4.42,13.91,0.08,0.26,0.92,2.89,3.67,2.5,7.87,0.5,1.57,0.5,1.58,7.67,4.83,8.42,10.5,1.67,6.23,2.42,7.61
1396,Eliteserien (NO),626472,Danilo Al Saed,Danilo Al Saed,1999-02-24,17.19,8.04,3.06,2,2,0,5.0,2.5,0.0,0.0,1.5,60.0,0.0,0.0,0.5,20.0,0.0,0.0,0.0,0.0,0.0,0.0,0.0,0.0,0.0,1.5,0.0,0.0,,0.0,0.0
1396,Eliteserien (NO),626474,Jakob Maslö Dunsby,J. Dunsby,2000-03-13,58.64,16.91,16.9,11,11,0,434.0,39.45,0.55,1.38,6.09,15.44,0.18,0.46,1.36,3.46,5.55,3.45,8.75,0.0,0.0,0.18,0.46,13.18,9.82,12.27,9.91,1.09,3.17,4.45,11.29
1396,Eliteserien (NO),626482, Winston Robin Yaw Paintsil,Yaw Paintsil,1999-08-19,60.8,17.95,17.26,10,10,0,294.0,29.4,0.9,3.06,4.8,16.32,0.2,0.68,1.8,6.12,5.1,2.4,8.16,0.7,2.38,0.3,1.02,6.6,4.8,8.2,10.2,1.0,4.69,1.9,6.46
1396,Eliteserien (NO),626798,Claus Babo Niyukuri,C. Niyukuri,2000-02-13,71.05,17.81,23.78,15,15,0,463.0,30.87,1.4,4.54,4.87,15.77,0.53,1.73,1.47,4.75,4.07,1.8,5.83,0.93,3.02,1.07,3.46,4.93,4.0,7.0,12.2,1.47,5.12,1.6,5.18
1396,Eliteserien (NO),632271,Uba Charles Nwokoma,U. Charles,2002-10-10,83.29,21.35,26.86,15,15,0,632.0,42.13,1.6,3.8,7.13,16.93,0.33,0.79,2.07,4.9,5.13,3.53,8.39,1.07,2.53,1.2,2.85,9.87,6.67,11.33,12.53,2.27,5.45,1.87,4.43
1396,Eliteserien (NO),633282,Jesper Reitan-Sunde,J. Reitan-Sunde,2006-01-31,18.23,3.66,4.79,7,6,1,79.0,13.17,0.5,3.8,1.17,8.86,0.0,0.0,1.17,8.86,1.67,0.33,2.53,0.17,1.27,0.0,0.0,2.17,2.5,4.33,3.33,0.67,10.92,0.5,3.8
1396,Eliteserien (NO),647699,Filip Erik Thorvaldsen,F. Thorvaldsen,2006-04-15,73.37,21.08,20.64,13,13,0,538.0,41.38,1.0,2.42,4.69,11.34,0.15,0.37,1.62,3.9,8.85,3.15,7.62,0.0,0.0,0.31,0.74,14.77,6.85,16.15,7.23,0.46,2.03,4.15,10.04
1396,Eliteserien (NO),654152,Jesper Nerhus Eikrem,J. Eikrem,2007-07-02,12.28,2.92,4.56,1,1,0,13.0,13.0,1.0,7.69,1.0,7.69,0.0,0.0,0.0,0.0,1.0,1.0,7.69,0.0,0.0,0.0,0.0,2.0,3.0,4.0,6.0,1.0,7.69,1.0,7.69
1396,Eliteserien (NO),662291,Simen Vatne Haram,S. Haram,2005-01-26,78.97,18.91,26.49,12,12,0,274.0,22.83,0.58,2.56,4.5,19.71,0.0,0.0,1.33,5.84,3.08,0.75,3.29,0.92,4.01,1.17,5.11,4.08,2.17,5.25,11.25,2.08,10.45,1.0,4.38
1396,Eliteserien (NO),667470,Johan Meyer,J. Meyer,2004-01-05,5.68,1.62,0.95,1,1,0,2.0,2.0,1.0,50.0,1.0,50.0,0.0,0.0,0.0,0.0,0.0,0.0,0.0,0.0,0.0,0.0,0.0,0.0,0.0,0.0,1.0,0.0,0.0,0.0,0.0
1396,Eliteserien (NO),673248,Oskar Spiten-Nysæter,O. Spiten-Nysæter,2007-08-29,48.67,15.74,12.42,11,11,0,289.0,26.27,1.0,3.81,4.82,18.34,0.0,0.0,1.0,3.81,3.82,1.91,7.27,0.0,0.0,0.64,2.42,6.91,5.18,8.82,6.18,1.09,4.38,1.82,6.92
1396,Eliteserien (NO),677009,Jonas Tviberg Torsvik,J. Torsvik,2005-05-24,19.7,6.41,3.87,4,4,0,18.0,4.5,0.5,11.11,1.5,33.33,0.25,5.56,0.0,0.0,0.5,0.0,0.0,0.0,0.0,0.0,0.0,1.0,0.75,0.25,1.25,0.25,6.67,0.0,0.0
1396,Eliteserien (NO),691572,Gustav Kjølstad Nyheim,G. Nyheim,2006-02-13,65.82,18.65,18.79,16,16,0,645.0,40.31,1.06,2.64,5.06,12.56,0.12,0.31,1.31,3.26,5.31,1.88,4.65,0.31,0.78,0.38,0.93,12.75,6.56,15.81,9.88,1.75,5.28,4.25,10.54
1396,Eliteserien (NO),698170,Mamour Ndiaye,M. Ndiaye,2005-10-22,101.81,24.51,32.21,10,10,0,0.0,0.0,0.0,,0.0,,0.0,,0.0,,0.0,0.0,,0.0,,0.0,,0.0,0.0,0.0,0.0,0.0,,0.0,
1396,Eliteserien (NO),701629,Jalal Abdulai,J. Abdulai,2005-01-05,66.78,21.24,15.78,10,10,0,376.0,37.6,0.5,1.33,4.5,11.97,0.2,0.53,1.7,4.52,13.7,2.0,5.32,0.0,0.0,0.1,0.27,21.7,7.7,13.9,1.5,0.2,1.31,2.9,7.71
1396,Eliteserien (NO),711988,Hrannar Snaer Magnússon,H. Magnússon,2001-12-27,24.17,7.2,7.47,9,9,0,174.0,19.33,0.22,1.15,3.22,16.67,0.0,0.0,0.56,2.87,3.11,1.44,7.47,0.0,0.0,0.33,1.72,8.44,4.44,5.89,3.56,0.67,8.02,2.11,10.92
1396,Eliteserien (NO),714149,Camil Jebara,C. Jebara,2003-01-19,36.18,10.32,9.41,11,11,0,225.0,20.45,0.64,3.11,3.45,16.89,0.18,0.89,0.55,2.67,3.18,2.36,11.56,0.0,0.0,0.18,0.89,8.18,3.73,7.82,2.91,0.18,1.23,2.36,11.56
1396,Eliteserien (NO),737841,Rasmus Eggen Vinge,R. Vinge,2001-01-28,55.04,14.38,16.29,14,14,0,525.0,37.5,0.57,1.52,5.43,14.48,0.07,0.19,1.86,4.95,5.86,3.0,8.0,0.21,0.57,0.43,1.14,14.0,7.57,12.07,4.14,0.43,1.09,3.71,9.9
1396,Eliteserien (NO),738154,Zinedin Smajlović,Z. Smajlović,2003-12-20,98.63,30.44,27.06,10,10,0,260.0,26.0,2.0,7.69,5.9,22.69,0.2,0.77,1.1,4.23,3.0,0.4,1.54,0.5,1.92,1.4,5.38,3.1,3.7,4.8,15.0,3.1,12.5,0.6,2.31
1396,Eliteserien (NO),738186,Stian Kristiansen,S. Kristiansen,1999-01-06,59.2,15.22,17.61,9,9,0,108.0,12.0,0.44,3.7,2.0,16.67,0.11,0.93,0.67,5.56,2.33,0.22,1.85,0.67,5.56,0.22,1.85,0.89,1.56,1.89,8.89,1.44,12.18,0.0,0.0
1396,Eliteserien (NO),743307,Anders Hiim,A. Hiim,2002-09-13,100.56,25.35,32.31,16,16,0,642.0,40.12,1.94,4.83,4.69,11.68,0.62,1.56,2.0,4.98,4.19,2.88,7.17,1.0,2.49,1.06,2.65,5.31,5.69,9.19,16.31,2.94,8.29,1.5,3.74
1396,Eliteserien (NO),743998,Fredrik Carson Pedersen,F. Pedersen,2002-10-09,96.51,28.93,27.23,16,16,0,590.0,36.88,1.56,4.24,5.94,16.1,0.75,2.03,2.19,5.93,4.19,1.88,5.08,0.56,1.53,1.75,4.75,6.81,6.81,9.5,16.44,2.56,7.49,1.56,4.24
1396,Eliteserien (NO),759513,Isak Vådebu,I. Vådebu,2003-08-10,77.66,23.06,24.96,15,15,0,382.0,25.47,1.13,4.45,3.93,15.44,0.27,1.05,1.07,4.19,3.87,0.87,3.4,0.73,2.88,0.53,2.09,6.33,3.53,5.73,10.4,1.53,6.78,1.07,4.19
1396,Eliteserien (NO),769488,Martin Børsheim,M. Børsheim,2005-02-18,100.28,28.33,30.05,16,15,1,0.0,0.0,0.0,,0.0,,0.0,,0.0,,0.0,0.0,,0.0,,0.0,,0.0,0.0,0.0,0.0,0.0,,0.0,
1396,Eliteserien (NO),771985,Mathias Minik Fals Schandorff Christensen,M. Christensen,2001-11-10,85.28,21.44,27.46,15,15,0,988.0,65.87,1.4,2.13,8.6,13.06,0.53,0.81,1.33,2.02,8.87,5.53,8.4,0.2,0.3,0.93,1.42,18.27,15.13,21.73,14.93,0.87,1.51,7.4,11.23
1396,Eliteserien (NO),771995,Mads Bomholt,M. Bomholt,2005-12-30,90.2,24.58,24.39,16,15,1,915.0,61.0,1.0,1.64,8.07,13.22,0.47,0.76,1.8,2.95,8.6,3.73,6.12,0.4,0.66,0.47,0.77,24.67,11.33,19.2,8.93,0.93,1.96,5.87,9.62
1396,Eliteserien (NO),773068,Samukelo Kabini,S. Kabini,2004-03-15,91.57,29.65,23.77,12,12,0,311.0,25.92,1.92,7.4,4.08,15.75,0.58,2.25,1.92,7.4,4.75,1.42,5.47,0.83,3.22,0.67,2.57,4.0,3.92,5.08,10.67,1.75,7.35,0.92,3.54
1396,Eliteserien (NO),787204,Daniel Demenge Daga,D. Daga,2007-01-10,75.91,25.8,17.75,4,4,0,122.0,30.5,2.5,8.2,4.25,13.93,0.25,0.82,0.5,1.64,4.75,1.0,3.28,0.25,0.82,1.25,4.1,8.75,3.75,6.5,9.5,1.75,6.66,1.25,4.1
1396,Eliteserien (NO),796628,Sander Hestetun Kilen,S. Kilen,2005-05-30,87.31,22.32,28.43,15,15,0,790.0,52.67,0.73,1.39,5.27,10.0,0.13,0.25,2.13,4.05,10.27,3.53,6.71,0.2,0.38,0.33,0.63,20.6,7.93,19.93,8.67,0.73,1.71,5.73,10.89
1396,Eliteserien (NO),799189,Vetle Auklend,V. Auklend,2005-03-22,37.81,11.93,11.16,11,11,0,132.0,12.0,0.45,3.79,2.55,21.21,0.18,1.51,0.55,4.54,2.36,0.82,6.82,0.18,1.51,0.36,3.03,3.0,1.36,2.91,4.36,0.73,7.19,0.27,2.27
1396,Eliteserien (NO),811242,Michael Opoku,M. Opoku,2005-07-20,49.45,12.98,14.54,4,4,0,123.0,30.75,1.0,3.25,2.75,8.94,0.25,0.81,1.75,5.69,6.0,3.75,12.2,0.0,0.0,0.5,1.63,10.0,5.25,9.5,5.25,0.75,3.35,3.0,9.76
1396,Eliteserien (NO),816764,Jakub Jezierski,J. Jezierski,2004-07-09,6.83,1.0,1.11,2,1,1,6.0,6.0,1.0,16.67,1.0,16.67,0.0,0.0,0.0,0.0,2.0,0.0,0.0,0.0,0.0,0.0,0.0,2.0,3.0,1.0,0.0,0.0,,1.0,16.67
1396,Eliteserien (NO),817178,Tobias  Guddal,T. Guddal,2002-07-25,98.98,30.34,30.74,15,15,0,266.0,17.73,0.6,3.38,4.07,22.93,0.2,1.13,0.53,3.01,3.0,0.2,1.13,1.2,6.77,0.73,4.14,3.8,1.73,3.53,8.93,1.53,10.23,0.47,2.63
1396,Eliteserien (NO),817179,Martin Hellan,M. Hellan,2003-08-17,29.5,10.49,7.53,5,5,0,63.0,12.6,0.4,3.17,1.0,7.94,0.0,0.0,0.2,1.58,1.6,0.6,4.76,0.4,3.17,0.8,6.35,2.4,1.8,3.2,3.8,0.6,5.43,0.0,0.0
1396,Eliteserien (NO),817183,Ruben Kristensen Alte,R. Alte,2000-02-28,71.21,20.36,20.36,12,12,0,512.0,42.67,1.0,2.34,5.0,11.72,0.17,0.39,1.33,3.12,7.0,3.75,8.79,0.25,0.59,0.83,1.95,17.92,9.75,15.75,7.58,0.33,1.54,5.0,11.72
1396,Eliteserien (NO),817184,Wilfred George Igor,W. Igor,2005-02-20,95.32,24.64,31.15,16,16,0,834.0,52.12,2.25,4.32,6.75,12.95,0.5,0.96,2.38,4.56,7.31,3.94,7.55,0.44,0.84,1.44,2.76,12.94,7.56,13.06,18.88,3.25,7.09,5.06,9.71
1396,Eliteserien (NO),817185,Håkon Sjåtil,H. Sjåtil,2002-12-27,68.25,19.01,20.33,14,14,0,438.0,31.29,1.29,4.11,7.21,23.06,0.21,0.68,1.71,5.48,2.43,1.5,4.79,0.43,1.37,0.71,2.28,5.86,4.5,8.86,11.57,2.14,7.34,1.86,5.94
1396,Eliteserien (NO),817186,Sondre Sørløkk,S. Sørløkk,1997-05-08,83.09,23.66,24.22,11,11,0,340.0,30.91,1.18,3.82,4.36,14.12,0.36,1.18,1.09,3.53,5.45,3.36,10.88,0.36,1.18,0.45,1.47,7.82,3.09,11.55,6.82,1.18,4.56,1.82,5.88
1396,Eliteserien (NO),817187,Philip Sandvik Aukland,P. Aukland,1998-12-30,79.34,20.72,24.3,5,5,0,84.0,16.8,0.6,3.57,3.6,21.43,0.2,1.19,0.8,4.76,3.2,0.2,1.19,0.8,4.76,0.2,1.19,2.0,3.0,2.4,8.8,2.4,14.48,0.0,0.0
1396,Eliteserien (NO),817287,Victor Emanuel Halvorsen,V. Halvorsen,2004-07-03,69.96,17.14,22.06,16,16,0,692.0,43.25,1.31,3.04,7.19,16.62,0.12,0.29,1.94,4.48,5.5,3.06,7.08,0.44,1.01,0.19,0.43,12.12,7.81,11.56,10.5,1.06,3.19,4.25,9.83
1396,Eliteserien (NO),817290,Håkon Singsdal Volden,H. Volden,2007-05-25,73.32,19.19,21.31,6,5,1,57.0,11.4,0.4,3.51,3.6,31.58,0.4,3.51,0.2,1.75,2.6,0.0,0.0,0.8,7.02,0.0,0.0,1.2,0.8,1.6,7.4,2.0,20.16,0.2,1.75
1396,Eliteserien (NO),817291,Loris Mettler,L. Mettler,1998-12-14,62.93,19.14,20.07,8,8,0,380.0,47.5,0.5,1.05,6.0,12.63,0.38,0.79,2.25,4.74,5.88,3.75,7.9,0.12,0.26,1.0,2.1,8.75,9.25,12.62,13.0,1.25,2.66,6.75,14.21
1396,Eliteserien (NO),817452,Alexander Thongla-Iad Warneryd,A. Thongla-Iad Warneryd,2005-08-21,85.78,26.23,26.4,13,13,0,593.0,45.62,1.0,2.19,6.62,14.5,0.54,1.18,2.38,5.23,4.08,5.0,10.96,0.46,1.01,0.31,0.68,16.54,7.23,18.92,8.69,2.08,4.98,3.69,8.09
1396,Eliteserien (NO),817660,Momodou Njie,M. Njie,2001-12-10,35.99,8.44,12.18,5,5,0,29.0,5.8,0.4,6.9,2.4,41.38,0.0,0.0,0.0,0.0,1.2,0.0,0.0,0.0,0.0,0.2,3.45,0.4,0.8,1.0,3.8,0.8,15.94,0.2,3.45
1396,Eliteserien (NO),817661,Emil Gundelach Ødegaard,E. Ødegaard,1999-04-29,99.99,24.99,33.09,8,8,0,0.0,0.0,0.0,,0.0,,0.0,,0.0,,0.0,0.0,,0.0,,0.0,,0.0,0.0,0.0,0.0,0.0,,0.0,
1396,Eliteserien (NO),817662,Mathias Tønnessen,M. Tønnessen,2003-11-22,42.35,11.41,14.24,5,5,0,103.0,20.6,0.6,2.91,3.4,16.51,0.0,0.0,0.6,2.91,3.6,1.6,7.77,0.4,1.94,0.6,2.91,7.6,3.4,7.8,7.4,0.8,3.45,1.8,8.74
1396,Eliteserien (NO),817665,William Osnes-Ringen,W. Osnes-Ringen,2006-11-13,36.25,10.56,10.96,12,12,0,344.0,28.67,0.67,2.33,3.25,11.34,0.17,0.58,0.83,2.91,4.83,2.92,10.17,0.08,0.29,0.67,2.33,8.17,6.75,6.92,7.5,1.08,4.69,3.42,11.92
1396,Eliteserien (NO),818219,Sondre Milian Granaas,S. Granaas,2006-08-30,70.57,23.04,17.94,14,14,0,668.0,47.71,1.14,2.39,7.21,15.12,0.43,0.9,1.86,3.89,7.5,2.86,5.99,0.07,0.15,0.29,0.6,18.29,10.07,17.5,7.79,1.07,2.45,4.14,8.68
1396,Eliteserien (NO),818221,Haakon  Haugen,H. Haugen,2007-01-10,47.52,12.15,15.5,12,12,0,304.0,25.33,0.67,2.63,3.08,12.17,0.25,0.99,1.0,3.95,3.5,2.42,9.54,0.17,0.66,0.58,2.3,6.75,4.0,7.58,7.33,0.92,4.11,2.33,9.21
1396,Eliteserien (NO),818222,Villads Schmidt Nielsen,V. Nielsen,2005-01-29,17.0,9.01,3.06,2,2,0,3.0,1.5,0.0,0.0,1.0,66.67,0.0,0.0,0.0,0.0,0.0,0.0,0.0,0.0,0.0,0.0,0.0,0.0,0.0,0.0,1.0,0.0,0.0,0.0,0.0
1396,Eliteserien (NO),819515,Leander Næss Alvheim,L. Alvheim,2004-09-15,81.85,22.47,25.74,15,15,0,895.0,59.67,0.27,0.45,5.53,9.27,0.4,0.67,2.2,3.69,10.2,4.8,8.04,0.0,0.0,0.2,0.34,28.6,10.93,20.73,5.47,0.33,0.92,7.87,13.19
1396,Eliteserien (NO),822950,Jonas Lange Hjorth,J. Hjorth,2001-01-30,77.98,20.34,24.33,11,11,0,366.0,33.27,0.91,2.73,4.55,13.66,0.36,1.09,1.18,3.55,4.36,2.64,7.92,0.27,0.82,0.91,2.73,9.45,5.09,12.82,8.45,1.18,4.69,2.64,7.92
1396,Eliteserien (NO),822952,Tobias Saliou Moi Sene,T. Moi Sene,2006-03-03,68.72,20.79,17.72,9,9,0,292.0,32.44,1.56,4.79,5.33,16.44,0.11,0.34,1.67,5.14,6.11,2.11,6.51,0.78,2.4,0.56,1.71,12.0,5.11,9.78,10.33,1.33,4.94,2.78,8.56
1396,Eliteserien (NO),825696,Jonathan Vonheim Norbye,J. Norbye,2007-03-26,59.75,15.27,18.05,9,9,0,130.0,14.44,0.67,4.62,2.56,17.69,0.11,0.77,0.11,0.77,1.56,0.67,4.62,0.67,4.61,0.22,1.54,3.0,1.56,3.0,5.67,0.67,3.9,1.22,8.46
1396,Eliteserien (NO),826578,Harald Woxen,H. Woxen,2008-01-31,27.09,8.69,6.42,10,10,0,161.0,16.1,0.7,4.35,3.1,19.25,0.2,1.24,0.7,4.35,2.9,1.3,8.07,0.0,0.0,0.7,4.35,4.5,3.0,4.1,5.1,1.2,9.39,1.3,8.08
1396,Eliteserien (NO),827007,Tobias Solheim Dahl,T. Solheim Dahl,2005-01-12,70.04,18.57,19.4,13,12,1,207.0,17.25,1.25,7.24,2.83,16.42,0.67,3.86,0.75,4.35,2.67,0.92,5.31,0.5,2.9,0.5,2.9,3.25,2.0,4.33,7.42,1.75,12.57,0.92,5.31
1396,Eliteserien (NO),834313,Niklas Kemp Fuglestad,N. Fuglestad,2006-05-20,50.79,14.77,14.24,14,14,0,484.0,34.57,0.64,1.86,4.0,11.57,0.21,0.62,1.29,3.72,5.5,4.0,11.57,0.07,0.21,0.43,1.24,17.71,8.93,13.5,3.14,0.43,1.72,4.79,13.84
1396,Eliteserien (NO),835726,Jakob Segadal Hansen,J. Hansen,2005-06-16,29.88,7.77,8.81,8,8,0,150.0,18.75,0.75,4.0,2.5,13.33,0.0,0.0,0.75,4.0,1.75,1.25,6.67,0.12,0.67,0.38,2.0,5.5,3.88,6.12,5.0,0.38,2.45,3.25,17.33
1396,Eliteserien (NO),837648,Andreas Klausen Helmersen,A. Helmersen,1998-03-15,44.72,18.18,9.78,14,14,0,310.0,22.14,0.36,1.61,3.21,14.52,0.07,0.32,0.93,4.19,4.29,1.43,6.45,0.0,0.0,0.14,0.65,11.43,3.57,7.57,1.64,0.0,0.0,2.14,9.68
1396,Eliteserien (NO),838626,Ivan Cabrel Djantou Tchaboutang,I. Djantou,2002-03-14,29.33,6.88,10.5,10,10,0,210.0,21.0,0.0,0.0,2.1,10.0,0.0,0.0,0.5,2.38,5.8,1.6,7.62,0.1,0.48,0.0,0.0,9.3,2.8,7.3,2.7,0.1,0.37,2.4,11.43
1396,Eliteserien (NO),839105,Jesper Cornelius,J. Cornelius,2001-06-26,85.27,19.61,27.1,17,17,0,869.0,51.12,0.94,1.84,6.53,12.77,0.12,0.23,2.35,4.6,13.12,3.47,6.79,0.0,0.0,0.47,0.92,19.29,8.06,17.12,6.35,0.18,0.25,5.53,10.82
1396,Eliteserien (NO),839111,Anton Ekeroth,А. Ekeroth,2001-09-16,91.45,26.4,28.7,12,12,0,516.0,43.0,1.5,3.49,5.58,12.98,0.33,0.78,1.42,3.29,7.33,3.25,7.56,0.17,0.39,0.83,1.94,10.75,7.25,16.25,9.58,1.58,4.17,3.5,8.14
1396,Eliteserien (NO),839115,Elias Fritjof Grænge Sørensen,E. Sørensen,1999-09-18,59.2,16.02,16.85,10,10,0,341.0,34.1,0.6,1.76,3.7,10.85,0.3,0.88,1.2,3.52,6.9,2.2,6.45,0.0,0.0,0.4,1.17,11.6,6.9,12.6,6.1,0.5,2.3,3.5,10.26
1396,Eliteserien (NO),839198,Nana Kwame Boakye,N. Boakye,2005-12-05,75.06,22.0,15.45,2,2,0,20.0,10.0,1.5,15.0,1.0,10.0,0.0,0.0,0.5,5.0,3.0,0.0,0.0,1.0,10.0,0.5,5.0,2.5,1.5,1.0,6.0,3.5,35.55,0.0,0.0
1396,Eliteserien (NO),841167,Oskar Øhlenschlæger,O. Øhlenschlæger,2004-04-19,90.32,26.05,26.34,15,14,1,851.0,60.79,2.57,4.23,8.57,14.1,0.29,0.47,2.07,3.41,8.5,4.5,7.4,0.07,0.12,0.5,0.82,23.57,9.57,21.43,9.29,1.5,3.65,6.0,9.87
1396,Eliteserien (NO),847699,Gustav Højbjerg,G. Højbjerg,2003-12-03,6.94,1.77,1.01,2,2,0,4.0,2.0,0.0,0.0,0.5,25.0,0.0,0.0,0.5,25.0,0.5,0.0,0.0,0.0,0.0,0.0,0.0,0.5,0.5,0.5,1.0,0.5,50.0,0.0,0.0
1396,Eliteserien (NO),856291,Fanuel Ghebreyohannes Yrga-Alem,F. Ghebreyohannes,2006-12-03,51.02,14.69,15.28,15,14,1,373.0,26.64,1.14,4.29,3.79,14.21,0.57,2.15,1.29,4.83,3.36,2.36,8.85,0.43,1.61,0.79,2.95,7.79,4.79,9.29,7.71,1.79,6.55,1.93,7.24
1396,Eliteserien (NO),856299,Mathias Grundetjern,M. Grundetjern,2000-07-25,77.0,21.67,22.7,16,16,0,848.0,53.0,1.12,2.12,7.06,13.33,0.31,0.59,1.75,3.3,13.94,2.75,5.19,0.12,0.24,0.12,0.24,24.31,11.12,16.75,6.38,0.44,1.11,5.81,10.97
1396,Eliteserien (NO),856300,Sander Hansen Sjøkvist,S. Sjøkvist,1999-03-09,62.43,16.54,18.83,15,15,0,376.0,25.07,1.13,4.52,3.67,14.63,0.4,1.6,0.67,2.66,2.73,2.2,8.78,0.6,2.39,0.6,2.39,4.8,3.13,8.33,8.47,1.27,5.82,1.47,5.85
1396,Eliteserien (NO),856329,Nikolai Skuseth,N. Skuseth,2004-05-18,9.83,1.87,3.56,5,5,0,12.0,2.4,0.4,16.66,0.4,16.67,0.0,0.0,0.2,8.33,1.0,0.0,0.0,0.0,0.0,0.0,0.0,0.4,0.6,0.0,1.0,0.2,20.0,0.0,0.0
1396,Eliteserien (NO),856348,Jesper Andreas Grundt,J. Grundt,2002-10-20,10.8,1.81,3.28,2,2,0,23.0,11.5,0.0,0.0,1.5,13.05,0.0,0.0,0.5,4.35,1.5,0.0,0.0,0.0,0.0,0.0,0.0,2.5,3.5,3.0,1.0,0.0,0.0,1.5,13.05
1396,Eliteserien (NO),856377,Jacob Hanstad,J. Hanstad,2002-11-02,29.85,10.71,6.43,2,2,0,38.0,19.0,1.0,5.26,4.0,21.05,0.0,0.0,1.0,5.26,3.5,0.5,2.63,0.5,2.63,0.5,2.63,7.0,6.0,7.5,4.5,0.5,3.51,2.5,13.16
1396,Eliteserien (NO),856380,Daniel Schneider,D. Schneider,2002-03-01,98.99,26.1,30.81,16,16,0,426.0,26.62,1.06,3.99,5.56,20.89,0.31,1.17,1.25,4.69,3.56,0.75,2.82,0.88,3.29,1.38,5.16,5.62,2.81,6.94,13.12,2.62,10.53,0.94,3.52
1396,Eliteserien (NO),856381,Salim Laghzaoui,S. Laghzaoui,2005-11-07,56.58,16.86,16.63,15,14,1,618.0,44.14,0.5,1.13,4.93,11.16,0.07,0.16,1.21,2.75,6.79,3.64,8.25,0.07,0.16,0.0,0.0,18.07,8.86,17.57,5.57,0.64,2.0,4.43,10.03
1396,Eliteserien (NO),856393,Joachim Nysveen,J. Nysveen,2006-04-26,18.61,6.43,5.42,3,2,1,24.0,12.0,0.0,0.0,3.0,25.0,0.0,0.0,0.0,0.0,1.0,2.0,16.67,0.0,0.0,0.0,0.0,4.5,2.5,4.0,1.5,0.0,0.0,1.0,8.33
1396,Eliteserien (NO),856395,Sivert Sira Hansen,S. Hansen,2002-05-30,96.05,31.2,23.84,16,16,0,271.0,16.94,1.06,6.27,3.25,19.19,0.5,2.95,0.56,3.32,3.0,0.25,1.48,0.69,4.06,0.75,4.43,2.31,1.94,2.5,10.5,2.69,16.93,0.31,1.84
1396,Eliteserien (NO),856396,Altin Ujkani,A. Ujkani,2000-02-12,59.0,12.61,22.05,5,5,0,71.0,14.2,1.2,8.45,1.6,11.27,0.4,2.82,0.2,1.41,1.4,0.4,2.82,0.4,2.82,0.4,2.82,2.2,2.0,2.8,7.2,1.2,8.75,0.2,1.41
1396,Eliteserien (NO),856400,Marius Nordal,M. Nordal,2007-01-06,9.88,3.0,1.81,1,1,0,1.0,1.0,0.0,0.0,0.0,0.0,0.0,0.0,0.0,0.0,0.0,0.0,0.0,0.0,0.0,0.0,0.0,0.0,0.0,1.0,0.0,0.0,,0.0,0.0
1396,Eliteserien (NO),856403,Jakob Nyland Ørsahl,J. Ørsahl,2001-07-14,60.16,15.47,19.37,8,8,0,227.0,28.38,0.5,1.76,4.5,15.86,0.5,1.76,1.25,4.4,3.25,2.25,7.93,0.38,1.32,1.0,3.52,6.75,3.75,10.62,8.88,0.88,3.73,1.0,3.52
1396,Eliteserien (NO),856416,Kristoffer Nessø,K. Nessø,1993-07-06,57.59,14.42,18.93,15,15,0,395.0,26.33,0.93,3.54,3.73,14.18,0.4,1.52,0.6,2.28,2.27,2.33,8.86,0.33,1.27,0.33,1.27,5.33,4.4,9.27,8.53,1.47,5.97,1.67,6.33
1396,Eliteserien (NO),856422,Daniel Braut,D. Braut,2005-05-01,39.38,11.47,11.8,15,15,0,504.0,33.6,0.33,0.99,3.87,11.51,0.2,0.59,1.13,3.37,6.53,1.73,5.16,0.0,0.0,0.0,0.0,16.73,6.4,11.33,4.67,0.33,1.6,4.0,11.91
1396,Eliteserien (NO),856428,Endre Hjertager Osenbroch,E. Hjertager,2004-05-12,67.93,17.62,22.27,15,15,0,681.0,45.4,0.87,1.91,5.33,11.75,0.33,0.73,2.13,4.7,4.33,3.67,8.08,0.0,0.0,0.33,0.73,15.07,7.2,15.6,6.47,0.73,2.66,3.4,7.49
1396,Eliteserien (NO),856441,Adrian Kurd Rønning,A. Rønning,2006-03-17,56.51,15.71,17.47,16,16,0,790.0,49.38,0.88,1.77,4.75,9.62,0.12,0.25,1.69,3.42,5.69,4.5,9.11,0.06,0.13,0.38,0.76,20.19,10.56,14.56,6.25,0.56,1.86,4.31,8.74
1396,Eliteserien (NO),856451,Eirik Franke Saunes,E. Saunes,1998-09-22,93.9,24.85,28.84,15,15,0,418.0,27.87,1.27,4.55,6.2,22.25,0.47,1.67,1.73,6.22,4.27,0.93,3.35,0.6,2.15,0.73,2.63,5.6,3.87,5.8,13.8,2.27,9.7,0.67,2.39
1396,Eliteserien (NO),856452,Jens Berland Husebø,J. Husebø,1999-03-07,61.41,15.38,17.14,7,7,0,103.0,14.71,0.71,4.85,3.29,22.33,0.14,0.97,0.29,1.94,2.57,0.14,0.97,0.29,1.94,0.71,4.86,2.14,1.71,2.43,7.86,1.71,11.82,0.14,0.97
1396,Eliteserien (NO),856464,Ilir Kukleci,I. Kukleci,1998-10-27,22.94,6.19,5.74,7,7,0,25.0,3.57,0.57,16.0,0.57,16.0,0.29,8.0,0.14,4.0,0.43,0.14,4.0,0.29,8.0,0.14,4.0,0.43,0.71,1.0,1.14,0.29,15.62,0.0,0.0
1396,Eliteserien (NO),856466,Marius Andresen,M. Andresen,1999-12-21,53.98,12.84,18.25,9,9,0,250.0,27.78,1.56,5.6,3.89,14.0,0.44,1.6,1.78,6.4,2.0,2.33,8.4,0.56,2.0,1.0,3.6,5.0,4.11,8.67,9.44,2.0,8.4,1.67,6.0
1396,Eliteserien (NO),856474,Aksel Baran   Potur,A. Potur,2002-12-05,88.1,26.52,26.78,16,16,0,908.0,56.75,1.88,3.3,7.0,12.33,0.25,0.44,1.88,3.3,6.62,6.25,11.01,0.25,0.44,0.75,1.32,11.75,12.12,16.62,12.06,1.94,3.53,7.19,12.66
1396,Eliteserien (NO),900800,Lucas Svenningsen,L. Svenningsen,2007-01-15,6.15,1.05,1.5,1,1,0,0.0,0.0,0.0,,0.0,,0.0,,0.0,,0.0,0.0,,0.0,,0.0,,0.0,0.0,0.0,0.0,0.0,,0.0,
1396,Eliteserien (NO),908411,Mikkel  Bro Hansen,M. Hansen,2009-01-25,13.5,6.38,2.56,6,6,0,53.0,8.83,0.17,1.89,2.17,24.53,0.0,0.0,0.33,3.77,2.17,1.17,13.21,0.0,0.0,0.0,0.0,5.0,1.67,2.5,1.17,0.5,24.03,1.17,13.21
1396,Eliteserien (NO),930972,Trent Toure Kone-Doherty,T. Kone-Doherty,2006-06-30,39.98,13.59,9.4,12,12,0,267.0,22.25,0.08,0.37,2.83,12.74,0.08,0.37,0.67,3.0,4.25,1.5,6.74,0.0,0.0,0.08,0.37,8.33,5.42,7.0,3.17,0.42,1.76,1.92,8.61
1396,Eliteserien (NO),970296,Edvard Sundbø Pettersen ,E. Pettersen,2006-07-07,82.71,24.93,23.45,14,14,0,635.0,45.36,1.21,2.68,6.64,14.65,0.14,0.32,1.14,2.52,6.93,3.29,7.24,0.21,0.47,0.5,1.1,12.29,6.86,12.29,16.93,2.36,5.49,4.29,9.45
1396,Eliteserien (NO),978632,Karl Linus Alperud,L. Alperud,2005-10-15,34.8,9.92,9.75,10,10,0,229.0,22.9,0.5,2.18,2.6,11.35,0.3,1.31,0.7,3.06,3.0,2.8,12.23,0.1,0.44,0.6,2.62,8.5,6.0,6.8,4.3,0.5,4.08,2.6,11.35
1396,Eliteserien (NO),979780,Syver Skeide,S. Skeide,2004-08-28,49.3,12.14,16.46,11,11,0,261.0,23.73,0.73,3.07,4.09,17.24,0.18,0.77,1.0,4.21,3.27,0.91,3.83,0.36,1.53,0.45,1.92,5.27,2.64,6.55,9.64,1.55,7.32,1.91,8.05
1396,Eliteserien (NO),984131,Håkon Krogelien,H. Krogelien,2004-04-05,11.35,2.17,3.67,3,3,0,3.0,1.0,0.0,0.0,0.33,33.33,0.0,0.0,0.0,0.0,0.0,0.0,0.0,0.0,0.0,0.0,0.0,0.0,0.0,0.0,0.67,0.33,50.0,0.0,0.0
1396,Eliteserien (NO),984140,Davíð Snær Jóhannsson,D. Jóhannsson,2002-06-15,52.92,12.69,16.43,10,10,0,364.0,36.4,0.5,1.37,4.3,11.81,0.1,0.28,1.0,2.75,6.0,2.7,7.42,0.0,0.0,0.5,1.37,9.6,6.1,13.3,6.8,0.6,2.0,4.2,11.54
1396,Eliteserien (NO),987615,Julian Lægreid,J. Lægreid,2007-03-08,4.6,1.97,0.96,1,1,0,1.0,1.0,0.0,0.0,0.0,0.0,0.0,0.0,0.0,0.0,1.0,0.0,0.0,0.0,0.0,0.0,0.0,0.0,0.0,1.0,0.0,0.0,,0.0,0.0
1396,Eliteserien (NO),987718,Viktor Bender,V. Bender,2007-07-12,20.75,6.81,4.86,7,7,0,62.0,8.86,0.71,8.06,1.0,11.29,0.0,0.0,0.57,6.45,1.0,0.29,3.22,0.0,0.0,0.29,3.23,1.43,2.29,3.43,2.57,0.29,5.0,0.43,4.84
1396,Eliteserien (NO),991849,Mostafa Najafzadeh,M. Najafzadeh,2008-01-26,7.96,4.14,0.39,1,1,0,3.0,3.0,2.0,66.67,0.0,0.0,0.0,0.0,0.0,0.0,0.0,0.0,0.0,0.0,0.0,0.0,0.0,0.0,0.0,0.0,0.0,0.0,,0.0,0.0
1396,Eliteserien (NO),991860,Aleksander Lilletun Elvebu,A. Lilletun Elvebu,2009-03-22,4.08,0.78,0.85,1,1,0,2.0,2.0,0.0,0.0,0.0,0.0,0.0,0.0,1.0,50.0,0.0,0.0,0.0,0.0,0.0,0.0,0.0,1.0,0.0,1.0,0.0,0.0,,0.0,0.0
1396,Eliteserien (NO),992894,Sigurd Jacobsen Prestmo,S. Prestmo,2006-10-06,15.25,4.19,4.18,3,3,0,35.0,11.67,0.33,2.86,1.67,14.28,0.0,0.0,0.33,2.86,0.33,0.33,2.86,0.0,0.0,0.0,0.0,3.0,3.0,3.67,3.33,0.0,0.0,1.67,14.29
1396,Eliteserien (NO),992895,Seydina Diop,S. Diop,2005-05-10,24.83,7.53,6.86,3,3,0,54.0,18.0,0.33,1.85,2.33,12.97,0.33,1.85,0.33,1.85,1.33,2.0,11.11,0.0,0.0,0.0,0.0,9.67,5.67,5.67,1.33,0.0,0.0,0.67,3.71
1396,Eliteserien (NO),992898,Martin Tangen Vinjor,M. Vinjor,1999-09-29,63.58,16.36,20.18,15,15,0,764.0,50.93,0.93,1.83,6.47,12.7,0.07,0.13,2.33,4.58,6.33,4.2,8.25,0.27,0.52,0.47,0.92,15.33,11.8,14.67,15.07,1.73,4.28,5.4,10.6
1396,Eliteserien (NO),992904,Mame Alassane Niang,M. Alassane Niang,2006-01-28,88.97,26.03,27.89,11,11,0,557.0,50.64,0.45,0.9,5.09,10.05,0.09,0.18,1.55,3.05,6.73,2.82,5.57,0.0,0.0,0.0,0.0,21.0,7.09,19.91,3.36,0.18,0.9,4.91,9.69
1396,Eliteserien (NO),992917,Blerton Isufi,B. Isufi,2006-02-14,42.17,14.87,9.94,7,7,0,187.0,26.71,0.57,2.14,5.14,19.25,0.14,0.53,0.29,1.07,4.43,1.86,6.95,0.0,0.0,0.0,0.0,6.43,5.0,7.43,5.29,0.29,2.51,2.43,9.09
1396,Eliteserien (NO),1003890,Frederik Flex,F. Flex,2004-03-11,77.31,19.99,25.79,14,14,0,410.0,29.29,0.93,3.17,4.57,15.61,0.79,2.68,1.93,6.59,4.07,1.71,5.85,0.79,2.68,1.36,4.63,4.43,4.57,6.29,12.43,2.14,8.29,1.57,5.37
1396,Eliteserien (NO),1003894,Ieltsin Jeronimo Semedo Camões,Ieltsin Camões,1999-04-16,16.43,3.88,5.76,2,2,0,29.0,14.5,1.0,6.9,2.0,13.79,0.0,0.0,0.5,3.45,2.0,1.0,6.9,0.0,0.0,0.5,3.45,4.5,1.5,6.0,4.5,0.5,4.32,1.5,10.35
1396,Eliteserien (NO),1003935,Robin Dzabic,R. Dzabic,2001-04-03,14.77,4.17,3.22,9,9,0,59.0,6.56,0.22,3.39,1.56,23.73,0.11,1.69,0.22,3.39,1.0,0.67,10.17,0.22,3.39,0.22,3.39,1.44,1.22,1.56,2.11,0.33,7.9,0.56,8.47
1396,Eliteserien (NO),1004010,Salieu Drammeh,S. Drammeh,2003-03-28,88.31,26.54,24.48,12,12,0,709.0,59.08,1.25,2.12,8.0,13.54,0.5,0.85,1.92,3.24,9.42,5.42,9.17,0.25,0.42,0.67,1.13,21.0,15.75,19.08,10.75,0.58,0.88,5.75,9.73
1396,Eliteserien (NO),1004011,Kristian Hemmingsen Lonnebu,K. Lonnebu,2006-02-18,88.88,22.32,28.85,15,15,0,711.0,47.4,0.33,0.7,6.27,13.22,0.07,0.14,1.93,4.08,5.87,3.07,6.47,0.07,0.14,0.27,0.56,18.27,4.6,17.0,2.87,0.27,1.23,3.8,8.02
1396,Eliteserien (NO),1004026,Lukas Hjelleset Gausdal,L. Hjelleset Gausdal,2007-04-20,37.08,8.76,11.63,8,8,0,249.0,31.12,1.25,4.02,3.12,10.04,0.5,1.61,0.75,2.41,3.12,2.25,7.23,0.12,0.4,0.38,1.2,6.0,7.0,8.75,8.0,1.0,3.74,3.12,10.04
1396,Eliteserien (NO),1004380,Gabriel Wesseh,G. Wesseh,2008-05-06,47.89,12.22,16.83,4,3,1,131.0,43.67,0.33,0.76,4.33,9.92,0.0,0.0,1.33,3.05,8.67,4.0,9.16,0.0,0.0,0.0,0.0,18.67,8.67,17.33,8.33,0.0,0.0,4.67,10.69
1396,Eliteserien (NO),1005780,Marcus Reed,M. Reed,2008-02-14,68.08,17.28,22.07,6,6,0,208.0,34.67,0.33,0.96,3.5,10.1,0.0,0.0,1.33,3.85,7.67,2.33,6.73,0.0,0.0,0.0,0.0,15.5,3.5,13.67,1.83,0.0,0.0,4.5,12.98
1396,Eliteserien (NO),1006294,Abubacarr Sedi Kinteh,A. Sedi Kinteh,2006-11-30,74.34,23.92,20.66,9,9,0,191.0,21.22,1.67,7.85,3.56,16.75,0.44,2.09,0.78,3.67,4.33,0.33,1.57,0.44,2.09,0.56,2.62,5.22,2.67,5.67,7.78,1.78,9.35,0.78,3.66
1396,Eliteserien (NO),1008204,Cheikh Mbacke Diop ,C. Mbacke Diop,2005-12-29,51.45,13.07,14.85,3,3,0,37.0,12.33,1.0,8.11,2.33,18.92,0.33,2.7,0.67,5.41,0.67,0.33,2.7,0.67,5.4,2.0,16.21,1.0,1.0,1.67,9.33,3.0,25.56,0.0,0.0
1396,Eliteserien (NO),1008268,Igor Fabian Gosik,I. Gosik,2008-07-02,41.16,7.63,16.38,2,2,0,87.0,43.5,0.5,1.15,3.0,6.9,0.5,1.15,0.5,1.15,4.0,2.0,4.6,0.0,0.0,0.5,1.15,14.0,5.0,19.5,10.0,1.5,3.55,10.5,24.14
1396,Eliteserien (NO),1009829,Mathias Svenningsen-Grønn,M. Svenningsen-Grønn,2008-09-02,17.34,3.78,6.16,2,2,0,29.0,14.5,0.0,0.0,2.5,17.24,0.5,3.45,0.5,3.45,1.5,0.5,3.45,0.0,0.0,2.0,13.79,2.0,2.5,2.0,6.5,1.0,7.36,1.5,10.34
1396,Eliteserien (NO),1009830,Bendik Slotfeldt Berntsen,B. Berntsen,2007-04-17,52.2,15.81,15.11,14,14,0,609.0,43.5,1.14,2.63,5.36,12.32,0.07,0.16,1.36,3.12,7.71,4.71,10.84,0.07,0.16,0.57,1.31,16.0,11.0,14.43,10.36,0.71,1.83,6.0,13.79
1396,Eliteserien (NO),1010194,Ola  Visted,O. Visted,2005-03-30,27.46,8.27,7.4,12,12,0,266.0,22.17,1.25,5.64,4.83,21.8,0.08,0.38,0.67,3.01,2.67,1.0,4.51,0.0,0.0,0.33,1.5,7.5,5.83,5.92,4.92,0.67,3.2,2.33,10.52
1396,Eliteserien (NO),1010320,Mads Mikkelsen,M. Mikkelsen,2008-08-28,4.36,0.6,2.12,2,2,0,7.0,3.5,0.0,0.0,0.5,14.29,0.0,0.0,0.5,14.29,0.5,1.5,42.86,0.0,0.0,0.5,14.29,0.5,0.5,1.5,1.5,0.5,13.33,1.0,28.57
1396,Eliteserien (NO),1017002,Filip Voster Botnen,F. Botnen,2006-06-11,9.35,1.64,3.08,1,1,0,1.0,1.0,0.0,0.0,0.0,0.0,0.0,0.0,0.0,0.0,0.0,0.0,0.0,0.0,0.0,0.0,0.0,0.0,0.0,0.0,0.0,0.0,,0.0,0.0
1396,Eliteserien (NO),1017468,Bop Gueye,B. Gueye,2007-03-06,16.14,3.39,4.81,11,11,0,152.0,13.82,0.18,1.31,1.36,9.87,0.09,0.66,0.91,6.58,2.36,0.73,5.26,0.09,0.66,0.18,1.32,2.82,3.27,4.73,4.45,0.18,0.76,1.27,9.21
1396,Eliteserien (NO),1018064,Kennedy Ikechukwu Okpaleke,K. Okpaleke,2008-11-16,5.97,1.4,1.9,2,2,0,2.0,1.0,0.0,0.0,0.5,50.0,0.0,0.0,0.0,0.0,0.5,0.0,0.0,0.0,0.0,0.0,0.0,0.0,0.0,0.0,0.5,0.0,0.0,0.0,0.0
1396,Eliteserien (NO),1018065,Eirik Julius Granaas,E. Julius Granaas,2010-03-24,17.92,4.48,4.22,8,8,0,79.0,9.88,0.38,3.8,1.75,17.72,0.0,0.0,0.38,3.8,1.0,0.62,6.33,0.0,0.0,0.25,2.53,2.5,1.5,3.75,1.88,0.12,3.03,0.38,3.8
1396,Eliteserien (NO),1019131,Emil Engqvist,E. Engqvist,1999-05-27,61.68,15.51,21.27,10,10,0,135.0,13.5,0.5,3.7,2.3,17.04,0.3,2.22,0.5,3.7,1.8,0.3,2.22,0.3,2.22,0.4,2.96,2.1,1.3,3.5,6.9,2.0,16.47,0.3,2.22
1396,Eliteserien (NO),1019158,Max  Nilsson,M. Nilsson,2005-03-11,54.02,15.04,17.37,10,9,1,322.0,35.78,1.11,3.11,6.33,17.7,0.11,0.31,1.0,2.79,4.89,1.78,4.97,0.22,0.62,0.67,1.86,10.67,9.0,9.11,12.44,1.22,3.85,2.78,7.77
1396,Eliteserien (NO),1019256,Viktor Ekblom,V. Ekblom,1998-07-15,26.5,3.74,11.76,1,1,0,27.0,27.0,0.0,0.0,6.0,22.22,0.0,0.0,0.0,0.0,6.0,1.0,3.7,0.0,0.0,0.0,0.0,6.0,1.0,4.0,3.0,1.0,3.7,6.0,22.22
1396,Eliteserien (NO),1019700,Kparobo Arierhi,K. Arierhi,2007-01-11,28.7,7.69,7.49,11,11,0,263.0,23.91,0.18,0.76,2.82,11.79,0.09,0.38,0.64,2.66,4.91,1.73,7.23,0.0,0.0,0.0,0.0,13.36,6.18,8.09,1.55,0.09,1.76,2.36,9.89
1396,Eliteserien (NO),1025117,Promise Meliga,P. Meliga,2007-08-21,31.19,7.66,10.65,9,9,0,203.0,22.56,0.56,2.46,2.22,9.85,0.0,0.0,0.44,1.97,4.78,2.33,10.35,0.0,0.0,0.33,1.48,8.44,4.67,6.33,3.78,0.78,6.65,3.0,13.3
1396,Eliteserien (NO),1025178,Eron Gojani,E. Gojani,2006-12-02,19.93,4.43,6.57,1,1,0,18.0,18.0,0.0,0.0,1.0,5.56,0.0,0.0,0.0,0.0,3.0,2.0,11.11,0.0,0.0,1.0,5.56,6.0,6.0,7.0,4.0,2.0,11.11,5.0,27.78
1396,Eliteserien (NO),1025179,Johan Solstad-Nøis,J. Solstad-Nøis,2008-01-30,4.82,0.91,2.04,2,2,0,11.0,5.5,0.0,0.0,0.0,0.0,0.0,0.0,0.0,0.0,0.0,1.0,18.18,0.0,0.0,0.0,0.0,1.5,1.5,1.5,1.5,1.0,40.0,1.0,18.18
1396,Eliteserien (NO),1028147,Markus Edner Wæhler,M. Wæhler,2007-09-19,11.48,3.46,1.69,1,1,0,8.0,8.0,0.0,0.0,0.0,0.0,0.0,0.0,0.0,0.0,0.0,0.0,0.0,0.0,0.0,0.0,0.0,7.0,4.0,2.0,0.0,0.0,,0.0,0.0
1396,Eliteserien (NO),1046379,Amin Cosic,A. Cosic,2005-10-27,13.05,3.24,2.18,1,1,0,5.0,5.0,0.0,0.0,0.0,0.0,1.0,20.0,0.0,0.0,3.0,0.0,0.0,0.0,0.0,0.0,0.0,1.0,0.0,2.0,1.0,0.0,0.0,0.0,0.0
1396,Eliteserien (NO),1065178,Gabriel Larsen rajkovic,G. Larsen rajkovic,2011-02-23,22.25,6.19,6.57,9,9,0,188.0,20.89,0.11,0.53,1.67,7.98,0.0,0.0,0.22,1.06,5.0,1.67,7.98,0.0,0.0,0.22,1.06,10.33,4.33,7.44,2.0,0.0,0.0,2.67,12.77
1396,Eliteserien (NO),1065179,Deni Alijevitsj Dasjajev,D. Alijevitsj Dasjajev,2004-11-03,30.75,9.94,7.17,5,5,0,51.0,10.2,0.0,0.0,1.0,9.8,0.0,0.0,0.4,3.92,1.2,0.8,7.84,0.0,0.0,0.0,0.0,3.2,2.0,3.6,1.2,0.2,2.78,0.4,3.92
1396,Eliteserien (NO),1065433,Foster Apetorgbor,F. Apetorgbor,2008-03-01,22.57,7.42,4.82,5,5,0,50.0,10.0,0.2,2.0,1.0,10.0,0.2,2.0,0.6,6.0,3.0,1.2,12.0,0.0,0.0,0.0,0.0,3.8,1.2,3.0,2.0,0.2,1.67,0.8,8.0
1396,Eliteserien (NO),1067178,Filip stromland Lien,F. Lien,2009-07-09,8.46,0.5,4.62,2,2,0,33.0,16.5,0.0,0.0,0.0,0.0,0.0,0.0,1.0,6.06,1.5,0.5,3.03,0.0,0.0,1.0,6.06,0.0,5.0,5.0,13.5,1.0,5.89,1.0,6.06
1396,Eliteserien (NO),1073517,David Benjamin,D. Benjamin,2008-01-17,45.02,13.85,14.16,6,6,0,164.0,27.33,0.17,0.61,3.0,10.98,0.0,0.0,0.5,1.83,5.67,1.83,6.71,0.0,0.0,0.0,0.0,9.33,5.0,10.0,3.33,0.5,2.07,1.17,4.27
1396,Eliteserien (NO),1073689,Oscar Skari Hansen,O. Hansen,2009-03-29,40.82,8.49,16.45,1,1,0,40.0,40.0,0.0,0.0,3.0,7.5,0.0,0.0,1.0,2.5,6.0,4.0,10.0,0.0,0.0,1.0,2.5,10.0,8.0,10.0,16.0,1.0,2.5,4.0,10.0
1396,Eliteserien (NO),1073704,Felix Vá,F. Vá,1998-08-24,90.08,30.21,23.59,1,1,0,64.0,64.0,0.0,0.0,7.0,10.94,2.0,3.12,4.0,6.25,12.0,9.0,14.06,0.0,0.0,0.0,0.0,16.0,13.0,15.0,14.0,1.0,1.56,7.0,10.94
1396,Eliteserien (NO),1074751,Santiago david joseph isaiah Oluwaosominu samuyiwa,S. Oluwaosominu samuyiwa,2006-01-07,19.85,6.35,5.72,2,2,0,24.0,12.0,0.0,0.0,2.0,16.67,0.0,0.0,1.0,8.33,3.5,1.0,8.33,0.0,0.0,0.0,0.0,6.5,1.5,4.5,1.0,0.0,0.0,0.0,0.0
