competition_edition,league,player_id,player_name,player_short_name,player_birthdate,minutes,minutes_tip,minutes_otip,performance_count,performance_included_count,performance_failed_count,possession_count_total,possession_count,possession_count_retained,possession_pct_retained,possession_count_shotwithin10s,possession_count_goalwithin10s,possession_avgdistance,possession_avgduration,reception_count_total,reception_count,reception_count_retained,reception_pct_retained,reception_count_intensepressure_tightspace,reception_count_intensepressure_tightspace_retained,reception_pct_intensepressure_tightspace_retained,reception_count_inspace,longcarry_count_total,longcarry_count,longcarry_count_retained,longcarry_count_forwardtrajectory,longcarry_count_forwardtrajectory_retained,longcarry_count_abovehsr,longcarry_count_forwardtrajectory_abovehsr,longcarry_count_forwardtrajectory_abovehsr_retained,longcarry_pct_forwardtrajectory_abovehsr_retained,longcarry_pct_retained,longcarry_pct_forwardtrajectory_retained,possession_count_forwardmomentum,giveandgo_count,possession_count_beatbymovement,possession_count_beatbypossession,possession_count_drawnpressure,possession_count_drawnpressure_retained,possession_pct_drawnpressure_retained,reception_count_intensepressure_constrainedspace,possession_count_escapedpressure,possession_pct_escapedpressure,reception_count_intensepressure,possession_count_intensepressure_progressed,possession_pct_intensepressure_progressed,possession_count_intensepressure_dangercreated,possession_pct_intensepressure_dangercreated
1215,1. HNL (HR),433,Aleksandar Trajkovski,A. Trajkovski,1992-09-05,61.32,15.75,17.47,9,8,1,150.0,18.75,11.88,63.33,2.0,0.12,4.94,1.54,98.0,12.25,7.75,63.26,2.38,0.88,36.84,6.88,34.0,4.25,2.75,1.25,0.62,0.5,0.38,0.0,0.0,64.71,50.0,1.0,1.0,0.0,0.0,0.25,0.12,50.0,2.88,0.0,0.0,5.62,0.38,6.67,0.75,13.33
1215,1. HNL (HR),903,Ante Rebić,A. Rebić,1993-09-21,74.67,22.68,16.71,26,25,1,676.0,27.04,13.36,49.41,4.2,0.48,6.96,1.8,461.0,18.44,9.72,52.71,4.2,1.92,45.71,11.48,213.0,8.52,3.56,5.52,2.24,1.92,1.76,0.52,29.55,41.78,40.58,0.6,1.04,0.6,1.84,0.48,0.28,58.33,5.28,0.44,8.33,8.2,1.72,20.98,1.4,17.07
1215,1. HNL (HR),2343,Dario Melnjak,D. Melnjak,1992-10-31,45.14,13.96,10.39,22,20,2,405.0,20.25,14.55,71.85,1.65,0.05,3.64,1.16,293.0,14.65,10.9,74.4,0.85,0.25,29.41,12.75,58.0,2.9,2.05,1.65,1.15,0.95,0.55,0.3,54.55,70.69,69.7,0.1,2.0,0.15,0.2,0.2,0.1,50.0,1.4,0.1,7.14,2.35,0.35,14.89,0.5,21.28
1215,1. HNL (HR),2882,Duje Čop,D. Čop,1990-02-01,41.79,11.1,10.15,25,25,0,218.0,8.72,4.8,55.05,1.6,0.16,3.87,1.05,118.0,4.72,2.96,62.71,1.36,0.6,44.12,2.4,36.0,1.44,0.92,0.8,0.32,0.48,0.4,0.16,40.0,63.89,40.0,0.28,1.28,0.4,0.0,0.04,0.0,0.0,1.64,0.24,14.63,2.68,0.56,20.9,0.68,25.37
1215,1. HNL (HR),3442,Filip Krovinović,F. Krovinović,1995-08-29,79.95,24.43,17.84,29,27,2,1121.0,41.52,33.78,81.36,4.0,0.3,4.46,1.52,784.0,29.04,24.96,85.97,1.22,0.56,45.45,23.44,220.0,8.15,6.7,3.74,2.89,0.59,0.41,0.22,54.55,82.27,77.23,0.78,2.7,0.19,0.37,0.37,0.3,80.0,1.93,0.15,7.69,3.56,0.63,17.71,0.78,21.87
1215,1. HNL (HR),5483,Josip Posavec,J. Posavec,1996-03-10,98.09,26.7,25.42,32,31,1,958.0,30.9,22.29,72.13,0.03,0.0,5.21,2.93,609.0,19.65,15.35,78.16,0.29,0.06,22.22,18.84,231.0,7.45,5.45,2.9,2.29,0.03,0.0,0.0,,73.16,78.89,0.03,0.0,0.0,0.0,0.45,0.23,50.0,0.65,0.16,25.0,0.77,0.13,16.67,0.0,0.0
1215,1. HNL (HR),5484,Josip Radošević,J. Radošević,1994-04-03,96.41,25.15,26.82,32,32,0,1384.0,43.25,33.78,78.11,2.25,0.25,4.22,1.6,865.0,27.03,22.94,84.86,0.69,0.38,54.55,21.34,244.0,7.62,6.0,3.09,2.38,0.5,0.22,0.12,57.14,78.69,76.77,0.72,1.0,0.12,0.25,0.25,0.09,37.5,1.47,0.31,21.28,3.16,0.66,20.79,0.31,9.9
1215,1. HNL (HR),6908,Mario Tičinović,M. Tičinović,1991-08-20,78.22,18.11,22.31,24,22,2,640.0,29.09,18.41,63.28,1.91,0.23,5.9,1.8,414.0,18.82,12.64,67.15,0.64,0.27,42.86,17.09,165.0,7.5,4.55,3.45,2.05,1.23,0.59,0.32,53.85,60.61,59.21,0.09,1.55,0.18,0.18,0.73,0.27,37.5,1.23,0.18,14.81,2.18,0.36,16.67,0.23,10.42
1215,1. HNL (HR),6975,Marko Livaja,M. Livaja,1993-08-26,73.07,22.28,17.44,26,25,1,525.0,21.0,10.64,50.67,4.44,0.64,5.47,1.67,389.0,15.56,8.08,51.93,3.96,1.28,32.32,8.52,133.0,5.32,2.48,2.32,0.52,0.72,0.6,0.08,13.33,46.62,22.41,0.88,0.92,0.92,0.8,0.4,0.2,50.0,4.84,0.36,7.44,7.24,1.2,16.57,1.84,25.41
1215,1. HNL (HR),9610,Scott McKenna,S. McKenna,1996-11-12,94.91,29.26,22.93,30,30,0,1908.0,63.6,56.73,89.2,1.9,0.37,4.22,1.55,1437.0,47.9,45.43,94.85,0.1,0.03,33.33,46.4,293.0,9.77,8.27,5.63,4.77,1.1,0.13,0.13,100.0,84.64,84.61,0.0,0.37,0.03,0.03,0.53,0.2,37.5,0.2,0.0,0.0,0.5,0.13,26.67,0.07,13.33
1215,1. HNL (HR),10498,Tomislav Božić,T. Božić,1987-11-01,93.37,23.62,24.29,27,26,1,1103.0,42.42,33.73,79.51,1.58,0.12,4.84,1.66,680.0,26.15,22.5,86.03,0.08,0.04,50.0,24.81,240.0,9.23,7.19,6.23,4.88,1.31,0.81,0.54,66.67,77.92,78.4,0.08,0.46,0.0,0.19,1.23,0.65,53.13,0.23,0.04,16.67,0.5,0.15,30.77,0.0,0.0
1215,1. HNL (HR),11837,Dominik Livaković,D. Livaković,1995-01-09,96.49,31.8,23.4,14,14,0,373.0,26.64,20.07,75.34,0.14,0.0,4.11,2.45,247.0,17.64,14.21,80.57,0.21,0.07,33.33,17.21,63.0,4.5,3.14,3.21,2.07,0.0,0.0,0.0,,69.84,64.44,0.0,0.0,0.0,0.0,0.14,0.07,50.0,0.21,0.0,0.0,0.21,0.14,66.67,0.0,0.0
1215,1. HNL (HR),12171,Rafael Euclides Soares Camacho,Rafael Camacho,2000-05-22,42.81,9.49,12.34,9,9,0,103.0,11.44,5.78,50.49,0.78,0.11,6.87,1.95,74.0,8.22,4.11,50.0,1.56,0.56,35.71,5.89,32.0,3.56,1.56,2.11,0.89,1.0,0.78,0.22,28.57,43.75,42.11,0.22,0.33,0.22,0.11,0.33,0.0,0.0,2.0,0.44,22.22,2.78,0.44,16.0,0.22,8.0
1215,1. HNL (HR),12194,Ronaël Pierre-Gabriel,R. Pierre-Gabriel,1998-06-13,43.23,9.73,5.62,1,1,0,16.0,16.0,12.0,75.0,2.0,0.0,2.39,1.11,10.0,10.0,6.0,60.0,1.0,0.0,0.0,9.0,1.0,1.0,0.0,0.0,0.0,0.0,0.0,0.0,,0.0,,0.0,0.0,0.0,0.0,0.0,0.0,,1.0,1.0,100.0,1.0,0.0,0.0,0.0,0.0
1215,1. HNL (HR),12221,Yassine Benrahou,Y. Benrahou,1999-01-24,53.86,16.99,11.43,4,3,1,77.0,25.67,18.67,72.73,1.33,0.0,4.03,1.34,58.0,19.33,15.0,77.59,1.33,0.67,50.0,16.33,11.0,3.67,2.67,1.0,0.33,0.67,0.33,0.0,0.0,72.73,33.33,1.0,1.33,0.0,0.67,0.67,0.33,50.0,3.33,0.67,20.0,5.0,0.33,6.67,0.33,6.67
1215,1. HNL (HR),12372,Smail Prevljak,S. Prevljak,1995-05-10,84.81,22.47,22.74,32,32,0,584.0,18.25,10.47,57.36,3.12,0.59,4.8,1.47,340.0,10.62,6.5,61.18,3.25,1.53,47.12,5.03,114.0,3.56,2.22,2.0,0.97,0.59,0.59,0.22,36.84,62.28,48.44,1.12,1.53,1.25,0.41,0.0,0.0,,4.34,0.47,10.79,6.94,1.22,17.57,1.41,20.27
1215,1. HNL (HR),12418,Amer Gojak,A. Gojak,1997-02-13,58.23,15.32,14.62,30,29,1,563.0,19.41,11.62,59.86,1.93,0.21,6.34,1.73,380.0,13.1,8.62,65.79,1.93,0.86,44.64,9.66,147.0,5.07,2.97,2.55,1.1,1.17,0.76,0.21,27.27,58.5,43.24,0.86,1.72,0.31,0.28,0.28,0.17,62.5,2.55,0.41,16.22,4.17,1.03,24.79,0.66,15.7
1215,1. HNL (HR),12421,Marko Lešković,M. Lešković,1991-04-27,44.2,10.62,13.32,4,3,1,57.0,19.0,15.33,80.7,1.67,0.0,4.33,1.37,32.0,10.67,9.67,90.62,0.0,0.0,,10.33,11.0,3.67,2.67,2.0,1.0,0.67,0.0,0.0,,72.73,50.0,0.0,0.0,0.0,0.33,0.33,0.0,0.0,0.0,0.0,,0.33,0.0,0.0,0.0,0.0
1215,1. HNL (HR),12428,Kévin Theophile-Catherine,K. Theophile-Catherine,1989-10-28,74.13,21.09,16.28,3,3,0,129.0,43.0,38.33,89.15,0.33,0.0,4.33,1.54,93.0,31.0,28.67,92.47,0.0,0.0,,30.0,19.0,6.33,5.0,4.67,3.67,0.67,0.33,0.33,100.0,78.95,78.57,0.33,0.33,0.0,0.67,1.0,0.33,33.33,0.0,0.0,,0.67,0.0,0.0,0.0,0.0
1215,1. HNL (HR),12429,Marin Leovac,M. Leovac,1988-08-07,30.73,8.95,7.42,8,8,0,111.0,13.88,10.25,73.87,1.12,0.0,3.23,1.16,89.0,11.12,8.75,78.65,0.25,0.25,100.0,10.88,8.0,1.0,0.75,0.62,0.38,0.5,0.38,0.12,33.33,75.0,60.0,0.0,1.25,0.12,0.0,0.12,0.12,100.0,0.5,0.0,0.0,1.0,0.38,37.5,0.12,12.5
1215,1. HNL (HR),12592,Borna  Barišić,B. Barišić,1992-11-10,66.77,17.72,16.93,10,10,0,316.0,31.6,26.1,82.6,1.8,0.0,4.13,1.41,230.0,23.0,19.9,86.52,0.9,0.5,55.56,21.2,54.0,5.4,4.0,3.2,2.4,1.6,1.3,1.0,76.92,74.07,75.0,0.0,2.5,0.0,0.2,0.5,0.3,60.0,1.9,0.3,15.79,2.6,0.8,30.77,0.0,0.0
1215,1. HNL (HR),12593,Marko Rog ,M. Rog,1995-07-19,10.52,2.67,1.52,2,2,0,11.0,5.5,3.5,63.63,0.5,0.0,7.52,1.84,7.0,3.5,2.0,57.14,0.5,0.0,0.0,2.5,3.0,1.5,1.0,0.5,0.0,0.0,0.0,0.0,,66.67,0.0,0.0,0.0,0.5,0.0,0.5,0.0,0.0,0.5,0.0,0.0,0.5,0.0,0.0,0.0,0.0
1215,1. HNL (HR),13013,Miha Zajc,M. Zajc,1994-07-01,71.21,22.61,17.62,24,24,0,873.0,36.38,27.58,75.83,4.42,0.71,4.41,1.32,629.0,26.21,20.71,79.01,2.75,1.33,48.48,19.75,172.0,7.17,5.62,3.92,2.88,1.5,1.12,0.75,66.67,78.49,73.4,1.54,3.29,0.75,0.42,0.33,0.29,87.5,4.21,0.58,13.86,5.79,1.29,22.3,1.67,28.78
1215,1. HNL (HR),13038,Leo Štulac,L. Štulac,1994-09-26,71.73,18.81,20.39,10,10,0,372.0,37.2,30.0,80.64,1.8,0.1,4.46,1.59,256.0,25.6,21.1,82.42,0.8,0.4,50.0,22.3,65.0,6.5,4.9,3.1,2.3,0.9,0.6,0.4,66.67,75.39,74.19,0.7,1.2,0.0,0.2,1.1,0.5,45.45,1.7,0.4,23.53,2.8,0.6,21.43,0.1,3.57
1215,1. HNL (HR),13301,Mateo Barać,M. Barać,1994-07-20,63.18,14.01,21.31,9,9,0,208.0,23.11,17.67,76.44,0.56,0.0,5.19,1.71,126.0,14.0,12.11,86.51,0.11,0.11,100.0,12.89,46.0,5.11,3.22,1.33,0.78,0.33,0.0,0.0,,63.04,58.33,0.0,0.11,0.0,0.0,0.56,0.33,60.0,0.11,0.0,0.0,0.11,0.11,100.0,0.0,0.0
1215,1. HNL (HR),13308,Dejan Ljubičić,D. Ljubičić,1997-10-08,71.68,21.12,18.51,15,15,0,417.0,27.8,22.2,79.86,4.53,0.53,4.64,1.25,302.0,20.13,16.33,81.13,1.93,0.93,48.28,15.0,77.0,5.13,3.73,2.73,1.8,1.6,1.33,0.93,70.0,72.73,65.85,0.87,2.73,0.47,0.4,0.2,0.13,66.67,2.87,0.6,20.93,4.53,0.47,10.29,1.4,30.88
1215,1. HNL (HR),13582,Mario Šitum,M. Šitum,1992-04-04,42.89,11.52,11.01,16,15,1,281.0,18.73,14.53,77.58,1.0,0.2,7.7,2.46,179.0,11.93,9.47,79.33,0.47,0.4,85.71,11.27,99.0,6.6,5.07,3.4,2.2,0.47,0.4,0.27,66.67,76.77,64.71,0.0,0.6,0.13,0.0,0.8,0.53,66.67,0.87,0.4,46.15,1.07,0.2,18.75,0.13,12.5
1215,1. HNL (HR),13583,Luka Menalo,L. Menalo,1996-07-22,56.74,15.86,13.74,15,15,0,313.0,20.87,11.6,55.59,2.53,0.33,7.76,2.1,203.0,13.53,8.13,60.1,1.93,0.8,41.38,10.67,104.0,6.93,3.73,4.0,1.93,2.0,1.8,0.6,33.33,53.85,48.33,0.2,1.2,0.87,0.73,0.47,0.27,57.14,2.33,0.2,8.57,4.53,1.2,26.47,0.53,11.77
1215,1. HNL (HR),13609,Dario Maresić,D. Maresić,1999-09-29,96.29,27.17,25.34,34,33,1,2060.0,62.42,52.18,83.59,1.7,0.12,5.92,2.3,1427.0,43.24,38.21,88.37,0.33,0.18,54.55,41.33,535.0,16.21,13.36,10.58,9.06,0.76,0.33,0.24,72.73,82.43,85.67,0.27,0.48,0.03,0.12,0.94,0.55,58.06,0.52,0.0,0.0,0.88,0.15,17.24,0.03,3.45
1215,1. HNL (HR),13775,Domagoj Antolić,D. Antolić,1990-06-30,53.43,16.3,12.04,12,12,0,395.0,32.92,28.75,87.34,2.08,0.08,4.91,1.7,284.0,23.67,21.08,89.08,0.92,0.5,54.55,18.58,83.0,6.92,5.92,3.42,2.92,0.42,0.17,0.08,50.0,85.54,85.37,0.58,2.08,0.25,0.33,0.42,0.33,80.0,1.92,0.17,8.7,2.83,0.33,11.77,0.33,11.76
1215,1. HNL (HR),13779,Marko Vešović,M. Vešović,1991-08-28,83.63,22.87,21.34,26,25,1,788.0,31.52,20.48,64.97,2.56,0.36,6.97,2.16,537.0,21.48,14.72,68.53,1.92,0.76,39.58,18.64,235.0,9.4,5.96,4.92,2.64,2.16,1.52,0.64,42.1,63.4,53.66,0.16,1.88,0.32,0.64,0.52,0.2,38.46,2.48,0.32,12.9,4.04,1.0,24.75,0.52,12.87
1215,1. HNL (HR),13785,Sandro Kulenović,S. Kulenović,1999-12-04,37.57,10.88,7.71,16,16,0,152.0,9.5,5.88,61.84,1.75,0.38,4.22,1.1,84.0,5.25,3.38,64.29,1.31,0.62,47.62,2.31,27.0,1.69,0.56,1.06,0.25,0.94,0.69,0.19,27.27,33.33,23.53,0.31,0.69,0.5,0.19,0.0,0.0,,1.56,0.25,16.0,2.94,0.62,21.28,0.88,29.79
1215,1. HNL (HR),14125,Ismael Bennacer,I. Bennacer,1997-12-01,57.36,17.49,13.64,18,18,0,697.0,38.72,31.17,80.49,2.78,0.5,6.05,1.88,506.0,28.11,23.67,84.19,0.83,0.28,33.33,23.39,185.0,10.28,8.5,4.39,3.28,0.78,0.56,0.5,90.0,82.7,74.68,1.0,1.39,0.06,0.61,0.5,0.28,55.56,1.61,0.33,20.69,3.33,0.56,16.67,0.17,5.0
1215,1. HNL (HR),14128,Arnel Jakupović,A. Jakupović,1998-05-29,78.59,20.15,21.37,30,29,1,513.0,17.69,10.69,60.43,2.76,0.1,3.0,1.0,330.0,11.38,7.48,65.76,2.41,1.38,57.14,6.21,50.0,1.72,1.07,0.79,0.28,0.31,0.1,0.03,33.33,62.0,34.78,0.83,1.03,0.34,0.07,0.03,0.0,0.0,3.52,0.38,10.78,5.21,0.45,8.61,1.14,21.85
1215,1. HNL (HR),14144,Marko Pajač,M. Pajač,1993-05-11,93.37,25.55,24.53,29,28,1,1390.0,49.64,34.07,68.63,3.0,0.29,5.31,1.81,1060.0,37.86,27.32,72.17,2.14,1.14,53.33,34.0,296.0,10.57,7.07,6.04,3.68,2.39,2.04,1.07,52.63,66.89,60.95,0.25,1.86,0.21,0.46,0.89,0.46,52.0,3.64,0.75,20.59,5.61,1.07,19.11,0.39,7.01
1215,1. HNL (HR),14566,Ivan Fiolić,I. Fiolić,1996-04-29,34.31,9.07,9.3,22,21,1,304.0,14.48,9.19,63.49,1.62,0.1,3.91,1.31,217.0,10.33,6.67,64.52,1.19,0.71,60.0,7.71,43.0,2.05,1.24,1.1,0.67,0.24,0.14,0.0,0.0,60.47,60.87,0.52,1.14,0.19,0.24,0.1,0.1,100.0,1.81,0.33,18.42,2.9,0.29,9.84,0.38,13.11
1215,1. HNL (HR),14593,Jakov Filipović,J. Filipović,1992-10-17,96.65,24.2,27.84,34,33,1,1307.0,39.61,32.45,81.94,0.91,0.06,3.88,1.53,826.0,25.03,23.0,91.89,0.45,0.15,33.33,23.27,199.0,6.03,5.03,2.88,2.39,0.64,0.0,0.0,,83.42,83.16,0.06,0.21,0.03,0.0,0.39,0.27,69.23,0.58,0.03,5.26,1.03,0.3,29.41,0.03,2.94
1215,1. HNL (HR),16063,Josip Mišić,J. Mišić,1994-06-28,92.29,28.37,22.08,31,31,0,1540.0,49.68,42.19,84.93,3.77,0.48,4.81,1.56,1042.0,33.61,29.55,87.91,0.35,0.23,63.64,29.0,302.0,9.74,8.23,4.87,3.84,1.65,1.1,0.68,61.77,84.44,78.81,1.45,0.87,0.03,0.71,0.87,0.45,51.85,1.16,0.29,25.0,2.1,0.35,16.92,0.13,6.15
1215,1. HNL (HR),16455,Ante Erceg,A. Erceg,1989-12-12,56.41,14.99,15.32,20,20,0,396.0,19.8,12.5,63.13,3.1,0.25,5.85,1.61,248.0,12.4,7.9,63.71,3.05,1.5,49.18,7.9,103.0,5.15,2.65,2.9,1.35,1.15,0.95,0.25,26.32,51.46,46.55,0.35,1.85,0.4,0.6,0.4,0.15,37.5,3.95,0.55,13.92,5.8,0.85,14.65,0.95,16.38
1215,1. HNL (HR),16555,Michele Šego,M. Šego,2000-08-05,70.59,21.77,15.26,32,30,2,532.0,17.73,10.53,59.4,3.3,0.67,4.65,1.27,368.0,12.27,7.4,60.33,2.47,1.17,47.3,8.1,110.0,3.67,1.9,2.37,0.97,0.9,0.87,0.37,42.31,51.82,40.84,0.27,1.2,0.6,0.43,0.17,0.07,40.0,3.43,0.47,13.59,5.13,1.0,19.48,1.3,25.32
1215,1. HNL (HR),16558,Jurica Pršir,J. Pršir,2000-05-29,83.45,21.52,23.71,33,32,1,1033.0,32.28,22.06,68.34,3.38,0.44,5.63,1.58,694.0,21.69,15.44,71.18,2.78,1.34,48.31,15.88,242.0,7.56,4.59,3.69,2.03,1.47,1.16,0.72,62.16,60.74,55.08,1.28,2.47,0.38,0.88,0.41,0.25,61.54,4.03,0.69,17.05,6.69,1.5,22.43,1.28,19.16
1215,1. HNL (HR),16571,Davor Matijaš,D. Matijaš,1999-08-23,98.11,24.53,28.21,36,35,1,770.0,22.0,14.09,64.03,0.11,0.0,4.41,2.87,452.0,12.91,8.77,67.92,0.23,0.11,50.0,12.46,140.0,4.0,2.37,1.71,1.06,0.09,0.0,0.0,,59.29,61.67,0.0,0.0,0.0,0.0,0.2,0.0,0.0,0.46,0.03,6.25,0.94,0.26,27.27,0.0,0.0
1215,1. HNL (HR),16573,Tonio Teklić,T. Teklić,1999-09-09,67.85,18.03,18.36,13,13,0,352.0,27.08,17.15,63.35,3.38,0.08,5.3,1.6,243.0,18.69,11.92,63.79,2.46,1.23,50.0,12.38,77.0,5.92,3.54,3.46,1.92,0.77,0.69,0.31,44.44,59.74,55.56,0.46,0.62,0.31,0.46,0.38,0.08,20.0,3.62,0.69,19.15,5.85,1.0,17.11,0.85,14.47
1215,1. HNL (HR),16577,Roberto Punčec,R. Punčec,1991-10-27,75.66,17.72,22.08,19,19,0,483.0,25.42,21.74,85.51,0.32,0.05,4.38,1.49,320.0,16.84,15.84,94.06,0.05,0.05,100.0,16.11,78.0,4.11,3.53,1.79,1.42,0.68,0.16,0.16,100.0,85.9,79.41,0.0,0.0,0.0,0.0,0.37,0.11,28.57,0.16,0.0,0.0,0.16,0.0,0.0,0.0,0.0
1215,1. HNL (HR),16580,Leonard Zuta,L. Zuta,1992-08-09,78.33,19.64,20.38,19,18,1,558.0,31.0,21.56,69.54,1.33,0.11,3.26,1.29,385.0,21.39,16.11,75.33,0.72,0.33,46.15,20.22,70.0,3.89,2.5,2.28,1.39,0.94,0.61,0.22,36.36,64.29,60.98,0.06,0.61,0.06,0.0,0.22,0.06,25.0,1.28,0.22,17.39,2.28,0.56,24.39,0.11,4.88
1215,1. HNL (HR),16586,Adrian Liber,A. Liber,2001-01-09,39.74,9.42,9.96,15,15,0,186.0,12.4,8.0,64.51,0.93,0.13,6.17,1.64,115.0,7.67,5.13,66.96,0.93,0.53,57.14,5.07,50.0,3.33,2.07,1.33,0.87,0.6,0.27,0.2,75.0,62.0,65.0,0.13,0.73,0.13,0.2,0.13,0.0,0.0,1.33,0.13,10.0,2.47,0.33,13.51,0.27,10.81
1215,1. HNL (HR),16589,Jakov Puljić,J. Puljić,1993-08-04,96.19,21.48,27.65,31,29,2,612.0,21.1,11.9,56.37,3.66,0.45,3.78,1.15,364.0,12.55,7.21,57.42,2.69,1.0,37.18,6.97,89.0,3.07,1.83,1.28,0.55,0.45,0.41,0.1,25.0,59.55,43.24,0.72,1.0,0.72,0.28,0.17,0.1,60.0,3.62,0.34,9.52,6.07,0.76,12.5,1.59,26.14
1215,1. HNL (HR),16591,Josip Mitrović,J. Mitrović,2000-06-11,83.55,21.69,22.02,30,29,1,789.0,27.21,16.48,60.58,3.55,0.45,5.58,1.64,540.0,18.62,11.93,64.07,2.76,1.17,42.5,12.83,197.0,6.79,4.03,3.9,1.97,1.14,0.97,0.38,39.29,59.39,50.44,0.38,2.0,0.72,0.52,0.28,0.1,37.5,3.79,0.52,13.64,5.86,1.07,18.24,0.9,15.29
1215,1. HNL (HR),16592,Domagoj Pavičić,D. Pavičić,1994-03-09,64.97,16.22,18.56,32,31,1,773.0,24.94,18.45,74.0,2.9,0.29,5.64,1.71,557.0,17.97,13.87,77.2,2.16,1.1,50.75,12.9,192.0,6.19,4.81,3.42,2.68,1.06,0.94,0.68,72.41,77.6,78.3,0.77,2.32,0.35,0.45,0.39,0.29,75.0,3.06,0.61,20.0,5.13,0.81,15.72,0.65,12.58
1215,1. HNL (HR),16599,Stjepan Lončar,S. Lončar,1996-11-10,91.26,24.32,24.87,33,33,0,1176.0,35.64,25.55,71.69,3.39,0.3,7.48,2.12,836.0,25.33,18.24,72.01,2.52,1.0,39.76,19.18,405.0,12.27,9.0,6.33,4.3,1.97,1.52,0.85,56.0,73.33,67.94,1.52,2.79,0.42,0.79,0.85,0.52,60.72,3.52,0.61,17.24,6.18,1.21,19.61,0.94,15.2
1215,1. HNL (HR),16601,Ivica Ivušić,I. Ivušić,1995-02-01,99.35,29.3,21.31,15,14,1,349.0,24.93,16.57,66.48,0.07,0.0,3.92,2.63,215.0,15.36,11.07,72.09,0.07,0.07,100.0,14.57,46.0,3.29,2.07,1.64,0.86,0.14,0.0,0.0,,63.04,52.17,0.0,0.0,0.0,0.0,0.29,0.0,0.0,0.64,0.07,11.11,0.79,0.43,54.55,0.0,0.0
1215,1. HNL (HR),16603,Stjepan Radeljić,S. Radeljić,1997-09-05,87.52,23.23,22.46,25,24,1,1261.0,52.54,42.92,81.68,1.75,0.12,4.69,1.66,903.0,37.62,33.12,88.04,0.25,0.08,33.33,35.71,252.0,10.5,8.75,5.79,4.96,0.5,0.29,0.29,100.0,83.33,85.61,0.04,0.21,0.04,0.08,0.71,0.54,76.47,0.5,0.0,0.0,0.62,0.17,26.67,0.08,13.33
1215,1. HNL (HR),16610,Marko  Malenica,M. Malenica,1994-02-08,98.27,25.7,25.89,30,30,0,707.0,23.57,16.43,69.73,0.0,0.0,4.7,2.78,430.0,14.33,11.17,77.91,0.07,0.03,50.0,13.6,148.0,4.93,2.83,2.7,1.5,0.03,0.0,0.0,,57.43,55.56,0.0,0.0,0.0,0.0,0.17,0.1,60.0,0.33,0.17,50.0,0.47,0.13,28.57,0.0,0.0
1215,1. HNL (HR),16616,Robert Mudražija,R. Mudražija,1997-05-05,13.26,3.55,3.7,5,5,0,19.0,3.8,1.2,31.58,0.0,0.0,7.96,2.2,14.0,2.8,1.0,35.71,0.2,0.0,0.0,1.6,7.0,1.4,0.4,0.8,0.4,0.4,0.2,0.0,0.0,28.57,50.0,0.0,0.4,0.0,0.0,0.0,0.0,,0.2,0.0,0.0,0.6,0.0,0.0,0.0,0.0
1215,1. HNL (HR),16618,Alen Grgić,A. Grgić,1994-08-10,64.18,19.21,17.97,8,7,1,148.0,21.14,10.86,51.35,4.14,0.14,7.42,2.06,106.0,15.14,7.57,50.0,1.57,0.57,36.36,11.0,47.0,6.71,2.71,4.57,1.57,1.57,1.43,0.43,30.0,40.43,34.38,0.43,2.0,0.29,0.43,0.57,0.14,25.0,2.71,0.57,21.05,5.0,1.29,25.71,0.43,8.57
1215,1. HNL (HR),16620,Marin Pilj,M. Pilj,1996-12-03,48.24,12.07,14.53,8,8,0,171.0,21.38,17.25,80.7,1.0,0.0,5.21,1.78,118.0,14.75,12.38,83.9,0.75,0.12,16.67,12.0,43.0,5.38,4.88,2.25,2.12,0.38,0.0,0.0,,90.7,94.44,0.62,0.75,0.12,0.25,0.5,0.38,75.0,1.12,0.0,0.0,1.62,0.25,15.38,0.25,15.38
1215,1. HNL (HR),16628,Mihail Caimacov,M. Caimacov,1998-07-22,64.16,15.82,17.24,15,15,0,422.0,28.13,21.0,74.65,1.6,0.13,5.07,1.71,281.0,18.73,14.67,78.29,1.33,0.8,60.0,14.33,87.0,5.8,4.2,2.6,1.8,0.8,0.73,0.4,54.54,72.41,69.23,0.73,2.2,0.07,0.33,0.53,0.33,62.5,2.13,0.27,12.5,3.93,0.47,11.86,0.33,8.47
1215,1. HNL (HR),16902,Gregor Sikošek,G. Sikošek,1994-02-13,56.83,12.96,16.12,11,11,0,234.0,21.27,12.73,59.83,1.45,0.18,4.21,1.24,142.0,12.91,8.55,66.2,0.82,0.27,33.33,11.45,41.0,3.73,2.18,2.55,1.55,1.18,0.82,0.55,66.67,58.54,60.71,0.18,0.36,0.09,0.09,0.64,0.27,42.86,1.18,0.18,15.38,1.73,0.55,31.58,0.09,5.26
1215,1. HNL (HR),17024,Hubert Sobol,H. Sobol,2000-06-25,12.54,2.93,3.47,8,8,0,25.0,3.12,2.25,72.0,0.12,0.12,4.79,1.36,13.0,1.62,1.12,69.23,0.0,0.0,,0.88,6.0,0.75,0.62,0.5,0.38,0.12,0.12,0.12,100.0,83.33,75.0,0.12,1.0,0.0,0.12,0.0,0.0,,0.12,0.0,0.0,0.5,0.25,50.0,0.0,0.0
1215,1. HNL (HR),17221,Justas Lasickas,J. Lasickas,1997-10-06,57.41,15.02,14.24,29,28,1,700.0,25.0,17.75,71.0,1.75,0.07,5.79,1.68,479.0,17.11,12.68,74.11,1.07,0.57,53.33,15.57,184.0,6.57,4.61,3.89,2.68,1.07,0.79,0.46,59.09,70.11,68.81,0.36,1.5,0.14,0.32,0.64,0.25,38.89,1.57,0.25,15.91,2.5,0.54,21.43,0.18,7.14
1215,1. HNL (HR),17350,Filip Jović,F. Jović,2000-02-27,62.56,16.34,16.0,5,4,1,82.0,20.5,14.0,68.29,1.25,0.25,4.25,1.36,62.0,15.5,11.0,70.96,1.0,0.5,50.0,14.5,14.0,3.5,2.75,2.0,1.75,0.25,0.0,0.0,,78.57,87.5,0.0,0.5,0.0,0.0,0.0,0.0,,1.5,0.0,0.0,1.75,0.0,0.0,0.5,28.57
1215,1. HNL (HR),17868,Ilija Nestorovski,I. Nestorovski,1990-03-12,79.0,20.54,20.12,24,23,1,545.0,23.7,13.22,55.78,4.0,0.48,2.76,0.99,318.0,13.83,8.39,60.69,3.22,1.52,47.3,7.3,51.0,2.22,1.35,1.04,0.65,0.3,0.22,0.04,20.0,60.78,62.5,0.52,0.87,0.7,0.13,0.09,0.09,100.0,4.09,0.35,8.51,6.04,0.7,11.51,1.26,20.86
1215,1. HNL (HR),19139,Törles Knöll,T. Knöll,1997-09-13,44.59,10.39,14.14,5,5,0,37.0,7.4,4.2,56.76,0.2,0.0,2.94,1.02,24.0,4.8,2.6,54.17,1.0,0.2,20.0,2.8,3.0,0.6,0.4,0.2,0.2,0.2,0.2,0.2,100.0,66.67,100.0,0.2,0.6,0.6,0.0,0.0,0.0,,1.2,0.0,0.0,2.4,0.4,16.67,0.2,8.33
1215,1. HNL (HR),19154,Joszip Elez,J. Elez,1994-04-25,76.51,16.96,22.08,5,3,2,106.0,35.33,30.33,85.85,1.0,0.0,5.91,2.16,66.0,22.0,18.33,83.33,0.0,0.0,,20.0,30.0,10.0,7.67,4.67,3.0,1.33,0.0,0.0,,76.67,64.29,0.0,0.0,0.0,0.0,1.33,0.33,25.0,0.0,0.0,,0.33,0.0,0.0,0.0,0.0
1215,1. HNL (HR),22120,Ismaël Chester Diallo,I. Diallo,1997-01-29,12.86,2.87,3.03,1,1,0,5.0,5.0,4.0,80.0,0.0,0.0,4.81,1.34,3.0,3.0,2.0,66.67,1.0,1.0,100.0,2.0,1.0,1.0,1.0,1.0,1.0,0.0,0.0,0.0,,100.0,100.0,0.0,0.0,0.0,0.0,0.0,0.0,,1.0,0.0,0.0,1.0,0.0,0.0,0.0,0.0
1215,1. HNL (HR),22910,Marijan Čabraja,M. Čabraja,1997-02-25,92.82,23.13,27.14,31,30,1,1555.0,51.83,38.03,73.38,2.33,0.17,5.61,1.97,1073.0,35.77,28.03,78.38,1.1,0.57,51.52,33.57,361.0,12.03,8.67,6.77,4.77,1.63,1.07,0.57,53.12,72.02,70.44,0.23,1.87,0.1,0.17,1.63,0.73,44.9,1.53,0.13,8.7,2.57,0.73,28.57,0.2,7.79
1215,1. HNL (HR),24023,Marcel Heister,M. Heister,1992-07-29,74.16,18.94,20.82,31,31,0,875.0,28.23,19.23,68.11,1.65,0.26,4.32,1.48,587.0,18.94,14.06,74.28,0.9,0.39,42.86,17.58,147.0,4.74,2.81,3.45,2.13,1.26,1.0,0.45,45.16,59.18,61.68,0.03,1.13,0.13,0.26,0.19,0.03,16.67,1.45,0.19,13.33,2.71,0.61,22.62,0.32,11.9
1215,1. HNL (HR),24098,Zvonimir Šarlija ,Z. Šarlija,1996-08-29,88.92,27.73,20.29,27,26,1,1491.0,57.35,51.62,90.01,1.12,0.12,5.4,1.93,1059.0,40.73,38.46,94.43,0.23,0.12,50.0,39.35,342.0,13.15,11.85,6.23,5.54,1.19,0.27,0.19,71.43,90.06,88.89,0.04,0.73,0.0,0.0,0.23,0.08,33.33,0.38,0.08,20.0,0.46,0.19,41.67,0.08,16.67
1215,1. HNL (HR),24132,Mario Mladenovski,M. Mladenovski,2000-09-16,68.62,16.15,20.8,22,22,0,668.0,30.36,23.18,76.35,0.68,0.05,4.66,1.57,427.0,19.41,16.64,85.71,0.05,0.05,100.0,17.59,127.0,5.77,4.14,3.09,2.32,0.73,0.09,0.09,100.0,71.65,75.0,0.09,0.23,0.0,0.09,0.27,0.14,50.0,0.18,0.0,0.0,0.45,0.27,60.0,0.05,10.0
1215,1. HNL (HR),24321,Édgar González Estrada,Édgar González,1997-04-01,74.54,21.63,18.26,6,6,0,325.0,54.17,49.17,90.77,0.83,0.0,5.12,1.96,242.0,40.33,38.83,96.28,0.17,0.17,100.0,38.33,73.0,12.17,11.33,7.33,7.0,1.33,0.67,0.5,75.0,93.15,95.45,0.0,0.83,0.0,0.0,0.5,0.33,66.67,0.67,0.17,25.0,1.0,0.17,16.67,0.0,0.0
1215,1. HNL (HR),24336,Stefan Perić,S. Perić,1997-02-13,88.23,21.68,25.63,29,29,0,1150.0,39.66,31.31,78.96,0.62,0.03,5.07,1.83,735.0,25.34,22.07,87.07,0.14,0.03,25.0,23.83,244.0,8.41,6.55,5.41,4.21,1.21,0.52,0.31,60.0,77.87,77.71,0.03,0.41,0.07,0.1,1.03,0.55,53.33,0.24,0.03,14.29,0.66,0.21,31.58,0.03,5.26
1215,1. HNL (HR),24774,Gonzalo Villar del Fraile,Gonzalo Villar,1998-03-23,37.46,11.87,7.68,11,11,0,257.0,23.36,19.36,82.88,1.82,0.18,4.83,1.67,185.0,16.82,14.27,84.86,0.64,0.45,71.43,13.45,58.0,5.27,3.91,2.64,1.91,0.45,0.36,0.27,75.0,74.14,72.41,0.27,0.91,0.09,0.18,0.55,0.45,83.33,1.55,0.55,35.29,2.36,0.36,15.38,0.27,11.54
1215,1. HNL (HR),24928,Hugo Guillamón Sanmartín,Hugo Guillamón,2000-01-31,64.2,19.82,14.43,23,22,1,940.0,42.73,36.5,85.43,1.77,0.09,3.41,1.33,666.0,30.27,26.82,88.59,0.86,0.64,73.68,25.73,115.0,5.23,4.86,2.86,2.59,0.36,0.14,0.05,33.33,93.04,90.48,0.86,0.64,0.0,0.0,0.36,0.32,87.5,1.59,0.18,11.43,2.5,0.45,18.18,0.32,12.73
1215,1. HNL (HR),27202,Damir Kreilach,D. Kreilach,1989-04-16,11.46,2.71,1.86,1,1,0,2.0,2.0,0.0,0.0,1.0,0.0,0.0,0.0,1.0,1.0,0.0,0.0,1.0,0.0,0.0,0.0,0.0,0.0,0.0,0.0,0.0,0.0,0.0,0.0,,,,0.0,0.0,1.0,0.0,0.0,0.0,,1.0,0.0,0.0,1.0,0.0,0.0,1.0,100.0
1215,1. HNL (HR),27764,Dejan Petrovič,D. Petrovič,1998-01-12,75.53,20.5,19.57,20,20,0,591.0,29.55,23.9,80.88,1.2,0.1,3.64,1.15,401.0,20.05,17.6,87.78,0.55,0.3,54.55,16.4,83.0,4.15,3.6,1.1,0.85,0.65,0.4,0.35,87.5,86.75,77.27,0.45,0.95,0.1,0.15,0.1,0.1,100.0,0.85,0.05,5.88,1.5,0.25,16.67,0.2,13.33
1215,1. HNL (HR),28866,Emil Frederiksen,E. Frederiksen,2000-09-05,72.05,19.41,19.89,33,33,0,928.0,28.12,16.97,60.35,2.82,0.45,4.37,1.29,633.0,19.18,12.33,64.3,3.15,1.67,52.88,14.39,167.0,5.06,2.76,3.21,1.61,1.42,1.09,0.36,33.33,54.49,50.0,0.88,2.85,0.48,0.52,0.27,0.12,44.44,4.33,0.64,14.69,6.82,1.21,17.78,0.91,13.33
1215,1. HNL (HR),29541,David Puclin,D. Puclin,1992-06-17,38.66,8.81,12.26,22,22,0,315.0,14.32,9.91,69.21,1.09,0.05,5.47,1.67,173.0,7.86,6.41,81.5,0.36,0.18,50.0,6.73,80.0,3.64,2.59,1.45,0.95,0.59,0.5,0.36,72.73,71.25,65.63,0.45,0.77,0.05,0.09,0.23,0.18,80.0,0.5,0.09,18.18,1.0,0.23,22.73,0.14,13.64
1215,1. HNL (HR),30568,Osman  Hadzikić,O. Hadzikić,1996-03-12,95.53,24.97,25.81,29,28,1,599.0,21.39,12.71,59.43,0.07,0.0,3.65,2.77,337.0,12.04,7.57,62.91,0.14,0.04,25.0,11.43,88.0,3.14,2.0,1.89,1.25,0.04,0.0,0.0,,63.64,66.04,0.0,0.0,0.0,0.0,0.11,0.0,0.0,0.18,0.0,0.0,0.43,0.14,33.33,0.0,0.0
1215,1. HNL (HR),31094,Rüfat Abdullazada,R. Abdullazada,2001-01-17,43.69,10.54,12.14,9,9,0,154.0,17.11,10.11,59.09,2.0,0.22,7.16,1.87,112.0,12.44,8.11,65.18,2.11,0.67,31.58,8.33,45.0,5.0,2.44,3.78,1.67,1.0,0.89,0.22,25.0,48.89,44.12,0.78,2.22,0.22,0.78,0.56,0.33,60.0,3.0,0.78,25.93,5.22,1.56,29.79,0.44,8.51
1215,1. HNL (HR),32131,Tyrone Tormin,T. Tormin,2001-06-29,42.63,9.74,13.23,3,3,0,43.0,14.33,9.33,65.12,2.0,0.33,6.22,1.68,27.0,9.0,6.0,66.67,1.0,0.67,66.67,6.0,10.0,3.33,2.0,2.67,1.67,0.67,0.33,0.33,100.0,60.0,62.5,0.67,1.0,0.0,0.0,0.33,0.0,0.0,1.0,0.33,33.33,2.33,0.67,28.57,0.67,28.57
1215,1. HNL (HR),32172,Merveille Valthy Streeker Ndockyt,M. Ndockyt,1998-07-20,48.19,12.9,12.34,21,21,0,355.0,16.9,10.81,63.94,2.43,0.19,4.25,1.35,221.0,10.52,7.05,66.97,1.24,0.57,46.15,8.0,57.0,2.71,1.38,1.52,0.67,0.24,0.1,0.1,100.0,50.88,43.75,0.48,1.48,0.33,0.14,0.14,0.0,0.0,1.86,0.1,5.13,2.52,0.19,7.55,0.24,9.43
1215,1. HNL (HR),32174,Mihael Žaper,M. Žaper,1998-08-11,17.45,3.41,5.09,4,4,0,22.0,5.5,4.25,77.27,0.5,0.0,3.75,1.31,9.0,2.25,2.0,88.89,0.0,0.0,,1.75,4.0,1.0,1.0,0.5,0.5,0.0,0.0,0.0,,100.0,100.0,0.0,0.5,0.0,0.0,0.0,0.0,,0.0,0.0,,0.0,0.0,,0.0,
1215,1. HNL (HR),32175,Vedran Jugović,V. Jugović,1989-07-31,41.75,10.91,11.3,8,8,0,115.0,14.38,11.0,76.52,1.12,0.0,3.49,1.13,78.0,9.75,7.75,79.49,0.62,0.25,40.0,8.38,21.0,2.62,2.25,0.75,0.62,0.0,0.0,0.0,,85.71,83.33,0.25,1.12,0.12,0.12,0.0,0.0,,1.0,0.0,0.0,1.25,0.25,20.0,0.25,20.0
1215,1. HNL (HR),32176,Ante Majstorović,A. Majstorović,1993-11-06,95.2,25.6,23.3,31,30,1,1717.0,57.23,47.73,83.4,2.03,0.17,5.63,1.88,1189.0,39.63,34.93,88.14,0.27,0.13,50.0,37.73,403.0,13.43,11.47,8.23,7.03,0.87,0.3,0.2,66.67,85.36,85.43,0.03,0.2,0.0,0.0,1.03,0.53,51.61,0.27,0.0,0.0,0.6,0.23,38.89,0.0,0.0
1215,1. HNL (HR),32178,Dion Drena Beljo,D. Beljo,2002-03-01,77.23,24.74,18.73,36,36,0,659.0,18.31,10.33,56.45,4.83,1.11,5.59,1.5,405.0,11.25,6.56,58.27,3.17,1.28,40.35,5.78,159.0,4.42,2.56,2.14,0.97,1.06,0.92,0.25,27.27,57.86,45.45,1.08,1.64,0.86,0.58,0.19,0.08,42.86,3.94,0.69,17.61,6.03,0.97,16.13,2.06,34.1
1215,1. HNL (HR),32180,Josip Spoljaric,J. Spoljaric,1997-01-05,18.6,4.52,4.77,13,11,2,61.0,5.55,3.45,62.29,0.45,0.0,5.52,1.52,36.0,3.27,2.18,66.67,0.45,0.18,40.0,2.0,13.0,1.18,0.82,0.91,0.55,0.18,0.18,0.09,50.0,69.23,60.0,0.45,0.55,0.09,0.18,0.0,0.0,,0.73,0.09,12.5,1.09,0.09,8.33,0.18,16.67
1215,1. HNL (HR),32181,Petar Bočkaj,P. Bočkaj,1996-07-23,30.46,8.37,7.59,11,11,0,167.0,15.18,9.55,62.87,2.64,0.09,5.98,1.82,116.0,10.55,6.91,65.52,0.64,0.09,14.29,8.36,45.0,4.09,2.36,2.64,1.55,0.27,0.27,0.18,66.67,57.78,58.62,0.09,1.09,0.18,0.18,0.45,0.09,20.0,1.18,0.18,15.38,2.45,0.73,29.63,0.45,18.52
1215,1. HNL (HR),32186,Tomislav Duvnjak,T. Duvnjak,2003-02-05,82.05,19.46,24.68,33,33,0,1217.0,36.88,27.55,74.69,2.39,0.21,4.86,1.55,726.0,22.0,17.09,77.69,1.33,0.58,43.18,17.82,240.0,7.27,5.76,3.42,2.39,1.06,0.91,0.67,73.33,79.17,69.91,0.67,1.06,0.09,0.3,0.48,0.21,43.75,1.85,0.18,9.84,3.12,0.55,17.48,0.24,7.77
1215,1. HNL (HR),32195,Ivan Nevistić,I. Nevistić,1998-07-31,98.52,30.11,22.53,13,13,0,340.0,26.15,18.46,70.59,0.0,0.0,3.62,2.5,232.0,17.85,13.62,76.29,0.08,0.0,0.0,17.38,35.0,2.69,1.77,1.54,0.85,0.0,0.0,0.0,,65.71,55.0,0.0,0.0,0.0,0.0,0.08,0.08,100.0,0.15,0.0,0.0,0.38,0.0,0.0,0.0,0.0
1215,1. HNL (HR),32201,Oliver Zelenika,O. Zelenika,1993-05-14,97.67,23.53,29.17,31,31,0,605.0,19.52,12.55,64.3,0.03,0.0,4.46,3.1,317.0,10.23,7.32,71.61,0.13,0.03,25.0,9.77,114.0,3.68,2.26,2.39,1.45,0.0,0.0,0.0,,61.4,60.81,0.0,0.0,0.0,0.0,0.03,0.03,100.0,0.42,0.1,23.08,0.65,0.16,25.0,0.0,0.0
1215,1. HNL (HR),32207,David Čolina,D. Čolina,2000-07-19,72.56,17.9,20.32,29,29,0,784.0,27.03,18.76,69.39,1.9,0.07,5.04,1.49,509.0,17.55,12.41,70.73,2.34,1.1,47.06,13.69,153.0,5.28,3.41,3.41,2.0,1.03,0.79,0.38,47.83,64.71,58.59,0.45,2.24,0.24,0.21,0.17,0.07,40.0,3.69,0.48,13.08,5.17,1.24,24.0,0.48,9.33
1215,1. HNL (HR),32222,Bruno Bogojević,B. Bogojević,1998-06-29,66.07,16.85,18.7,26,26,0,475.0,18.27,9.69,53.05,2.54,0.27,8.49,2.24,329.0,12.65,7.19,56.84,1.65,0.58,34.88,9.35,165.0,6.35,3.54,3.88,1.92,1.65,1.42,0.58,40.54,55.76,49.51,0.46,0.92,0.46,0.62,0.54,0.12,21.43,2.19,0.35,15.79,3.96,1.12,28.16,0.85,21.36
1215,1. HNL (HR),32224,Bruno Goda,B. Goda,1998-04-17,69.41,21.45,16.89,25,25,0,902.0,36.08,26.4,73.17,1.96,0.36,4.44,1.56,646.0,25.84,19.84,76.78,1.12,0.48,42.86,24.4,158.0,6.32,4.16,2.76,1.68,1.36,0.68,0.28,41.18,65.82,60.87,0.0,0.76,0.08,0.24,0.96,0.28,29.17,1.6,0.16,10.0,2.44,0.64,26.23,0.24,9.84
1215,1. HNL (HR),32228,Vinko Medimorec,V. Medimorec,1996-06-01,58.28,14.7,17.56,16,14,2,328.0,23.43,18.5,78.96,0.93,0.07,4.0,1.36,216.0,15.43,13.29,86.11,0.0,0.0,,14.86,59.0,4.21,3.36,1.86,1.64,0.36,0.0,0.0,,79.66,88.46,0.0,0.0,0.0,0.0,0.36,0.07,20.0,0.07,0.0,0.0,0.36,0.07,20.0,0.0,0.0
1215,1. HNL (HR),32238,Denis Kolinger,D. Kolinger,1994-01-14,96.97,26.58,25.47,30,29,1,1204.0,41.52,33.41,80.48,0.79,0.03,4.87,1.72,801.0,27.62,24.69,89.39,0.34,0.14,40.0,25.86,266.0,9.17,7.62,5.48,4.69,1.03,0.21,0.17,83.33,83.08,85.54,0.0,0.21,0.0,0.0,0.52,0.34,66.67,0.66,0.1,15.79,0.9,0.21,23.08,0.07,7.69
1215,1. HNL (HR),32239,Jon Mersinaj,J. Mersinaj,1999-02-08,54.66,14.02,14.53,19,18,1,482.0,26.78,21.89,81.74,0.33,0.0,5.82,2.15,312.0,17.33,15.83,91.35,0.11,0.06,50.0,16.56,130.0,7.22,6.0,3.11,2.61,0.94,0.11,0.06,50.0,83.08,83.93,0.06,0.17,0.0,0.0,0.56,0.33,60.0,0.11,0.0,0.0,0.28,0.17,60.0,0.0,0.0
1215,1. HNL (HR),32259,Mateo Leš,M. Leš,2000-03-25,77.14,19.48,21.85,23,22,1,856.0,38.91,33.68,86.57,0.68,0.0,5.04,1.92,583.0,26.5,24.32,91.77,0.5,0.27,54.55,24.45,177.0,8.05,7.32,4.5,4.09,1.14,0.59,0.5,84.62,90.96,90.91,0.0,0.27,0.0,0.0,0.64,0.27,42.86,0.68,0.09,13.33,1.5,0.36,24.24,0.0,0.0
1215,1. HNL (HR),32370,Advan Kadušić,A. Kadušić,1997-10-14,77.22,20.04,21.36,29,29,0,999.0,34.45,22.79,66.17,1.69,0.28,3.97,1.42,671.0,23.14,16.38,70.79,1.62,0.79,48.94,21.1,162.0,5.59,3.41,3.03,1.9,0.86,0.62,0.17,27.78,61.11,62.5,0.21,0.79,0.28,0.14,0.62,0.17,27.78,2.1,0.24,11.48,3.41,0.69,20.2,0.38,11.11
1215,1. HNL (HR),32761,Abdoulie Bamba Sanyang,A. Sanyang,1999-05-08,36.94,11.22,8.25,26,24,2,304.0,12.67,6.5,51.31,2.08,0.33,11.55,2.95,207.0,8.62,4.21,48.79,1.17,0.46,39.29,7.21,146.0,6.08,2.83,3.38,1.12,1.33,1.12,0.33,29.63,46.58,33.33,0.25,0.79,0.25,1.38,0.75,0.25,33.33,1.46,0.12,8.57,2.42,0.42,17.24,0.38,15.52
1215,1. HNL (HR),34104,Raúl  Torrente Navarro,Raúl Torrente,2001-09-11,36.68,13.75,9.24,1,1,0,28.0,28.0,24.0,85.71,2.0,0.0,4.52,2.02,18.0,18.0,15.0,83.33,0.0,0.0,,17.0,5.0,5.0,5.0,3.0,3.0,0.0,0.0,0.0,,100.0,100.0,0.0,0.0,0.0,0.0,0.0,0.0,,0.0,0.0,,0.0,0.0,,0.0,
1215,1. HNL (HR),34128,Roko Jurišić,R. Jurišić,2001-09-28,70.09,19.41,16.74,19,18,1,684.0,38.0,30.39,79.97,1.56,0.11,6.35,1.88,463.0,25.72,21.94,85.31,0.78,0.56,71.43,23.72,186.0,10.33,8.44,6.33,4.89,2.39,1.61,0.94,58.62,81.72,77.19,0.0,3.5,0.22,0.28,0.83,0.44,53.33,1.44,0.22,15.38,2.67,0.78,29.17,0.17,6.25
1215,1. HNL (HR),34129,Luka Jelenić,L. Jelenić,2000-05-24,91.82,23.12,25.02,28,28,0,1200.0,42.86,36.96,86.25,0.79,0.11,5.14,1.86,831.0,29.68,27.79,93.62,0.11,0.0,0.0,28.11,272.0,9.71,8.54,5.46,4.79,0.96,0.18,0.11,60.0,87.87,87.58,0.04,0.18,0.0,0.04,0.21,0.04,16.67,0.18,0.0,0.0,0.36,0.11,30.0,0.04,10.0
1215,1. HNL (HR),34640,Stanislav Shopov,S. Shopov,2002-02-23,56.17,15.58,14.97,13,13,0,283.0,21.77,13.54,62.19,2.46,0.23,4.33,1.3,173.0,13.31,9.0,67.63,1.38,0.69,50.0,10.46,52.0,4.0,2.54,1.69,0.69,0.69,0.54,0.31,57.14,63.46,40.91,0.62,1.46,0.08,0.15,0.15,0.08,50.0,2.38,0.62,25.81,3.69,0.46,12.5,0.62,16.67
1215,1. HNL (HR),34848,Kerim Çalhanoğlu,K. Çalhanoğlu,2002-08-26,71.04,15.7,20.21,22,20,2,523.0,26.15,15.6,59.66,1.9,0.25,5.15,1.52,317.0,15.85,10.2,64.35,1.1,0.35,31.82,14.4,111.0,5.55,3.2,3.0,1.75,1.5,0.95,0.6,63.16,57.66,58.33,0.0,1.1,0.1,0.1,0.6,0.3,50.0,1.6,0.2,12.5,2.8,0.75,26.79,0.35,12.5
1215,1. HNL (HR),34945,Nikita Vlasenko,N. Vlasenko,2001-03-20,98.81,20.98,28.68,8,7,1,266.0,38.0,29.43,77.44,0.57,0.0,4.5,1.63,155.0,22.14,19.71,89.03,0.0,0.0,,20.86,50.0,7.14,6.0,4.57,4.29,0.71,0.14,0.14,100.0,84.0,93.75,0.0,0.0,0.0,0.0,0.43,0.29,66.67,0.0,0.0,,0.57,0.14,25.0,0.0,0.0
1215,1. HNL (HR),35502,Tiago Filipe Oliveira Dantas,Tiago Dantas,2000-12-24,85.35,24.01,20.6,31,30,1,1169.0,38.97,31.5,80.84,4.03,0.37,4.19,1.39,789.0,26.3,22.07,83.9,1.03,0.6,58.06,22.73,194.0,6.47,5.47,3.0,2.33,0.93,0.63,0.3,47.37,84.54,77.78,0.5,1.37,0.2,0.1,0.37,0.2,54.55,1.8,0.27,14.81,3.27,0.47,14.29,0.63,19.39
1215,1. HNL (HR),36907,Niko Galešić,N. Galešić,2001-03-26,69.41,22.02,16.49,22,22,0,954.0,43.36,36.95,85.22,1.68,0.23,4.93,1.78,724.0,32.91,29.45,89.5,0.36,0.27,75.0,31.41,188.0,8.55,6.82,5.36,4.36,1.14,0.73,0.55,75.0,79.79,81.36,0.05,1.32,0.0,0.55,1.0,0.59,59.09,0.64,0.05,7.14,1.27,0.45,35.71,0.18,14.29
1215,1. HNL (HR),36912,Matej Vuk,M. Vuk,2000-06-10,64.1,15.39,19.23,28,28,0,629.0,22.46,13.21,58.82,3.0,0.36,8.87,2.4,418.0,14.93,9.32,62.44,1.96,1.07,54.55,10.75,243.0,8.68,5.0,4.86,2.29,1.93,1.29,0.46,36.11,57.61,47.06,0.54,1.93,0.29,0.89,0.82,0.46,56.52,2.64,0.61,22.97,4.93,0.89,18.11,0.61,12.32
1215,1. HNL (HR),36915,Mateo Lisica,M. Lisica,2003-07-09,60.92,19.53,14.34,25,25,0,617.0,24.68,17.84,72.29,3.48,0.52,6.31,1.73,449.0,17.96,13.0,72.38,1.92,1.08,56.25,14.88,173.0,6.92,4.6,4.08,2.56,1.64,1.36,0.76,55.88,66.48,62.75,0.36,1.88,0.36,0.6,0.72,0.44,61.11,2.6,0.56,21.54,4.36,1.08,24.77,0.76,17.43
1215,1. HNL (HR),36923,Anthony Kalik,A. Kalik,1997-11-05,20.83,5.36,4.8,17,15,2,85.0,5.67,3.6,63.53,1.0,0.13,4.69,1.4,57.0,3.8,2.53,66.67,0.4,0.13,33.33,2.93,19.0,1.27,0.8,0.8,0.6,0.27,0.13,0.0,0.0,63.16,75.0,0.53,0.87,0.33,0.2,0.07,0.07,100.0,0.73,0.0,0.0,1.47,0.27,18.18,0.33,22.73
1215,1. HNL (HR),36925,Hrvoje Babec,H. Babec,1999-07-28,78.62,20.52,21.18,15,15,0,649.0,43.27,35.53,82.13,1.6,0.07,3.11,1.23,443.0,29.53,26.07,88.26,0.67,0.33,50.0,23.8,67.0,4.47,3.93,2.27,2.0,0.4,0.13,0.13,100.0,88.06,88.23,0.47,0.47,0.13,0.07,0.07,0.07,100.0,1.47,0.13,9.09,2.87,0.47,16.28,0.07,2.33
1215,1. HNL (HR),36932,Niko Janković,N. Janković,2001-08-25,75.43,19.65,19.6,13,13,0,333.0,25.62,17.62,68.77,3.85,0.08,6.12,1.74,211.0,16.23,11.54,71.09,1.77,0.77,43.48,12.69,95.0,7.31,4.54,3.62,1.92,1.23,0.92,0.15,16.67,62.1,53.19,0.62,1.92,0.31,1.0,0.92,0.23,25.0,2.38,0.46,19.35,4.0,0.62,15.38,0.62,15.38
1215,1. HNL (HR),36936,Leon Belcar,L. Belcar,2002-01-04,78.37,20.4,22.81,29,28,1,938.0,33.5,23.82,71.11,2.89,0.21,5.74,1.77,584.0,20.86,15.89,76.2,2.0,1.0,50.0,15.86,222.0,7.93,5.36,4.11,2.61,1.43,1.25,0.64,51.43,67.57,63.48,0.43,1.86,0.36,0.46,0.5,0.29,57.14,2.89,0.68,23.46,4.71,0.86,18.18,0.46,9.85
1215,1. HNL (HR),36963,Fran Karačić ,F. Karačić,1996-05-12,83.36,22.88,20.86,21,20,1,651.0,32.55,21.35,65.59,2.35,0.2,4.83,1.53,424.0,21.2,15.25,71.93,1.15,0.5,43.48,19.75,132.0,6.6,3.55,4.35,2.2,2.25,1.7,0.8,47.06,53.79,50.58,0.05,2.45,0.45,0.45,0.45,0.1,22.22,1.55,0.25,16.13,2.9,0.9,31.03,0.3,10.34
1215,1. HNL (HR),36964,Dominik Kovačić,D. Kovačić,1994-01-05,97.96,25.04,26.19,33,32,1,1497.0,46.78,38.91,83.17,1.09,0.09,4.32,1.73,1002.0,31.31,28.34,90.52,0.31,0.12,40.0,29.09,241.0,7.53,6.25,4.47,3.97,0.34,0.25,0.16,62.5,82.99,88.81,0.09,0.12,0.0,0.19,0.94,0.5,53.33,0.38,0.03,8.33,0.66,0.09,14.29,0.06,9.52
1215,1. HNL (HR),36973,Ivan Filipović,I. Filipović,1994-11-13,97.08,29.1,24.39,9,9,0,245.0,27.22,19.89,73.06,0.0,0.0,3.7,2.83,158.0,17.56,14.11,80.38,0.22,0.11,50.0,17.22,29.0,3.22,1.89,2.33,1.67,0.11,0.0,0.0,,58.62,71.43,0.0,0.0,0.0,0.0,0.44,0.11,25.0,0.44,0.11,25.0,0.56,0.22,40.0,0.0,0.0
1215,1. HNL (HR),36975,Ivan Čović,I. Čović,1990-09-17,93.9,22.42,23.73,8,7,1,128.0,18.29,10.0,54.69,0.14,0.14,4.36,3.3,78.0,11.14,6.86,61.54,0.14,0.0,0.0,10.57,23.0,3.29,1.57,1.43,0.71,0.0,0.0,0.0,,47.83,50.0,0.0,0.0,0.0,0.0,0.29,0.14,50.0,0.14,0.0,0.0,0.14,0.0,0.0,0.0,0.0
1215,1. HNL (HR),36981,Frane Maglica,F. Maglica,1997-07-02,88.6,21.69,25.96,24,24,0,854.0,35.58,23.46,65.92,2.12,0.33,6.38,1.79,604.0,25.17,17.46,69.37,2.12,0.75,35.29,22.96,221.0,9.21,5.38,5.79,3.08,2.46,1.62,1.0,61.54,58.37,53.24,0.0,2.21,0.21,0.88,1.17,0.33,28.57,3.21,0.38,11.69,4.75,1.12,23.68,0.29,6.14
1215,1. HNL (HR),36995,Jan Paus-Kunšt,J. Paus-Kunšt,2001-08-17,98.53,32.7,19.95,1,1,0,25.0,25.0,14.0,56.0,0.0,0.0,2.92,2.14,17.0,17.0,11.0,64.71,0.0,0.0,,16.0,2.0,2.0,1.0,2.0,1.0,0.0,0.0,0.0,,50.0,50.0,0.0,0.0,0.0,0.0,0.0,0.0,,0.0,0.0,,0.0,0.0,,0.0,
1215,1. HNL (HR),37030,Ante Orec,A. Orec,2001-08-29,82.8,22.67,19.95,30,30,0,1118.0,37.27,25.27,67.8,3.1,0.43,6.71,1.97,784.0,26.13,18.37,70.28,1.47,0.5,34.09,24.77,322.0,10.73,7.5,6.27,3.87,2.0,1.53,0.77,50.0,69.88,61.7,0.07,1.93,0.4,0.97,0.6,0.23,38.89,2.57,0.33,12.99,4.3,1.33,31.01,0.6,13.95
1215,1. HNL (HR),37236,Ljuban Crepulja,L. Crepulja,1993-09-02,67.61,17.49,18.6,29,27,2,1199.0,44.41,38.37,86.4,2.52,0.22,5.26,1.69,861.0,31.89,28.33,88.85,0.3,0.26,87.5,28.19,287.0,10.63,9.59,4.44,3.89,0.52,0.3,0.22,75.0,90.24,87.5,0.48,0.78,0.0,0.15,0.44,0.3,66.67,0.63,0.07,11.76,1.3,0.3,22.86,0.15,11.43
1215,1. HNL (HR),37248,Ivan Mamut,I. Mamut,1997-04-30,67.34,17.2,19.89,24,24,0,402.0,16.75,8.5,50.75,3.83,0.38,3.84,1.11,246.0,10.25,5.21,50.81,2.25,0.83,37.04,5.5,63.0,2.62,1.17,1.42,0.62,0.46,0.42,0.12,30.0,44.44,44.12,0.71,1.17,0.71,0.29,0.21,0.08,40.0,3.0,0.5,16.67,5.12,0.46,8.94,1.17,22.76
1215,1. HNL (HR),37921,Nikola Tony Curcija,N. Curcija,2001-04-08,97.92,23.46,28.51,5,5,0,111.0,22.2,13.4,60.36,0.0,0.0,3.39,2.08,71.0,14.2,9.0,63.38,0.0,0.0,,14.4,15.0,3.0,1.4,2.4,1.2,0.0,0.0,0.0,,46.67,50.0,0.0,0.0,0.0,0.0,0.0,0.0,,0.2,0.0,0.0,0.4,0.4,100.0,0.0,0.0
1215,1. HNL (HR),39795,Andrija Filipović,A. Filipović,1997-04-18,23.15,5.42,6.17,7,7,0,30.0,4.29,2.14,50.0,0.86,0.14,6.65,1.43,24.0,3.43,1.86,54.17,0.71,0.43,60.0,1.43,8.0,1.14,0.43,0.86,0.29,0.57,0.43,0.14,33.33,37.5,33.33,0.0,0.29,0.0,0.0,0.0,0.0,,1.0,0.0,0.0,1.71,0.43,25.0,0.14,8.33
1215,1. HNL (HR),41087,Antonio Bosec,A. Bosec,1997-08-28,68.52,16.54,18.43,10,9,1,184.0,20.44,11.89,58.15,0.67,0.0,5.27,1.65,117.0,13.0,7.89,60.68,0.89,0.0,0.0,12.11,38.0,4.22,2.11,2.33,1.11,1.22,1.11,0.56,50.0,50.0,47.62,0.0,0.67,0.11,0.33,0.0,0.0,,1.22,0.22,18.18,2.22,0.67,30.0,0.0,0.0
1215,1. HNL (HR),41096,Luka Škaričić,L. Škaričić,2002-01-28,79.9,19.57,23.5,22,22,0,867.0,39.41,31.68,80.39,1.36,0.18,5.35,1.76,557.0,25.32,22.55,89.05,0.41,0.27,66.67,23.91,186.0,8.45,6.86,4.86,4.0,1.14,0.55,0.45,83.33,81.18,82.24,0.0,0.55,0.0,0.18,0.41,0.32,77.78,0.5,0.05,9.09,1.05,0.23,21.74,0.14,13.04
1215,1. HNL (HR),41099,Luka Stojković,L. Stojković,2003-10-28,67.07,21.96,15.47,29,29,0,1073.0,37.0,26.76,72.32,5.79,1.0,5.65,1.61,782.0,26.97,19.9,73.79,3.1,1.55,50.0,19.66,259.0,8.93,5.97,4.14,2.55,2.1,1.55,0.76,48.89,66.79,61.67,1.66,3.76,0.52,0.86,0.76,0.38,50.0,4.97,1.14,22.92,7.24,0.79,10.95,1.38,19.05
1215,1. HNL (HR),41125,Oleksandr Petrusenko,O. Petrusenko,1998-03-26,69.57,18.41,18.37,24,23,1,738.0,32.09,26.26,81.84,1.74,0.13,3.23,1.24,464.0,20.17,17.96,89.01,0.57,0.35,61.54,17.09,91.0,3.96,3.0,1.35,1.0,0.13,0.04,0.04,100.0,75.82,74.19,0.57,0.61,0.0,0.09,0.17,0.13,75.0,1.09,0.13,12.0,1.78,0.13,7.32,0.0,0.0
1215,1. HNL (HR),43340,Samuele Vignato,S. Vignato,2004-02-24,61.3,17.56,14.72,15,14,1,342.0,24.43,17.0,69.59,3.57,0.64,6.48,1.81,226.0,16.14,12.21,75.66,1.79,1.14,64.0,11.86,90.0,6.43,3.93,3.21,1.79,1.43,0.93,0.36,38.46,61.11,55.56,0.64,2.64,0.14,0.5,0.71,0.36,50.0,2.86,0.86,30.0,4.79,0.57,11.94,0.64,13.43
1215,1. HNL (HR),43395,Renan Guedes Borges,Renan Guedes,1998-01-19,77.91,20.12,20.55,22,22,0,708.0,32.18,21.59,67.09,1.59,0.09,5.16,1.64,504.0,22.91,16.32,71.23,2.27,0.95,42.0,20.5,151.0,6.86,4.55,4.32,2.73,2.14,1.5,0.86,57.58,66.23,63.16,0.05,2.77,0.23,0.14,0.23,0.09,40.0,2.86,0.32,11.11,4.5,1.05,23.23,0.18,4.04
1215,1. HNL (HR),45049,Keyendrah Simmonds,K. Simmonds,2001-05-31,39.77,9.83,13.15,3,3,0,30.0,10.0,5.33,53.33,1.67,0.0,4.62,1.46,21.0,7.0,3.33,47.62,2.0,1.0,50.0,5.33,6.0,2.0,1.0,2.0,1.0,0.33,0.33,0.33,100.0,50.0,50.0,0.67,0.33,0.0,0.33,0.67,0.33,50.0,2.67,0.67,25.0,3.0,1.0,33.33,0.67,22.22
1215,1. HNL (HR),48315,Anel Husić,A. Husić,2001-03-01,85.11,22.54,21.58,19,18,1,850.0,47.22,38.44,81.41,1.89,0.11,5.95,2.02,567.0,31.5,28.44,90.3,0.17,0.11,66.67,29.67,216.0,12.0,10.06,6.72,5.33,1.39,0.61,0.33,54.55,83.8,79.34,0.11,0.28,0.0,0.17,0.56,0.39,70.0,0.5,0.06,11.11,1.0,0.28,27.78,0.17,16.67
1215,1. HNL (HR),48486,Šimun Mikolčić,Š. Mikolčić,2004-01-21,49.76,12.46,13.23,27,27,0,479.0,17.74,12.0,67.64,1.74,0.26,4.92,1.46,316.0,11.7,8.52,72.79,1.04,0.33,32.14,9.52,94.0,3.48,2.3,1.93,1.07,0.67,0.44,0.11,25.0,65.96,55.77,0.81,1.0,0.19,0.04,0.26,0.11,42.86,1.52,0.19,12.19,2.3,0.44,19.36,0.22,9.68
1215,1. HNL (HR),48597,Jakov-Anton Vasilj,J. Vasilj,2002-06-02,60.51,17.65,15.83,24,24,0,584.0,24.33,15.33,63.01,2.88,0.25,7.44,1.95,378.0,15.75,10.21,64.81,2.88,1.25,43.48,9.5,184.0,7.67,4.71,4.0,2.21,1.88,1.54,0.79,51.35,61.41,55.21,1.5,2.46,0.67,1.21,0.67,0.46,68.75,3.83,0.71,18.48,6.79,1.79,26.38,1.17,17.18
1215,1. HNL (HR),49310,David Mateo Mejía Moscoso,D. Mejía,2003-06-01,67.39,16.77,18.73,27,27,0,749.0,27.74,19.19,69.16,2.56,0.11,5.81,1.74,437.0,16.19,12.33,76.2,0.96,0.48,50.0,12.44,169.0,6.26,3.74,3.15,1.56,1.11,0.81,0.26,31.82,59.76,49.41,1.19,1.44,0.15,0.81,0.33,0.22,66.67,1.74,0.26,14.89,3.0,1.04,34.57,0.37,12.35
1215,1. HNL (HR),49320,Ivan Božić,I. Božić,1997-06-08,60.57,16.79,15.28,6,6,0,97.0,16.17,8.83,54.64,2.5,0.17,7.15,2.09,64.0,10.67,6.5,60.94,2.33,0.83,35.72,6.67,32.0,5.33,2.67,3.0,1.5,1.0,0.67,0.0,0.0,50.0,50.0,0.33,0.83,0.83,0.17,0.17,0.0,0.0,2.5,0.17,6.67,3.83,0.83,21.74,0.83,21.74
1215,1. HNL (HR),49416,Mladen Devetak,M. Devetak,1999-03-12,86.85,23.27,22.23,29,28,1,995.0,35.54,27.04,76.08,1.75,0.29,5.8,1.67,750.0,26.79,21.61,80.67,0.75,0.14,19.05,26.18,223.0,7.96,5.61,5.21,3.71,2.54,1.71,1.04,60.42,70.4,71.23,0.04,2.04,0.18,0.14,0.71,0.32,45.0,1.0,0.07,7.14,1.79,0.29,16.0,0.21,12.0
1215,1. HNL (HR),49746,Lamine Ba,L. Ba,1997-08-24,93.5,24.65,27.57,14,14,0,634.0,45.29,37.36,82.49,0.71,0.07,4.14,1.5,392.0,28.0,25.57,91.33,0.36,0.0,0.0,27.21,104.0,7.43,6.14,2.64,2.21,0.43,0.07,0.07,100.0,82.69,83.78,0.07,0.07,0.0,0.14,0.14,0.07,50.0,0.57,0.0,0.0,0.86,0.21,25.0,0.07,8.33
1215,1. HNL (HR),58691,Vladan Bubanja,V. Bubanja,1999-02-21,78.99,19.65,22.57,17,16,1,454.0,28.38,19.56,68.94,1.75,0.12,4.63,1.3,281.0,17.56,12.81,72.95,1.0,0.38,37.5,13.62,101.0,6.31,4.0,3.62,2.06,1.12,0.69,0.44,63.64,63.37,56.9,0.44,2.0,0.06,0.44,0.25,0.19,75.0,2.0,0.19,9.37,2.94,0.75,25.53,0.25,8.51
1215,1. HNL (HR),58982,Martin Zlomislić,M. Zlomislić,1998-08-16,97.72,26.65,24.03,33,32,1,841.0,26.28,19.09,72.65,0.06,0.0,4.51,2.77,521.0,16.28,12.69,77.93,0.22,0.09,42.86,15.69,150.0,4.69,3.09,2.97,1.94,0.03,0.0,0.0,,66.0,65.26,0.0,0.0,0.0,0.0,0.09,0.03,33.33,0.34,0.0,0.0,0.69,0.22,31.82,0.0,0.0
1215,1. HNL (HR),58986,Toni Fruk,T. Fruk,2001-03-09,73.41,20.16,18.1,31,30,1,926.0,30.87,19.63,63.61,4.63,0.67,5.86,1.86,591.0,19.7,12.7,64.47,2.4,1.07,44.44,12.9,229.0,7.63,4.53,3.73,1.73,0.93,0.73,0.23,31.82,59.39,46.43,1.0,2.17,0.53,1.07,0.4,0.1,25.0,3.7,0.37,9.91,7.07,1.47,20.75,1.27,17.92
1215,1. HNL (HR),58987,Marko Dabro,M. Dabro,1997-03-28,52.88,13.99,14.23,21,20,1,259.0,12.95,6.5,50.19,2.95,0.3,7.97,1.79,161.0,8.05,4.0,49.69,1.8,0.8,44.45,4.35,80.0,4.0,2.05,2.45,1.1,1.4,1.1,0.25,22.73,51.25,44.9,0.4,1.2,0.65,0.7,0.3,0.15,50.0,2.35,0.55,23.41,4.15,0.75,18.07,1.1,26.51
1215,1. HNL (HR),58990,Luka Dajcer,L. Dajcer,2001-06-06,66.74,18.3,18.35,22,21,1,725.0,34.52,27.0,78.21,0.95,0.05,5.27,1.83,484.0,23.05,19.0,82.44,0.9,0.48,52.63,20.86,165.0,7.86,6.29,4.48,3.52,0.9,0.62,0.33,53.85,80.0,78.72,0.05,0.67,0.0,0.19,0.62,0.24,38.46,1.1,0.1,8.7,1.62,0.57,35.29,0.05,2.94
1215,1. HNL (HR),58993,Ivan Ćubelić,I. Ćubelić,2003-06-02,72.12,18.46,19.47,34,32,2,1010.0,31.56,21.62,68.51,2.97,0.25,4.05,1.31,611.0,19.09,14.25,74.63,1.22,0.5,41.03,15.44,157.0,4.91,3.09,2.59,1.19,1.06,0.75,0.16,20.83,63.06,45.78,0.5,1.28,0.22,0.34,0.28,0.09,33.33,1.75,0.22,12.5,2.94,0.59,20.21,0.28,9.57
1215,1. HNL (HR),58996,Antonio Djakovic,A. Djakovic,2001-06-12,96.03,21.71,28.28,6,6,0,109.0,18.17,10.33,56.88,0.0,0.0,4.68,3.53,42.0,7.0,4.33,61.9,0.0,0.0,,6.67,21.0,3.5,1.83,1.33,0.83,0.0,0.0,0.0,,52.38,62.5,0.0,0.0,0.0,0.0,0.33,0.17,50.0,0.0,0.0,,0.0,0.0,,0.0,
1215,1. HNL (HR),59000,Mario Marina,M. Marina,1989-08-03,61.33,14.13,19.17,27,27,0,553.0,20.48,15.15,73.96,0.96,0.15,3.17,1.0,315.0,11.67,9.48,81.27,0.37,0.15,40.0,9.22,66.0,2.44,2.0,0.85,0.63,0.26,0.15,0.07,50.0,81.82,73.91,0.33,0.37,0.04,0.07,0.15,0.07,50.0,0.63,0.04,5.88,1.22,0.26,21.21,0.07,6.06
1215,1. HNL (HR),60709,Tornike Morchiladze,T. Morchiladze,2002-01-10,44.9,14.59,9.65,10,9,1,187.0,20.78,13.44,64.71,2.33,0.0,8.07,2.17,133.0,14.78,10.11,68.42,0.89,0.67,75.0,12.11,67.0,7.44,4.67,3.89,1.78,1.44,1.0,0.22,22.22,62.69,45.71,0.67,2.0,0.11,1.11,0.89,0.56,62.5,1.44,0.33,23.08,2.89,0.89,30.77,0.22,7.69
1215,1. HNL (HR),62004,Toni Silić,T. Silić,2004-05-07,99.01,30.66,23.32,21,20,1,522.0,26.1,18.2,69.73,0.2,0.0,4.28,2.82,312.0,15.6,11.65,74.68,0.3,0.15,50.0,14.85,84.0,4.2,2.95,2.55,1.7,0.0,0.0,0.0,,70.24,66.67,0.0,0.0,0.0,0.0,0.1,0.05,50.0,0.7,0.05,7.14,0.75,0.3,40.0,0.0,0.0
1215,1. HNL (HR),62005,Arbër Hoxha,A. Hoxha,1998-10-06,62.93,18.81,15.61,31,31,0,709.0,22.87,13.13,57.41,3.48,0.61,10.57,2.91,536.0,17.29,10.29,59.52,2.06,0.84,40.62,12.0,342.0,11.03,5.81,5.84,2.32,1.97,1.52,0.42,27.66,52.63,39.78,0.26,1.77,0.39,2.74,1.29,0.55,42.5,3.26,0.68,20.79,5.74,1.39,24.16,0.71,12.36
1215,1. HNL (HR),63308,Adrion Pajaziti,A. Pajaziti,2002-11-16,68.69,21.15,16.1,31,30,1,1309.0,43.63,36.73,84.19,2.63,0.2,6.51,1.99,932.0,31.07,27.27,87.77,0.6,0.33,55.56,27.13,366.0,12.2,10.67,5.3,4.47,1.33,0.97,0.57,58.62,87.43,84.28,1.4,1.87,0.17,0.53,0.57,0.3,52.94,1.3,0.3,23.08,2.4,0.43,18.06,0.07,2.78
1215,1. HNL (HR),63416,Silvio Goričan,S. Goričan,2000-02-27,37.29,10.15,9.1,15,15,0,165.0,11.0,6.73,61.21,0.73,0.07,7.3,2.1,115.0,7.67,4.87,63.48,1.6,0.67,41.67,5.53,52.0,3.47,1.8,1.67,0.67,0.6,0.53,0.07,12.5,51.92,40.0,0.27,0.73,0.0,0.2,0.2,0.0,0.0,2.0,0.47,23.33,2.8,0.53,19.05,0.2,7.14
1215,1. HNL (HR),64565,Dušan Vuković,D. Vuković,2002-08-06,68.09,18.49,17.75,26,26,0,514.0,19.77,9.0,45.52,2.35,0.19,8.55,2.12,351.0,13.5,6.31,46.72,2.88,0.85,29.33,9.54,191.0,7.35,3.23,4.04,1.31,1.77,1.46,0.35,23.68,43.98,32.38,0.54,0.85,0.5,0.88,0.85,0.19,22.73,3.54,0.5,14.13,5.42,0.81,14.89,0.54,9.93
1215,1. HNL (HR),64638,Logi Hrafn Róbertsson,L. Róbertsson,2004-07-22,33.09,8.11,10.03,9,9,0,106.0,11.78,8.56,72.64,0.56,0.11,4.62,1.84,66.0,7.33,6.11,83.33,0.67,0.33,50.0,6.11,24.0,2.67,2.33,1.78,1.56,0.0,0.0,0.0,,87.5,87.5,0.11,0.11,0.0,0.11,0.0,0.0,,1.0,0.33,33.33,1.11,0.11,10.0,0.22,20.0
1215,1. HNL (HR),64753,Ville Koski,V. Koski,2002-01-27,90.81,24.03,24.97,18,18,0,969.0,53.83,45.17,83.9,0.61,0.06,5.37,2.19,645.0,35.83,32.39,90.39,0.28,0.11,40.0,34.33,232.0,12.89,11.28,6.28,5.67,1.0,0.28,0.22,80.0,87.5,90.27,0.11,0.94,0.0,0.11,0.56,0.28,50.0,0.56,0.11,20.0,1.06,0.17,15.79,0.0,0.0
1215,1. HNL (HR),64928,Alen Jurilj ,A. Jurilj,1996-03-07,64.66,14.45,18.73,20,20,0,321.0,16.05,8.9,55.45,1.9,0.2,6.94,1.91,183.0,9.15,5.05,55.19,1.6,0.95,59.38,6.3,89.0,4.45,2.55,2.85,1.2,1.5,1.35,0.25,18.52,57.3,42.11,0.3,1.65,0.55,0.6,0.15,0.1,66.67,1.85,0.15,8.11,3.35,0.95,28.36,0.3,8.96
1215,1. HNL (HR),65156,David Virgili Fernandez,David Virgili,1998-09-30,35.39,11.46,7.2,5,5,0,58.0,11.6,5.2,44.83,2.2,0.2,8.78,2.08,40.0,8.0,3.2,40.0,1.8,0.6,33.33,5.6,19.0,3.8,1.4,2.8,1.2,1.0,1.0,0.4,40.0,36.84,42.86,0.2,1.4,0.6,0.0,0.0,0.0,,2.6,0.0,0.0,3.2,0.6,18.75,0.6,18.75
1215,1. HNL (HR),69740,Alfonso Daniel Barco Del Solar,A. Barco,2001-12-07,81.08,23.36,18.79,15,14,1,563.0,40.21,33.79,84.01,1.36,0.07,3.3,1.46,387.0,27.64,24.57,88.89,0.64,0.29,44.44,25.0,66.0,4.71,4.07,2.57,2.14,0.0,0.0,0.0,,86.37,83.33,0.07,0.43,0.0,0.0,0.21,0.14,66.67,0.86,0.0,0.0,1.36,0.29,21.05,0.29,21.05
1215,1. HNL (HR),70256,Franko Kolić,F. Kolić,2003-02-07,98.14,25.9,27.12,35,35,0,722.0,20.63,13.11,63.57,0.0,0.0,4.18,2.88,391.0,11.17,7.83,70.08,0.17,0.09,50.0,10.69,116.0,3.31,2.2,1.63,1.09,0.03,0.0,0.0,,66.38,66.67,0.0,0.0,0.0,0.0,0.17,0.11,66.67,0.51,0.17,33.33,0.77,0.17,22.22,0.0,0.0
1215,1. HNL (HR),71488,Fode Yannick Touré,Y. Touré,2000-09-29,51.17,14.29,11.17,11,11,0,106.0,9.64,5.36,55.66,2.0,0.09,7.2,1.84,63.0,5.73,3.27,57.14,1.64,0.73,44.44,2.55,31.0,2.82,1.91,1.27,0.55,0.73,0.45,0.09,20.0,67.74,42.86,0.45,1.18,0.36,0.09,0.0,0.0,,2.09,0.36,17.39,2.91,0.45,15.63,1.0,34.37
1215,1. HNL (HR),73307,Juan José Córdoba Zapata ,J. Córdoba,2003-07-11,29.52,10.12,7.48,2,2,0,30.0,15.0,10.0,66.67,3.0,1.0,11.47,3.3,26.0,13.0,9.0,69.23,1.5,0.5,33.33,9.5,19.0,9.5,6.5,4.5,3.5,1.5,1.0,1.0,100.0,68.42,77.78,0.5,2.0,0.0,0.5,1.0,0.5,50.0,2.0,1.0,50.0,3.0,1.0,33.33,1.0,33.33
1215,1. HNL (HR),73767,Pocholo Bugas,P. Bugas,2001-12-03,15.74,3.73,2.87,3,3,0,16.0,5.33,2.0,37.5,0.33,0.0,13.21,3.47,12.0,4.0,1.67,41.66,0.0,0.0,,3.0,9.0,3.0,0.33,2.0,0.0,0.67,0.67,0.0,0.0,11.11,0.0,0.33,0.0,0.0,0.67,0.33,0.0,0.0,0.0,0.0,,1.33,0.33,25.0,0.0,0.0
1215,1. HNL (HR),74696,Monsef Bakrar,M. Bakrar,2001-01-13,57.3,17.09,13.79,29,29,0,546.0,18.83,9.66,51.28,2.9,0.72,6.27,1.77,356.0,12.28,6.72,54.78,2.28,0.97,42.42,8.17,148.0,5.1,2.34,3.17,1.1,1.34,1.1,0.34,31.25,45.95,34.78,0.72,1.07,0.41,0.79,0.38,0.07,18.18,3.21,0.62,19.36,5.07,0.76,14.97,1.17,23.13
1215,1. HNL (HR),76782,Jakov Šuver,J. Šuver,2003-01-22,82.72,18.29,26.23,7,7,0,218.0,31.14,23.71,76.15,1.0,0.29,4.34,1.56,137.0,19.57,16.71,85.4,0.43,0.0,0.0,17.71,46.0,6.57,5.86,4.29,3.86,0.43,0.0,0.0,,89.13,90.0,0.0,0.57,0.0,0.0,0.29,0.29,100.0,1.14,0.29,25.0,1.86,0.71,38.46,0.14,7.69
1215,1. HNL (HR),95607,Iuri António Teixeira Tavares,Iuri Tavares,2001-03-08,72.27,17.54,21.49,30,30,0,770.0,25.67,14.6,56.88,2.73,0.27,6.98,1.97,535.0,17.83,10.6,59.44,3.33,1.53,46.0,11.87,217.0,7.23,3.5,4.07,1.6,1.5,1.23,0.3,24.32,48.39,39.34,0.47,1.73,0.17,0.9,0.57,0.1,17.65,4.23,0.47,11.02,7.03,1.37,19.43,0.57,8.06
1215,1. HNL (HR),103063,Emin Hasić,E. Hasić,2003-02-08,73.49,19.28,19.75,20,20,0,795.0,39.75,34.45,86.67,1.05,0.0,6.38,2.14,538.0,26.9,24.85,92.38,0.3,0.15,50.0,25.05,212.0,10.6,9.05,7.4,6.5,1.3,0.7,0.65,92.86,85.38,87.84,0.0,0.65,0.1,0.05,0.65,0.3,46.15,0.45,0.05,11.11,0.8,0.3,37.5,0.1,12.5
1215,1. HNL (HR),105557,Mamadou Saydou Bangura,M. Bangura,2003-01-05,26.54,6.74,7.81,12,12,0,63.0,5.25,2.75,52.38,0.75,0.25,4.55,1.36,40.0,3.33,1.83,55.0,1.08,0.42,38.46,1.25,14.0,1.17,0.67,0.58,0.33,0.25,0.25,0.17,66.67,57.14,57.14,0.17,0.42,0.08,0.08,0.08,0.08,100.0,1.17,0.0,0.0,1.67,0.17,10.0,0.42,25.0
1215,1. HNL (HR),109875,Rokas Pukštas,R. Pukštas,2004-08-25,86.22,26.47,19.98,31,29,2,801.0,27.62,16.97,61.42,4.31,0.59,7.41,1.97,534.0,18.41,11.83,64.23,2.9,1.28,44.05,12.83,261.0,9.0,6.07,5.83,3.79,1.79,1.45,0.93,64.29,67.43,65.09,1.86,3.28,0.52,1.03,0.83,0.34,41.67,3.52,0.31,8.82,5.93,1.07,18.02,1.28,21.51
1215,1. HNL (HR),109876,Ivan Cvijanović,I. Cvijanović,2003-10-09,63.15,15.37,18.02,10,10,0,334.0,33.4,25.9,77.55,1.0,0.1,3.94,1.28,228.0,22.8,19.5,85.53,0.3,0.0,0.0,21.5,56.0,5.6,4.2,3.5,2.8,0.5,0.3,0.2,66.67,75.0,80.0,0.1,0.4,0.0,0.0,0.4,0.4,100.0,0.5,0.1,20.0,1.0,0.0,0.0,0.0,0.0
1215,1. HNL (HR),110099,Antonio Maurić,A. Maurić,2003-11-04,67.71,17.87,19.43,29,29,0,857.0,29.55,23.93,80.98,2.0,0.1,3.98,1.3,597.0,20.59,17.52,85.09,1.31,0.69,52.63,15.93,136.0,4.69,3.79,2.34,1.66,0.86,0.62,0.31,50.0,80.88,70.59,1.0,2.03,0.17,0.17,0.31,0.17,55.56,2.03,0.24,11.86,3.48,0.93,26.73,0.48,13.86
1215,1. HNL (HR),116317,Dimitrije Kamenović,D. Kamenović,2000-07-16,61.13,14.84,16.17,11,10,1,265.0,26.5,20.1,75.85,0.8,0.0,4.52,1.62,176.0,17.6,14.8,84.09,0.6,0.3,50.0,16.4,47.0,4.7,3.9,2.4,2.1,0.3,0.0,0.0,,82.98,87.5,0.0,0.3,0.0,0.0,0.3,0.1,33.33,0.7,0.0,0.0,0.8,0.1,12.5,0.1,12.5
1215,1. HNL (HR),116938,Novak Tepšić,N. Tepšić,2002-03-16,57.5,13.88,17.61,22,22,0,501.0,22.77,17.23,75.65,0.82,0.05,4.65,1.42,309.0,14.05,11.91,84.79,0.27,0.14,50.0,13.5,85.0,3.86,3.14,2.18,1.77,0.59,0.45,0.41,90.0,81.18,81.25,0.0,0.27,0.05,0.05,0.45,0.32,70.0,0.45,0.09,20.0,0.82,0.23,27.78,0.05,5.56
1215,1. HNL (HR),118634,Gabriel Vidović,G. Vidović,2003-12-01,54.63,18.35,12.49,27,27,0,685.0,25.37,17.93,70.66,3.22,0.44,6.18,1.93,504.0,18.67,13.96,74.8,2.11,0.93,43.86,13.52,201.0,7.44,4.78,2.96,1.41,0.85,0.63,0.22,35.29,64.18,47.5,0.48,2.7,0.59,1.19,0.56,0.3,53.33,3.3,0.78,23.6,5.67,0.78,13.73,1.07,18.95
1215,1. HNL (HR),120538,Sergi Domínguez Viloria,Sergi Domínguez,2005-04-01,92.98,28.95,22.14,30,30,0,2016.0,67.2,57.57,85.67,2.13,0.5,5.29,1.82,1493.0,49.77,45.07,90.56,0.33,0.17,50.0,47.5,409.0,13.63,11.13,9.3,7.97,1.67,0.57,0.53,94.12,81.66,85.66,0.2,0.17,0.03,0.2,1.27,0.87,68.42,0.57,0.07,11.76,1.0,0.27,26.67,0.17,16.67
1215,1. HNL (HR),130787,Eniss Shabani,E. Shabani,2003-05-29,86.06,18.72,25.2,27,27,0,947.0,35.07,22.52,64.2,2.22,0.3,6.59,1.84,563.0,20.85,14.52,69.63,2.11,0.85,40.35,15.93,247.0,9.15,5.26,4.74,2.44,2.07,1.44,0.52,35.9,57.49,51.56,0.74,1.96,0.33,0.96,0.48,0.26,53.85,2.7,0.41,15.07,4.59,1.37,29.84,0.59,12.9
1215,1. HNL (HR),140237,Noel Bodetić,N. Bodetić,2004-02-24,53.05,16.12,11.96,10,10,0,273.0,27.3,21.4,78.39,2.1,0.1,4.52,1.41,205.0,20.5,16.4,80.0,0.4,0.4,100.0,18.7,49.0,4.9,3.7,3.7,2.7,1.7,1.3,0.9,69.23,75.51,72.97,0.0,2.4,0.0,0.1,0.1,0.1,100.0,0.5,0.0,0.0,1.2,0.3,25.0,0.4,33.33
1215,1. HNL (HR),141054,Fabijan Krivak,F. Krivak,2005-02-24,70.1,19.57,18.3,16,16,0,364.0,22.75,13.5,59.34,2.94,0.38,9.11,2.22,223.0,13.94,8.62,61.88,2.0,1.0,50.0,10.69,125.0,7.81,4.12,4.31,1.62,2.69,2.0,0.62,31.25,52.8,37.68,0.69,1.94,0.69,1.25,0.75,0.38,50.0,3.06,0.38,12.25,5.0,0.75,15.0,0.75,15.0
1215,1. HNL (HR),153584,Roko Brajković,R. Brajković,2005-07-03,65.41,21.11,15.44,21,20,1,542.0,27.1,16.45,60.7,3.7,0.4,6.16,1.76,409.0,20.45,13.2,64.55,1.8,0.55,30.56,18.55,143.0,7.15,3.7,3.9,1.65,1.8,1.3,0.45,34.62,51.75,42.31,0.3,2.0,0.5,0.85,0.3,0.15,50.0,2.65,0.4,15.09,4.6,0.85,18.48,0.65,14.13
1215,1. HNL (HR),154090,Danijel Dejan Djuric,D. Djuric,2003-01-05,26.11,8.25,6.2,9,9,0,116.0,12.89,8.0,62.07,1.67,0.22,4.81,1.64,84.0,9.33,5.89,63.1,1.33,0.56,41.67,6.11,23.0,2.56,1.44,1.44,0.44,0.11,0.11,0.0,0.0,56.52,30.77,0.67,0.78,0.11,0.33,0.22,0.0,0.0,1.89,0.22,11.77,3.11,0.44,14.28,0.56,17.86
1215,1. HNL (HR),155701,Šimun Hrgović,Š. Hrgović,2004-03-20,83.28,25.51,18.63,29,28,1,1124.0,40.14,29.46,73.4,2.46,0.21,5.32,1.61,863.0,30.82,23.43,76.01,1.57,0.82,52.27,28.29,243.0,8.68,5.46,5.25,3.0,2.14,1.71,0.75,43.75,62.96,57.14,0.11,3.18,0.21,0.64,0.82,0.14,17.39,2.36,0.29,12.12,4.14,1.07,25.86,0.54,12.93
1215,1. HNL (HR),156492,Samuel Koeberlé,S. Koeberlé,2004-11-26,28.38,7.22,8.96,5,5,0,67.0,13.4,8.2,61.19,0.4,0.0,4.24,1.23,32.0,6.4,4.6,71.88,0.6,0.2,33.33,4.4,11.0,2.2,1.2,1.0,0.6,0.4,0.2,0.0,0.0,54.55,60.0,0.2,1.0,0.0,0.0,0.0,0.0,,0.8,0.2,25.0,1.4,0.0,0.0,0.0,0.0
1215,1. HNL (HR),162182,Marin Žgomba,M. Žgomba,2005-05-30,11.62,0.88,3.56,1,1,0,3.0,3.0,2.0,66.67,1.0,0.0,7.52,1.67,2.0,2.0,2.0,100.0,0.0,0.0,,1.0,1.0,1.0,1.0,1.0,1.0,1.0,1.0,1.0,100.0,100.0,100.0,0.0,1.0,0.0,0.0,0.0,0.0,,0.0,0.0,,0.0,0.0,,0.0,
1215,1. HNL (HR),163360,Styopa Mkrtchyan,S. Mkrtchyan,2003-02-17,76.06,19.19,19.54,17,17,0,619.0,36.41,30.53,83.84,0.65,0.06,4.95,1.7,400.0,23.53,21.12,89.75,0.24,0.12,50.0,22.24,133.0,7.82,6.71,4.59,4.06,1.0,0.24,0.18,75.0,85.72,88.46,0.0,0.18,0.06,0.0,0.53,0.24,44.44,0.24,0.0,0.0,0.65,0.12,18.18,0.0,0.0
1215,1. HNL (HR),170788,Christian Dimitri Legbo Ouguehi,D. Legbo,2001-08-30,44.13,12.28,10.25,14,13,1,222.0,17.08,10.77,63.06,1.38,0.0,7.25,2.05,158.0,12.15,8.15,67.09,1.0,0.38,38.46,10.69,77.0,5.92,3.08,3.92,1.85,1.31,1.0,0.38,38.46,51.95,47.06,0.15,1.54,0.31,0.62,0.54,0.31,57.14,1.38,0.08,5.56,2.38,0.92,38.71,0.38,16.13
1215,1. HNL (HR),170856,Samuli Miettinen,S. Miettinen,2004-06-16,78.07,20.48,21.78,11,11,0,413.0,37.55,30.27,80.63,0.73,0.09,4.3,1.67,282.0,25.64,21.91,85.46,0.27,0.18,66.67,24.18,64.0,5.82,4.45,2.82,2.27,1.0,0.45,0.36,80.0,76.56,80.64,0.0,0.09,0.09,0.09,0.45,0.27,60.0,0.27,0.0,0.0,0.45,0.18,40.0,0.0,0.0
1215,1. HNL (HR),171977,Silvio Ilinković,S. Ilinković,2002-10-05,29.41,7.1,7.76,14,14,0,176.0,12.57,9.21,73.3,0.71,0.07,4.76,1.48,124.0,8.86,6.93,78.23,0.43,0.29,66.67,7.29,32.0,2.29,1.57,0.93,0.5,0.29,0.21,0.07,33.33,68.75,53.85,0.21,0.5,0.07,0.14,0.07,0.0,0.0,0.64,0.07,11.11,1.14,0.36,31.25,0.07,6.25
1215,1. HNL (HR),172655,Gabriel Rukavina,G. Rukavina,2004-01-16,39.07,11.49,8.96,13,12,1,171.0,14.25,9.08,63.74,0.83,0.0,8.68,2.16,136.0,11.33,7.67,67.65,1.75,1.17,66.66,8.17,71.0,5.92,3.5,2.58,0.92,1.33,0.83,0.25,30.0,59.15,35.48,0.08,0.67,0.25,0.75,0.58,0.08,14.29,2.75,0.83,30.3,3.5,0.67,19.05,0.33,9.52
1215,1. HNL (HR),172656,Blaž Bošković,B. Bošković,2001-12-15,78.62,21.35,20.9,32,31,1,891.0,28.74,19.87,69.14,1.87,0.19,4.49,1.34,511.0,16.48,13.16,79.84,1.29,0.68,52.5,11.77,175.0,5.65,3.9,2.39,1.35,0.9,0.42,0.19,46.15,69.14,56.76,0.39,1.39,0.16,0.26,0.23,0.06,28.57,2.23,0.23,10.14,3.87,0.77,20.0,0.45,11.67
1215,1. HNL (HR),173049,Ante Matej Jurič,A. Jurič,2002-11-26,45.83,13.36,10.38,26,25,1,247.0,9.88,4.44,44.94,2.44,0.16,6.03,1.6,137.0,5.48,2.68,48.91,1.48,0.56,37.84,2.08,62.0,2.48,1.12,1.52,0.6,0.68,0.56,0.16,28.57,45.16,39.47,0.48,0.44,0.4,0.36,0.08,0.08,100.0,1.8,0.28,15.56,3.52,0.76,21.59,0.72,20.46
1215,1. HNL (HR),174300,Denis Pintol,D. Pintol,2000-02-07,98.36,23.78,27.66,8,6,2,156.0,26.0,17.67,67.95,0.0,0.0,4.44,3.25,90.0,15.0,10.33,68.89,0.17,0.17,100.0,14.33,31.0,5.17,3.17,3.83,2.33,0.0,0.0,0.0,,61.29,60.87,0.0,0.0,0.0,0.0,0.17,0.0,0.0,0.17,0.0,0.0,0.17,0.17,100.0,0.0,0.0
1215,1. HNL (HR),175176,Ognjen Bakić,O. Bakić,2003-01-06,48.13,11.64,14.33,27,27,0,455.0,16.85,11.37,67.47,1.37,0.07,5.74,1.61,294.0,10.89,7.81,71.77,0.93,0.37,40.0,7.81,112.0,4.15,2.96,2.11,1.26,1.0,0.67,0.3,44.44,71.43,59.65,0.15,0.89,0.11,0.3,0.48,0.3,61.54,1.63,0.33,20.45,2.85,0.37,12.99,0.37,12.99
1215,1. HNL (HR),175469,Marcel Lorber,M. Lorber,2004-04-26,39.41,10.18,12.05,10,10,0,156.0,15.6,10.5,67.31,0.6,0.0,5.32,1.54,99.0,9.9,7.6,76.77,1.5,0.7,46.67,8.3,44.0,4.4,2.8,1.7,0.7,0.8,0.2,0.0,0.0,63.64,41.18,0.0,1.0,0.0,0.4,0.2,0.1,50.0,1.7,0.1,5.88,2.1,0.6,28.57,0.1,4.76
1215,1. HNL (HR),179270,Lovro Banovec,L. Banovec,2001-10-28,81.72,18.61,23.84,31,30,1,735.0,24.5,13.4,54.69,3.2,0.43,6.24,1.63,401.0,13.37,7.9,59.1,2.03,0.87,42.62,8.83,208.0,6.93,4.03,3.33,1.63,1.53,1.23,0.43,35.13,58.17,49.0,0.67,2.23,0.47,0.37,0.33,0.13,40.0,3.0,0.3,10.0,5.67,0.97,17.06,0.7,12.35
1215,1. HNL (HR),183956,Halid Šabanović,H. Šabanović,1999-08-22,,,,1,0,1,,,,,,,,,,,,,,,,,,,,,,,,,,,,,,,,,,,,,,,,,,
1215,1. HNL (HR),187429,Marino  Bulat,M. Bulat,1999-06-26,98.78,21.83,28.53,21,21,0,369.0,17.57,8.81,50.14,0.05,0.0,4.68,3.44,163.0,7.76,4.33,55.83,0.05,0.0,0.0,7.33,77.0,3.67,1.67,2.29,1.14,0.0,0.0,0.0,,45.45,50.0,0.0,0.0,0.0,0.0,0.05,0.0,0.0,0.1,0.05,50.0,0.33,0.05,14.29,0.0,0.0
1215,1. HNL (HR),188249,Matej Marković,M. Marković,1996-07-22,97.58,19.22,33.36,1,1,0,17.0,17.0,8.0,47.06,0.0,0.0,5.1,3.37,11.0,11.0,5.0,45.45,0.0,0.0,,9.0,4.0,4.0,2.0,4.0,2.0,0.0,0.0,0.0,,50.0,50.0,0.0,0.0,0.0,0.0,0.0,0.0,,0.0,0.0,,0.0,0.0,,0.0,
1215,1. HNL (HR),330752,Kristijan Čabrajić,K. Čabrajić,2004-06-12,83.23,17.77,24.43,19,17,2,509.0,29.94,20.53,68.57,2.18,0.12,6.0,1.65,315.0,18.53,13.18,71.11,1.41,0.59,41.67,16.35,138.0,8.12,5.24,5.47,3.24,2.35,1.76,0.76,43.33,64.49,59.14,0.41,2.29,0.18,0.59,1.12,0.53,47.37,2.0,0.06,2.94,3.41,1.12,32.76,0.29,8.62
1215,1. HNL (HR),424568,Allen Aldair Obando Ayoví,A. Obando,2006-06-13,37.84,10.66,8.19,6,6,0,45.0,7.5,3.67,48.89,1.17,0.17,4.65,1.42,21.0,3.5,1.5,42.86,1.33,0.5,37.5,0.83,10.0,1.67,0.67,0.83,0.17,0.17,0.17,0.0,0.0,40.0,20.0,0.5,0.0,0.5,0.17,0.0,0.0,,1.67,0.17,10.0,2.67,0.5,18.75,0.33,12.5
1215,1. HNL (HR),511630,Daniel William Adu-Adjei,D. Adu-Adjei,2005-06-21,63.26,17.49,15.11,27,26,1,238.0,9.15,3.62,39.5,2.62,0.31,5.58,1.48,122.0,4.69,1.73,36.88,1.65,0.5,30.23,1.35,60.0,2.31,0.88,1.65,0.58,0.69,0.69,0.27,38.89,38.33,34.88,0.42,0.38,0.96,0.35,0.04,0.04,100.0,2.0,0.19,9.62,3.35,0.69,20.69,1.12,33.33
1215,1. HNL (HR),514705,Vito Čaić,V. Čaić,2005-04-01,79.8,17.43,22.2,25,23,2,721.0,31.35,23.09,73.65,1.7,0.13,5.38,1.61,434.0,18.87,15.13,80.18,0.39,0.13,33.33,15.78,157.0,6.83,4.65,3.13,2.26,1.3,0.39,0.22,55.56,68.15,72.22,0.22,0.87,0.09,0.13,0.78,0.39,50.0,0.83,0.17,21.05,1.3,0.09,6.67,0.22,16.67
1215,1. HNL (HR),514707,Fran Topić,F. Topić,2004-03-20,47.49,15.26,11.9,17,17,0,315.0,18.53,11.53,62.22,2.35,0.24,6.41,1.88,226.0,13.29,8.71,65.49,2.53,1.47,58.14,9.29,91.0,5.35,3.12,2.65,1.24,0.71,0.47,0.06,12.5,58.24,46.67,0.53,1.47,0.18,1.29,0.65,0.29,45.45,2.94,0.76,26.0,4.88,1.06,21.69,1.0,20.48
1215,1. HNL (HR),514714,Moreno Živković,M. Živković,2004-05-22,99.3,22.03,27.48,14,12,2,392.0,32.67,25.5,78.06,0.5,0.08,5.78,1.64,229.0,19.08,15.67,82.09,0.42,0.08,20.0,17.0,103.0,8.58,6.67,4.17,3.58,2.0,0.42,0.25,60.0,77.67,86.0,0.0,0.5,0.0,0.08,0.58,0.25,42.86,0.67,0.08,12.5,1.33,0.08,6.25,0.0,0.0
1215,1. HNL (HR),514716,Zvonimir Katalinić,Z. Katalinić,2004-04-15,70.04,18.44,19.37,14,13,1,394.0,30.31,23.62,77.92,1.15,0.08,5.19,1.59,266.0,20.46,17.38,84.96,0.23,0.08,33.33,19.62,91.0,7.0,5.38,4.69,3.77,1.77,1.23,0.92,75.0,76.92,80.33,0.08,0.85,0.08,0.15,0.46,0.08,16.67,0.54,0.15,28.57,1.15,0.08,6.67,0.0,0.0
1215,1. HNL (HR),514718,Luka Vrbančić,L. Vrbančić,2005-07-04,60.06,16.41,15.14,17,16,1,560.0,35.0,26.31,75.18,3.0,0.06,4.91,1.53,358.0,22.38,18.19,81.28,1.06,0.62,58.82,18.69,117.0,7.31,5.5,3.94,2.81,1.38,0.81,0.5,61.54,75.21,71.43,1.25,1.38,0.06,0.5,0.69,0.38,54.55,1.81,0.5,27.59,2.75,0.56,20.45,0.19,6.82
1215,1. HNL (HR),518519,Jakov Gurlica,J. Gurlica,2004-01-10,72.03,15.97,20.3,19,17,2,375.0,22.06,15.06,68.27,1.35,0.12,4.05,1.18,212.0,12.47,9.18,73.59,0.71,0.24,33.33,10.06,56.0,3.29,2.29,1.47,0.71,0.82,0.65,0.35,54.55,69.64,48.0,0.35,0.88,0.12,0.18,0.06,0.06,100.0,1.12,0.06,5.26,2.12,0.35,16.67,0.06,2.78
1215,1. HNL (HR),519747,Erik Riđan,E. Riđan,2005-10-24,16.7,4.23,5.32,2,2,0,17.0,8.5,6.0,70.59,0.5,0.0,13.17,2.81,11.0,5.5,4.0,72.73,0.0,0.0,,5.5,7.0,3.5,1.5,3.0,1.0,0.5,0.5,0.0,0.0,42.86,33.33,0.0,0.5,0.0,0.0,0.5,0.0,0.0,0.0,0.0,,0.0,0.0,,0.0,
1215,1. HNL (HR),520575,Domagoj Bukvić,D. Bukvić,2004-02-22,60.53,16.14,15.87,34,33,1,741.0,22.45,14.0,62.35,2.39,0.03,6.84,1.8,500.0,15.15,10.06,66.4,2.12,1.18,55.71,12.33,217.0,6.58,3.58,3.88,1.79,1.39,1.03,0.33,32.35,54.38,46.09,0.39,2.06,0.52,1.15,0.55,0.18,33.33,3.06,0.55,17.82,4.27,0.97,22.69,0.85,19.86
1215,1. HNL (HR),520576,Nail Omerović,N. Omerović,2002-10-20,81.85,21.89,21.54,35,34,1,1325.0,38.97,22.74,58.34,5.06,0.29,7.73,2.07,935.0,27.5,16.65,60.54,5.41,2.53,46.74,18.29,476.0,14.0,7.82,6.74,3.06,2.56,1.82,0.62,33.87,55.88,45.41,1.06,3.47,0.74,1.88,0.97,0.47,48.49,7.44,1.68,22.53,10.82,1.97,18.21,1.71,15.76
1215,1. HNL (HR),520577,Filip Živković,F. Živković,2006-08-01,33.58,10.26,7.36,10,10,0,121.0,12.1,7.2,59.51,2.4,0.1,6.88,1.96,81.0,8.1,4.4,54.32,1.4,0.7,50.0,5.9,37.0,3.7,2.2,1.6,0.5,0.3,0.2,0.0,0.0,59.46,31.25,0.3,1.8,0.1,0.9,0.5,0.1,20.0,2.1,0.3,14.29,3.0,0.8,26.67,0.7,23.33
1215,1. HNL (HR),531037,Mate Antunović,M. Antunović,2004-03-03,21.71,5.11,5.67,8,8,0,42.0,5.25,3.0,57.14,0.75,0.0,8.19,2.16,23.0,2.88,1.62,56.52,1.0,0.38,37.5,0.75,13.0,1.62,0.88,0.62,0.25,0.38,0.12,0.12,100.0,53.85,40.0,0.25,0.25,0.25,0.12,0.0,0.0,,1.38,0.12,9.09,2.0,0.5,25.0,0.25,12.5
1215,1. HNL (HR),544551,Marko Soldo,M. Soldo,2003-11-22,34.74,11.36,8.7,23,23,0,381.0,16.57,13.39,80.84,1.65,0.43,5.22,1.59,266.0,11.57,9.78,84.59,0.87,0.48,55.0,9.0,92.0,4.0,3.09,1.39,1.0,0.52,0.26,0.13,50.0,77.17,71.88,0.61,0.74,0.09,0.35,0.17,0.09,50.0,1.87,0.83,44.19,2.48,0.26,10.53,0.52,21.05
1215,1. HNL (HR),550444,Zvonimir Josić,Z. Josić,2006-08-29,16.49,2.59,6.28,3,2,1,9.0,4.5,2.5,55.56,1.0,0.0,2.14,0.59,2.0,1.0,1.0,100.0,0.0,0.0,,1.0,1.0,0.5,0.0,0.0,0.0,0.0,0.0,0.0,,0.0,,0.0,0.0,0.0,0.0,0.0,0.0,,0.0,0.0,,0.5,0.5,100.0,0.0,0.0
1215,1. HNL (HR),560385,Josip Silić,J. Silić,1999-12-16,97.43,23.25,30.33,4,4,0,80.0,20.0,11.0,55.0,0.25,0.0,5.52,3.23,37.0,9.25,5.0,54.05,0.0,0.0,,8.75,21.0,5.25,3.5,3.25,2.25,0.0,0.0,0.0,,66.67,69.23,0.0,0.0,0.0,0.0,0.25,0.0,0.0,0.0,0.0,,0.0,0.0,,0.0,
1215,1. HNL (HR),567119,Iker Pozo La Rosa,Iker Pozo,2000-08-06,91.88,22.53,26.73,32,31,1,1325.0,42.74,33.35,78.04,2.45,0.55,5.53,1.69,782.0,25.23,20.97,83.12,1.9,1.06,55.93,19.68,299.0,9.65,6.94,5.52,3.58,1.55,1.13,0.68,60.0,71.91,64.91,1.52,2.1,0.1,1.26,0.39,0.32,83.33,2.71,0.39,14.29,4.16,1.03,24.81,0.48,11.63
1215,1. HNL (HR),615245,Filip Krušelj,F. Krušelj,2005-03-30,91.34,23.15,25.34,26,24,2,863.0,35.96,23.88,66.4,2.79,0.29,4.9,1.46,550.0,22.92,15.75,68.73,1.75,0.88,50.0,20.75,182.0,7.58,4.42,4.67,2.67,1.62,0.92,0.46,50.0,58.24,57.14,0.08,2.5,0.08,0.71,0.42,0.21,50.0,2.29,0.21,9.09,3.79,1.08,28.57,0.38,9.89
1215,1. HNL (HR),637186,Matteo Pérez Vinlöf,M. Pérez Vinlof,2005-12-18,69.62,22.17,16.52,25,25,0,1113.0,44.52,33.72,75.74,2.64,0.4,5.56,1.88,839.0,33.56,26.8,79.86,1.24,0.72,58.06,31.4,256.0,10.24,7.48,5.2,3.52,2.08,1.28,0.88,68.75,73.05,67.69,0.08,2.68,0.2,1.56,1.28,0.72,56.25,2.12,0.36,16.98,3.32,1.0,30.12,0.36,10.84
1215,1. HNL (HR),637189,Luka Klanac,L. Klanac,2005-06-16,39.49,9.47,11.43,8,8,0,44.0,5.5,2.38,43.18,1.0,0.0,5.18,1.38,22.0,2.75,0.88,31.82,0.5,0.12,25.0,2.0,11.0,1.38,0.5,0.75,0.25,0.25,0.12,0.12,100.0,36.36,33.33,0.25,0.5,0.25,0.12,0.0,0.0,,0.5,0.12,25.0,1.12,0.38,33.33,0.25,22.22
1215,1. HNL (HR),638329,Filip Mažar,F. Mažar,2005-03-24,80.68,22.04,23.34,14,12,2,404.0,33.67,23.25,69.06,2.33,0.08,7.33,2.06,269.0,22.42,16.25,72.49,1.17,0.5,42.86,18.5,140.0,11.67,8.08,6.0,3.92,1.42,1.0,0.58,58.33,69.29,65.28,1.08,1.92,0.0,0.75,0.92,0.42,45.46,1.75,0.08,4.76,3.42,0.92,26.83,0.58,17.07
1215,1. HNL (HR),639284,Niko Kristian Sigur,N. Sigur,2003-09-09,82.96,25.91,18.53,29,27,2,1252.0,46.37,39.37,84.9,2.56,0.26,5.12,1.83,871.0,32.26,28.67,88.86,1.33,0.74,55.56,28.04,258.0,9.56,8.37,4.52,4.11,1.0,0.48,0.37,76.92,87.6,90.98,0.81,2.59,0.3,0.41,0.63,0.26,41.18,2.3,0.52,22.58,3.33,0.7,21.11,0.26,7.78
1215,1. HNL (HR),642226,Leon Bosnjak,L. Bosnjak,2006-01-23,36.18,9.07,10.46,14,13,1,194.0,14.92,9.92,66.5,1.69,0.23,4.77,1.4,120.0,9.23,6.23,67.5,1.23,0.62,50.0,6.38,40.0,3.08,1.92,1.77,1.08,0.46,0.46,0.15,33.33,62.5,60.87,1.38,1.31,0.08,0.23,0.15,0.08,50.0,1.77,0.23,13.04,2.77,0.62,22.22,0.31,11.11
1215,1. HNL (HR),642786,Jovan Ivanisevic,J. Ivanisevic,2005-01-19,22.81,4.54,5.88,5,5,0,29.0,5.8,4.0,68.96,0.0,0.0,3.92,1.09,12.0,2.4,1.8,75.0,0.0,0.0,,2.4,6.0,1.2,1.0,1.0,0.8,0.2,0.0,0.0,,83.33,80.0,0.0,0.0,0.0,0.0,0.0,0.0,,0.0,0.0,,0.0,0.0,,0.0,
1215,1. HNL (HR),669464,Anton Matković,A. Matković,2006-02-19,64.46,15.21,18.34,17,17,0,228.0,13.41,5.88,43.86,1.88,0.06,6.38,1.65,138.0,8.12,3.71,45.65,1.88,0.65,34.38,4.18,66.0,3.88,1.59,2.94,1.18,1.24,1.18,0.29,25.0,40.91,40.0,0.47,0.71,0.35,0.29,0.12,0.06,50.0,2.59,0.35,13.64,4.82,1.24,25.61,0.65,13.41
1215,1. HNL (HR),669465,Noa Skoko,N. Skoko,2006-01-12,36.63,12.61,8.07,10,9,1,158.0,17.56,12.67,72.15,2.33,0.11,5.8,1.64,93.0,10.33,7.56,73.12,0.89,0.33,37.5,8.44,36.0,4.0,3.11,2.22,1.67,0.89,0.67,0.44,66.67,77.78,75.0,1.0,1.89,0.0,0.22,0.44,0.33,75.0,1.56,0.33,21.43,2.11,0.33,15.79,0.44,21.05
1215,1. HNL (HR),669468,Branko Pavić,B. Pavić,2006-11-07,80.39,22.86,18.3,9,9,0,330.0,36.67,29.78,81.21,2.11,0.22,5.28,1.61,189.0,21.0,18.0,85.71,0.89,0.44,50.0,17.22,69.0,7.67,6.0,3.33,2.56,1.0,0.56,0.33,60.0,78.26,76.67,0.22,1.11,0.0,0.67,0.44,0.11,25.0,1.22,0.22,18.18,2.11,0.0,0.0,0.11,5.26
1215,1. HNL (HR),669471,Marino Skelin,M. Skelin,2006-09-18,74.54,27.42,13.6,4,3,1,184.0,61.33,55.0,89.67,0.33,0.0,5.98,2.12,136.0,45.33,43.33,95.58,0.0,0.0,,44.0,43.0,14.33,13.0,8.33,7.33,1.0,0.0,0.0,,90.7,88.0,0.0,1.0,0.0,0.0,0.33,0.0,0.0,0.33,0.33,100.0,0.33,0.0,0.0,0.0,0.0
1215,1. HNL (HR),669472,Marko Zebić,M. Zebić,2007-01-08,93.57,32.7,25.02,3,3,0,232.0,77.33,70.0,90.52,2.33,0.0,3.89,1.47,179.0,59.67,55.33,92.74,0.67,0.0,0.0,58.0,23.0,7.67,6.67,4.0,3.67,0.67,0.33,0.33,100.0,86.96,91.67,0.0,0.33,0.0,0.0,0.33,0.33,100.0,0.67,0.0,0.0,1.67,0.67,40.0,0.0,0.0
1215,1. HNL (HR),669476,Noa Mikić,N. Mikić,2007-01-27,58.77,17.04,15.49,5,5,0,113.0,22.6,15.6,69.03,1.8,0.2,4.29,1.37,84.0,16.8,11.8,70.24,1.2,0.6,50.0,15.0,20.0,4.0,2.8,2.8,2.0,1.0,0.6,0.2,33.33,70.0,71.43,0.0,2.4,0.8,0.6,0.2,0.0,0.0,1.6,0.2,12.5,2.4,0.8,33.33,0.6,25.0
1215,1. HNL (HR),687641,Žan Trontelj,Ž. Trontelj,2000-01-21,97.42,24.45,27.87,33,33,0,1363.0,41.3,26.52,64.2,3.27,0.39,5.37,1.54,901.0,27.3,18.06,66.15,2.33,1.21,51.95,24.0,323.0,9.79,5.64,6.42,3.42,2.79,2.12,1.03,48.57,57.59,53.3,0.3,2.88,0.52,0.7,0.94,0.48,51.61,3.61,0.58,15.97,6.12,1.39,22.77,0.58,9.41
1215,1. HNL (HR),698157,Salim Fago Lawal,S. Lawal,2003-01-15,82.2,22.33,23.1,17,17,0,411.0,24.18,11.82,48.91,3.24,0.53,8.69,2.13,263.0,15.47,7.82,50.57,2.94,1.12,38.0,10.94,135.0,7.94,3.59,5.47,2.12,2.41,2.18,0.53,24.32,45.19,38.71,0.59,2.18,0.94,1.0,0.71,0.35,50.0,3.65,0.47,12.9,7.0,1.53,21.85,0.88,12.6
1215,1. HNL (HR),705120,Elvir  Duraković,E. Duraković,2000-02-07,50.65,12.8,14.34,16,15,1,269.0,17.93,10.87,60.59,1.4,0.0,6.73,1.91,180.0,12.0,7.87,65.56,1.67,0.87,52.0,10.13,82.0,5.47,3.47,2.2,1.13,1.27,0.8,0.27,33.33,63.42,51.52,0.2,1.4,0.4,0.73,0.2,0.07,33.33,2.4,0.4,16.67,3.4,0.93,27.45,0.33,9.8
1215,1. HNL (HR),713212,Filip Čuić,F. Čuić,2003-02-22,80.43,20.0,22.49,22,21,1,423.0,20.14,10.33,51.3,2.76,0.38,3.41,1.04,253.0,12.05,6.48,53.75,3.62,1.81,50.0,6.05,58.0,2.76,1.33,1.52,0.48,0.71,0.62,0.24,38.46,48.28,31.25,0.81,1.14,0.71,0.48,0.14,0.1,66.67,4.43,0.48,10.75,6.48,0.43,6.62,1.0,15.44
1215,1. HNL (HR),714770,Michael Agbekpornu,M. Agbekpornu,1998-08-31,73.32,18.43,18.38,17,17,0,563.0,33.12,26.76,80.82,1.0,0.06,4.63,1.59,349.0,20.53,18.06,87.96,0.41,0.18,42.86,17.18,102.0,6.0,5.06,1.65,1.47,0.71,0.18,0.18,100.0,84.31,89.29,1.06,0.47,0.0,0.12,0.47,0.24,50.0,0.88,0.24,26.67,2.0,0.12,5.88,0.18,8.82
1215,1. HNL (HR),714771,Adriano Jagušić,A. Jagušić,2005-09-06,94.51,23.72,23.99,20,20,0,905.0,45.25,30.25,66.85,5.25,0.8,8.29,2.19,583.0,29.15,20.25,69.47,3.5,1.9,54.29,22.45,330.0,16.5,10.55,7.2,4.05,3.1,1.75,0.75,42.86,63.94,56.25,1.3,2.65,0.25,1.65,0.85,0.5,58.82,5.0,1.0,20.0,7.35,1.05,14.28,0.8,10.88
1215,1. HNL (HR),715782,Ivan Canjuga,I. Canjuga,2005-11-30,47.82,10.85,13.67,21,21,0,331.0,15.76,9.9,62.84,1.52,0.14,6.48,1.84,191.0,9.1,6.38,70.16,1.1,0.33,30.44,6.43,84.0,4.0,2.38,2.29,1.14,0.57,0.33,0.05,14.29,59.52,50.0,0.52,1.62,0.19,0.19,0.24,0.14,60.0,1.38,0.1,6.9,2.52,0.33,13.21,0.29,11.32
1215,1. HNL (HR),715783,Moris Valinčić,M. Valinčić,2002-11-17,76.82,24.53,18.25,27,27,0,1099.0,40.7,30.63,75.25,2.78,0.41,5.61,1.82,810.0,30.0,23.93,79.75,1.63,0.78,47.73,27.3,243.0,9.0,6.3,4.59,2.89,1.85,1.3,0.78,60.0,69.96,62.9,0.07,2.19,0.26,0.81,0.93,0.44,48.0,2.33,0.56,23.81,3.63,1.33,36.73,0.19,5.1
1215,1. HNL (HR),716284,Aleksa Latković,A. Latković,2000-10-30,74.2,18.43,22.57,34,34,0,827.0,24.32,15.0,61.67,4.15,0.44,6.85,1.75,518.0,15.24,9.35,61.39,4.21,2.15,51.05,7.91,235.0,6.91,4.0,3.94,1.85,1.91,1.47,0.5,34.0,57.87,47.02,1.32,2.12,0.91,0.74,0.29,0.15,50.0,5.38,0.85,15.85,7.91,1.68,21.19,1.68,21.19
1215,1. HNL (HR),720294,Stipe Jurić,S. Jurić,1998-11-19,34.14,8.27,8.9,6,6,0,46.0,7.67,4.67,60.87,0.83,0.17,4.39,1.22,29.0,4.83,3.0,62.07,1.5,0.83,55.56,1.0,8.0,1.33,1.0,0.33,0.0,0.17,0.17,0.0,0.0,75.0,0.0,0.0,1.0,0.0,0.0,0.17,0.0,0.0,2.17,0.5,23.08,2.83,0.17,5.88,0.33,11.76
1215,1. HNL (HR),721817,Antonio Boršić,A. Boršić,1995-09-19,82.57,20.23,25.4,29,29,0,1077.0,37.14,27.03,72.8,1.9,0.17,4.26,1.41,731.0,25.21,19.59,77.7,1.41,0.72,51.22,23.14,177.0,6.1,4.38,2.9,1.86,1.14,0.66,0.38,57.9,71.75,64.29,0.07,1.41,0.17,0.21,0.38,0.17,45.45,2.07,0.24,11.67,3.1,0.83,26.67,0.34,11.11
1215,1. HNL (HR),730245,Ante Kavelj,A. Kavelj,2005-08-26,93.03,22.86,27.25,36,35,1,945.0,27.0,19.14,70.9,1.91,0.17,3.37,1.04,498.0,14.23,10.8,75.9,1.14,0.43,37.5,10.71,121.0,3.46,2.31,1.91,1.26,0.89,0.63,0.26,40.91,66.94,65.67,0.17,1.06,0.14,0.11,0.11,0.03,25.0,1.6,0.06,3.57,2.63,0.71,27.17,0.31,11.96
1215,1. HNL (HR),731084,Ricardo Henning,R. Henning,2000-09-22,97.42,23.61,29.66,7,7,0,343.0,49.0,41.71,85.13,0.86,0.0,4.74,1.7,227.0,32.43,29.57,91.19,0.57,0.14,25.0,31.14,64.0,9.14,7.14,5.14,4.0,1.43,0.29,0.0,0.0,78.13,77.78,0.0,0.14,0.0,0.0,0.29,0.0,0.0,0.86,0.14,16.67,1.14,0.29,25.0,0.0,0.0
1215,1. HNL (HR),731272,Iker Almena Horcajo,Iker Almena,2004-05-04,78.63,22.89,17.74,21,21,0,667.0,31.76,22.24,70.01,4.43,0.52,7.25,2.08,497.0,23.67,17.0,71.83,2.81,1.62,57.63,18.71,222.0,10.57,6.9,5.76,3.71,1.43,1.14,0.67,58.33,65.32,64.46,1.1,1.81,0.29,1.76,1.1,0.57,52.17,4.1,0.76,18.6,6.86,1.14,16.67,1.24,18.06
1215,1. HNL (HR),741996,Aleksa Todorović,A. Todorović,2004-01-25,96.63,27.01,23.62,3,3,0,80.0,26.67,16.33,61.25,0.33,0.0,4.99,3.23,47.0,15.67,10.0,63.83,0.0,0.0,,15.33,16.0,5.33,3.67,1.33,1.0,0.33,0.0,0.0,,68.75,75.0,0.0,0.0,0.0,0.0,0.0,0.0,,0.33,0.33,100.0,0.33,0.0,0.0,0.0,0.0
1215,1. HNL (HR),749342,Luka Ćurković,L. Ćurković,2005-08-26,4.46,0.85,1.39,2,1,1,1.0,1.0,1.0,100.0,0.0,0.0,1.84,1.8,1.0,1.0,1.0,100.0,0.0,0.0,,1.0,0.0,0.0,0.0,0.0,0.0,0.0,0.0,0.0,,,,0.0,0.0,0.0,0.0,0.0,0.0,,0.0,0.0,,0.0,0.0,,0.0,
1215,1. HNL (HR),760673,Teo Barisic,T. Barisic,2004-09-30,60.39,16.96,13.91,6,6,0,220.0,36.67,31.0,84.54,1.33,0.17,7.46,2.25,157.0,26.17,23.0,87.9,0.67,0.5,75.0,24.67,67.0,11.17,9.0,7.33,6.33,2.0,1.17,0.67,57.14,80.59,86.36,0.0,1.0,0.0,0.33,0.67,0.33,50.0,0.67,0.0,0.0,0.83,0.17,20.0,0.0,0.0
1215,1. HNL (HR),799146,Fran Peček,F. Peček,2007-03-08,29.48,4.83,8.68,1,1,0,6.0,6.0,3.0,50.0,1.0,0.0,13.49,2.53,2.0,2.0,2.0,100.0,0.0,0.0,,1.0,2.0,2.0,1.0,2.0,1.0,1.0,1.0,1.0,100.0,50.0,50.0,0.0,0.0,0.0,0.0,0.0,0.0,,0.0,0.0,,0.0,0.0,,0.0,
1215,1. HNL (HR),799314,Gustavo Hidalgo Albarracín,G. Albarracín,2006-04-28,23.76,6.25,5.29,4,4,0,44.0,11.0,6.5,59.09,0.75,0.0,5.38,1.68,30.0,7.5,4.25,56.67,1.25,0.25,20.0,6.0,9.0,2.25,1.25,1.5,0.75,0.25,0.25,0.0,0.0,55.56,50.0,0.5,0.75,0.25,0.5,0.25,0.0,0.0,1.25,0.0,0.0,1.5,0.75,50.0,0.0,0.0
1215,1. HNL (HR),801770,Luka Savatović,L. Savatović,2004-07-06,93.81,26.31,28.74,3,3,0,84.0,28.0,16.67,59.52,0.33,0.0,3.85,2.41,46.0,15.33,12.67,82.61,0.0,0.0,,15.0,12.0,4.0,1.67,1.67,1.0,0.0,0.0,0.0,,41.67,60.0,0.0,0.0,0.0,0.0,0.0,0.0,,0.33,0.0,0.0,0.33,0.33,100.0,0.0,0.0
1215,1. HNL (HR),808538,Samuel Akere,S. Akere,2004-02-16,60.97,14.66,16.85,18,17,1,312.0,18.35,10.0,54.49,2.65,0.18,8.07,2.09,191.0,11.24,6.29,56.02,1.47,0.71,48.0,8.12,107.0,6.29,3.12,3.53,1.35,1.24,1.0,0.18,17.65,49.53,38.33,0.53,0.76,0.47,0.76,0.41,0.18,42.86,2.12,0.35,16.67,3.76,1.12,29.69,0.41,10.94
1215,1. HNL (HR),809056,Anes Huskić ,A. Huskić,2007-03-05,20.05,5.26,3.86,3,3,0,30.0,10.0,5.67,56.67,2.0,0.33,8.38,2.13,22.0,7.33,3.67,50.0,1.0,0.67,66.67,6.0,8.0,2.67,1.33,1.33,0.33,0.67,0.0,0.0,,50.0,25.0,0.0,1.33,0.0,1.33,0.67,0.0,0.0,1.67,0.33,20.0,2.67,0.33,12.5,0.67,25.0
1215,1. HNL (HR),809259,Lovro Kitin,L. Kitin,2007-02-03,20.04,5.08,4.12,3,3,0,22.0,7.33,5.0,68.18,0.67,0.0,2.08,1.13,14.0,4.67,4.0,85.71,0.0,0.0,,4.33,1.0,0.33,0.0,0.33,0.0,0.0,0.0,0.0,,0.0,0.0,0.0,0.33,0.0,0.0,0.0,0.0,,0.0,0.0,,0.0,0.0,,0.0,
1215,1. HNL (HR),809785,Ante Šuto,A. Šuto,2000-06-19,74.34,18.68,18.74,18,18,0,318.0,17.67,9.83,55.66,2.61,0.61,7.36,1.85,190.0,10.56,6.06,57.37,2.28,1.17,51.22,6.17,101.0,5.61,2.89,3.22,1.28,1.61,1.28,0.39,30.43,51.49,39.65,0.5,1.78,0.67,1.06,0.28,0.0,0.0,2.89,0.39,13.46,5.39,1.28,23.71,1.0,18.56
1215,1. HNL (HR),809852,Dukan Ahmeti,D. Ahmeti,2007-10-26,48.29,12.59,12.26,13,13,0,222.0,17.08,11.23,65.77,1.62,0.08,5.92,1.73,154.0,11.85,7.69,64.94,1.85,0.85,45.83,8.08,47.0,3.62,2.23,2.15,1.15,0.77,0.54,0.23,42.86,61.7,53.57,0.54,2.15,0.23,0.38,0.15,0.15,100.0,2.92,0.38,13.16,5.31,1.0,18.84,0.62,11.59
1215,1. HNL (HR),810385,Sven Lesjak,S. Lesjak,2006-08-23,72.18,15.92,23.42,11,11,0,323.0,29.36,21.82,74.3,0.36,0.09,4.5,1.53,183.0,16.64,14.64,87.98,0.0,0.0,,15.55,62.0,5.64,4.45,3.73,3.09,0.27,0.0,0.0,,79.03,82.93,0.0,0.0,0.0,0.0,0.27,0.18,66.67,0.0,0.0,,0.18,0.09,50.0,0.0,0.0
1215,1. HNL (HR),810936,Cardoso Pinto Mandume Varela,Cardoso Varela,2008-10-29,25.07,7.45,5.21,14,14,0,137.0,9.79,5.29,54.01,1.29,0.07,9.62,2.48,110.0,7.86,4.29,54.55,0.79,0.36,45.45,6.64,54.0,3.86,1.64,3.0,1.14,1.0,0.93,0.29,30.77,42.59,38.1,0.07,0.86,0.14,0.64,0.93,0.36,38.46,1.07,0.14,13.33,2.07,0.64,31.03,0.43,20.69
1215,1. HNL (HR),813390,Raí de Oliveira Alves,Raí,2004-04-26,13.61,3.97,3.85,3,3,0,20.0,6.67,5.0,75.0,1.33,0.0,8.02,2.65,14.0,4.67,3.67,78.57,0.0,0.0,,4.33,5.0,1.67,1.0,1.33,0.67,0.0,0.0,0.0,,60.0,50.0,0.0,0.33,0.33,0.0,0.0,0.0,,0.67,0.33,50.0,0.67,0.0,0.0,0.33,50.0
1215,1. HNL (HR),816840,Šimun Butić,Š. Butić,2006-04-07,61.13,14.11,17.33,22,21,1,251.0,11.95,5.33,44.62,2.0,0.29,9.24,2.24,158.0,7.52,3.43,45.57,1.57,0.52,33.33,5.67,100.0,4.76,2.14,2.81,1.14,1.29,0.81,0.29,35.29,45.0,40.68,0.19,0.9,0.38,0.24,0.38,0.1,25.0,2.05,0.33,16.28,3.29,0.81,24.64,0.57,17.39
1215,1. HNL (HR),818351,Luka Vrzić,L. Vrzić,2007-01-05,44.86,11.46,12.61,29,28,1,480.0,17.14,10.79,62.92,1.82,0.11,5.52,1.69,345.0,12.32,8.14,66.09,1.5,0.96,64.29,9.36,114.0,4.07,2.29,2.29,1.25,0.64,0.46,0.14,30.77,56.14,54.69,0.07,0.64,0.18,0.54,0.5,0.14,28.57,1.96,0.39,20.0,3.71,0.64,17.31,0.36,9.62
1215,1. HNL (HR),818668,Raul Kumar,R. Kumar,2008-02-06,88.53,24.02,23.66,21,21,0,994.0,47.33,39.43,83.3,1.19,0.24,4.13,1.65,680.0,32.38,29.33,90.59,0.38,0.14,37.5,30.0,172.0,8.19,6.81,4.81,4.0,0.67,0.14,0.1,66.67,83.14,83.17,0.0,0.38,0.05,0.05,0.52,0.29,54.54,0.86,0.1,11.11,1.38,0.38,27.59,0.14,10.34
1215,1. HNL (HR),819516,Bruno Durdov,B. Durdov,2007-12-11,32.85,9.43,6.44,16,14,2,165.0,11.79,6.0,50.91,2.07,0.14,6.29,1.84,108.0,7.71,3.86,50.0,0.64,0.29,44.44,6.29,57.0,4.07,1.71,2.14,0.71,0.5,0.21,0.0,0.0,42.11,33.33,0.07,0.14,0.14,0.29,0.36,0.0,0.0,1.21,0.14,11.76,1.93,0.29,14.81,0.36,18.52
1215,1. HNL (HR),822717,Ivano Kolarik,I. Kolarik,2007-05-20,53.77,13.87,15.23,8,7,1,194.0,27.71,22.57,81.44,0.57,0.0,5.83,1.69,142.0,20.29,17.71,87.32,0.14,0.0,0.0,19.0,37.0,5.29,4.29,2.57,2.14,1.14,0.57,0.57,100.0,81.08,83.33,0.0,0.57,0.0,0.29,0.71,0.57,80.0,0.43,0.0,0.0,1.0,0.29,28.57,0.0,0.0
1215,1. HNL (HR),823136,Luka Hodak,L. Hodak,2006-06-10,66.35,18.17,14.64,16,16,0,457.0,28.56,22.5,78.77,1.25,0.12,5.28,1.74,334.0,20.88,17.62,84.43,1.44,0.75,52.17,19.12,102.0,6.38,4.62,2.12,1.5,0.81,0.31,0.25,80.0,72.55,70.59,0.25,1.62,0.12,0.19,0.5,0.25,50.0,2.44,0.44,17.95,3.0,0.5,16.67,0.25,8.33
1215,1. HNL (HR),826987,Matej Grahovac,M. Grahovac,2008-03-26,,,,1,0,1,,,,,,,,,,,,,,,,,,,,,,,,,,,,,,,,,,,,,,,,,,
1215,1. HNL (HR),839410,Karlo Išasegi,K. Išasegi,2000-08-24,38.31,10.07,9.86,15,14,1,211.0,15.07,9.86,65.4,1.43,0.07,6.9,1.84,133.0,9.5,6.57,69.17,0.86,0.36,41.67,7.79,69.0,4.93,3.14,2.29,1.21,1.71,1.0,0.5,50.0,63.77,53.12,0.14,0.64,0.29,0.29,0.36,0.14,40.0,1.0,0.14,14.29,1.93,0.71,37.04,0.36,18.52
1215,1. HNL (HR),847732,Niko Farkaš,N. Farkaš,2006-11-29,33.11,7.91,9.95,7,6,1,67.0,11.17,5.5,49.25,0.33,0.17,5.69,1.55,42.0,7.0,3.83,54.76,0.67,0.17,25.0,4.33,16.0,2.67,1.5,1.5,0.83,0.33,0.0,0.0,,56.25,55.56,0.17,1.0,0.0,0.0,0.33,0.17,50.0,1.0,0.17,16.67,1.83,0.0,0.0,0.0,0.0
1215,1. HNL (HR),848825,Vane Jovanov,V. Jovanov,1998-12-28,72.4,16.76,22.5,11,11,0,278.0,25.27,14.73,58.27,1.36,0.0,5.17,1.35,193.0,17.55,10.73,61.14,1.09,0.45,41.67,15.55,57.0,5.18,2.73,3.0,2.0,2.45,1.91,1.18,61.91,52.63,66.67,0.09,1.0,0.45,0.18,0.36,0.09,25.0,1.36,0.18,13.33,3.09,1.0,32.35,0.45,14.71
1215,1. HNL (HR),849620,Lovre Kulušić,L. Kulušić,2006-11-15,53.03,12.04,14.29,7,6,1,46.0,7.67,3.5,45.65,0.83,0.0,3.91,0.88,20.0,3.33,1.33,40.0,0.83,0.33,40.0,1.17,7.0,1.17,0.17,0.67,0.0,0.5,0.33,0.0,0.0,14.29,0.0,0.5,0.5,0.0,0.17,0.0,0.0,,1.17,0.0,0.0,1.83,0.33,18.18,0.17,9.09
1215,1. HNL (HR),849623,Mirko Sušak,M. Sušak,2004-06-15,42.32,12.03,10.58,24,23,1,198.0,8.61,5.04,58.59,1.22,0.13,5.56,1.55,120.0,5.22,3.26,62.5,1.13,0.52,46.15,3.04,50.0,2.17,1.52,0.57,0.3,0.3,0.09,0.0,0.0,70.0,53.85,0.04,1.0,0.22,0.04,0.09,0.0,0.0,1.61,0.43,27.03,2.26,0.13,5.77,0.26,11.54
1215,1. HNL (HR),850939,Ivan Barić,I. Barić,2007-01-10,27.77,7.64,6.87,10,9,1,50.0,5.56,3.78,68.0,0.33,0.0,4.21,1.27,30.0,3.33,2.56,76.67,0.78,0.44,57.14,2.11,7.0,0.78,0.56,0.33,0.22,0.0,0.0,0.0,,71.43,66.67,0.22,0.33,0.11,0.11,0.0,0.0,,1.22,0.11,9.09,1.56,0.11,7.14,0.22,14.29
1215,1. HNL (HR),852577,Rene Hrvatin,R. Hrvatin,2006-12-08,56.75,16.38,14.96,5,5,0,107.0,21.4,12.6,58.88,1.8,0.2,6.08,1.72,75.0,15.0,9.4,62.67,3.8,1.2,31.58,13.4,33.0,6.6,4.0,3.8,2.2,1.8,1.4,0.6,42.86,60.6,57.9,0.0,3.0,0.6,0.6,0.0,0.0,,4.0,0.4,10.0,5.6,1.6,28.57,0.6,10.71
1215,1. HNL (HR),855806,Igor Lepinjica,I. Lepinjica,1999-07-09,44.5,11.55,12.17,27,26,1,320.0,12.31,6.92,56.25,1.5,0.15,5.75,1.55,191.0,7.35,4.54,61.78,1.27,0.77,60.6,4.58,74.0,2.85,1.69,1.35,0.69,0.46,0.38,0.27,70.0,59.46,51.43,1.04,1.15,0.15,0.54,0.04,0.04,100.0,2.12,0.19,9.09,3.27,0.31,9.41,0.54,16.47
1215,1. HNL (HR),857055,Mody Boune,M. Boune,2002-03-08,39.63,11.08,10.29,7,7,0,113.0,16.14,8.71,53.98,1.14,0.29,7.18,2.14,82.0,11.71,6.0,51.22,1.0,0.14,14.28,10.0,37.0,5.29,2.71,4.0,1.71,1.0,0.71,0.43,60.0,51.35,42.86,0.0,1.71,0.14,0.29,1.29,0.14,11.11,1.29,0.14,11.11,2.29,0.57,25.0,0.0,0.0
1215,1. HNL (HR),866695,Israel Isaac Ayuma,I. Ayuma,2005-08-08,52.82,14.71,14.04,16,16,0,320.0,20.0,15.62,78.13,1.19,0.12,3.78,1.39,218.0,13.62,11.19,82.11,0.62,0.25,40.0,10.38,42.0,2.62,2.12,0.94,0.81,0.06,0.06,0.0,0.0,80.95,86.67,0.44,0.81,0.12,0.12,0.06,0.0,0.0,1.19,0.25,21.05,1.94,0.19,9.68,0.31,16.13
1215,1. HNL (HR),866696,Luka Mamić,L. Mamić,2002-08-02,73.29,17.78,22.29,29,29,0,760.0,26.21,16.1,61.45,4.1,0.38,5.88,1.51,491.0,16.93,10.79,63.75,2.52,1.0,39.73,11.83,182.0,6.28,3.83,3.55,2.0,1.59,1.24,0.59,47.22,60.99,56.31,1.31,2.28,0.48,1.03,0.17,0.14,80.0,3.79,0.79,20.91,5.97,1.17,19.65,1.24,20.81
1215,1. HNL (HR),867628,Filip Taraba,F. Taraba,2006-06-29,51.94,13.57,13.95,22,22,0,629.0,28.59,22.41,78.38,0.45,0.0,4.71,1.68,441.0,20.05,16.73,83.45,0.5,0.09,18.18,18.68,116.0,5.27,4.23,3.0,2.5,0.45,0.27,0.14,50.0,80.17,83.33,0.05,0.5,0.0,0.0,0.45,0.32,70.0,0.82,0.09,11.11,1.5,0.36,24.24,0.0,0.0
1215,1. HNL (HR),879568,Luka Posinković,L. Posinković,2003-07-11,59.09,12.29,18.85,5,5,0,77.0,15.4,8.6,55.85,1.0,0.2,4.94,1.49,49.0,9.8,5.8,59.18,0.8,0.4,50.0,9.0,15.0,3.0,1.4,2.2,1.0,0.6,0.4,0.2,50.0,46.67,45.45,0.0,0.6,0.4,0.2,0.4,0.0,0.0,0.8,0.0,0.0,1.2,0.6,50.0,0.0,0.0
1215,1. HNL (HR),880786,Hadji Isaa Moustapha,H. Moustapha,2003-12-04,93.03,19.98,28.84,2,2,0,63.0,31.5,25.5,80.95,0.0,0.0,4.09,1.54,48.0,24.0,21.0,87.5,1.5,1.0,66.67,22.5,13.0,6.5,4.0,3.5,2.0,0.0,0.0,0.0,,61.54,57.14,0.0,0.5,0.0,0.0,1.5,0.0,0.0,1.5,0.5,33.33,1.5,0.5,33.33,0.0,0.0
1215,1. HNL (HR),894700,Sule Wisdom Aondowase,S. Aondowase,2003-12-21,40.58,9.74,12.8,13,13,0,93.0,7.15,3.46,48.39,1.08,0.08,4.43,1.32,51.0,3.92,2.08,52.94,1.54,0.92,60.0,1.15,17.0,1.31,0.46,0.85,0.08,0.46,0.46,0.0,0.0,35.29,9.09,0.38,0.31,0.15,0.31,0.0,0.0,,1.85,0.23,12.5,2.92,0.54,18.42,0.62,21.05
1215,1. HNL (HR),901773,Vinko Rozic,V. Rozic,2003-08-01,61.72,17.1,16.68,27,27,0,565.0,20.93,12.48,59.65,2.52,0.3,7.12,1.96,398.0,14.74,9.33,63.32,2.56,1.15,44.93,10.11,169.0,6.26,3.3,3.41,1.33,1.7,1.37,0.59,43.24,52.66,39.13,0.67,1.67,0.7,0.74,0.26,0.0,0.0,3.19,0.44,13.95,5.22,1.04,19.86,0.85,16.31
1215,1. HNL (HR),902316,Theo Epailly,T. Epailly,1999-02-10,33.46,8.11,9.88,14,14,0,141.0,10.07,4.57,45.39,0.93,0.07,8.76,2.15,96.0,6.86,3.64,53.12,1.79,0.86,48.0,4.79,48.0,3.43,1.36,2.21,0.64,0.86,0.86,0.29,33.33,39.58,29.03,0.36,0.5,0.14,1.0,0.14,0.0,0.0,2.43,0.14,5.88,3.14,0.57,18.18,0.36,11.36
1215,1. HNL (HR),920773,Medin Gashi,M. Gashi,2006-02-01,17.09,5.48,2.91,15,14,1,56.0,4.0,1.86,46.43,0.71,0.07,3.72,1.04,38.0,2.71,1.21,44.74,0.86,0.21,25.0,1.21,6.0,0.43,0.21,0.21,0.07,0.21,0.14,0.07,50.0,50.0,33.33,0.07,0.71,0.36,0.0,0.0,0.0,,1.0,0.21,21.43,1.36,0.14,10.53,0.21,15.79
1215,1. HNL (HR),925321,Niko Šepić,N. Šepić,2006-02-06,52.75,15.49,12.92,13,13,0,313.0,24.08,16.38,68.05,1.31,0.0,5.41,1.63,201.0,15.46,11.54,74.63,1.0,0.38,38.46,13.85,77.0,5.92,4.0,3.08,2.08,1.0,0.54,0.15,28.57,67.53,67.5,0.0,0.85,0.23,0.15,0.0,0.0,,1.54,0.08,5.0,2.62,0.77,29.41,0.15,5.88
1215,1. HNL (HR),925325,Josip Brundić,J. Brundić,2007-05-05,21.86,6.48,5.72,1,1,0,12.0,12.0,8.0,66.67,2.0,1.0,4.66,1.3,9.0,9.0,6.0,66.67,1.0,0.0,0.0,9.0,2.0,2.0,1.0,2.0,1.0,1.0,1.0,0.0,0.0,50.0,50.0,1.0,2.0,0.0,1.0,0.0,0.0,,2.0,0.0,0.0,2.0,1.0,50.0,0.0,0.0
1215,1. HNL (HR),933118,Franjo Posavac,F. Posavac,2002-08-30,51.59,10.75,15.73,3,3,0,28.0,9.33,6.0,64.29,0.33,0.0,3.86,1.32,18.0,6.0,3.33,55.56,0.33,0.33,100.0,6.33,5.0,1.67,1.33,0.67,0.33,0.33,0.33,0.0,0.0,80.0,50.0,0.0,0.33,0.0,0.33,0.0,0.0,,0.67,0.0,0.0,0.67,0.0,0.0,0.0,0.0
1215,1. HNL (HR),946277,Sven Šunta,S. Šunta,2007-05-07,17.08,5.74,4.57,6,6,0,62.0,10.33,8.33,80.64,0.67,0.17,4.76,1.51,43.0,7.17,6.17,86.04,0.33,0.0,0.0,6.17,12.0,2.0,1.5,1.17,0.83,0.33,0.17,0.0,0.0,75.0,71.43,0.17,1.67,0.0,0.17,0.0,0.0,,0.67,0.0,0.0,0.83,0.0,0.0,0.33,40.0
1215,1. HNL (HR),950279,Ibrahim Mohammad Abdallah Sabra,I. Sabra,2006-02-01,59.33,15.94,15.64,13,12,1,126.0,10.5,4.58,43.65,2.33,0.25,8.05,1.87,81.0,6.75,3.0,44.44,2.08,0.58,28.0,3.42,40.0,3.33,1.75,2.33,1.08,1.25,1.0,0.25,25.0,52.5,46.43,0.67,1.42,0.42,0.42,0.08,0.08,100.0,2.33,0.5,21.43,4.08,1.17,28.57,0.83,20.41
1215,1. HNL (HR),956498,Alejandro Fidel Jay Agustín,A. Jay,2002-07-07,38.54,10.28,12.41,10,10,0,152.0,15.2,9.0,59.21,0.8,0.0,7.0,2.06,94.0,9.4,6.1,64.89,0.6,0.2,33.33,7.9,43.0,4.3,2.0,2.0,0.8,1.1,1.0,0.3,30.0,46.51,40.0,0.2,0.9,0.1,0.8,0.7,0.4,57.14,1.2,0.2,16.67,2.2,0.8,36.36,0.2,9.09
1215,1. HNL (HR),968381,Marko Aščić,M. Aščić,2007-04-14,17.92,4.88,3.61,5,5,0,15.0,3.0,1.6,53.33,0.6,0.0,5.29,1.49,11.0,2.2,1.4,63.64,0.8,0.4,50.0,0.4,4.0,0.8,0.4,0.4,0.0,0.0,0.0,0.0,,50.0,0.0,0.2,0.2,0.0,0.0,0.0,0.0,,0.8,0.0,0.0,1.2,0.2,16.67,0.4,33.34
1215,1. HNL (HR),969663,Marko Petrović,M .Petrović,2006-04-06,76.56,20.56,21.09,3,3,0,90.0,30.0,22.0,73.34,2.33,0.0,2.78,1.16,64.0,21.33,15.0,70.31,1.67,1.0,60.0,19.0,6.0,2.0,1.67,2.0,1.67,0.0,0.0,0.0,,83.33,83.33,0.0,0.33,0.0,0.0,0.0,0.0,,1.67,0.0,0.0,2.33,0.33,14.29,0.33,14.29
1215,1. HNL (HR),970273,Matija Subotić,M. Subotić,2007-12-18,68.78,18.59,18.29,31,30,1,934.0,31.13,26.6,85.44,0.83,0.23,5.31,1.85,657.0,21.9,19.67,89.8,0.67,0.37,55.0,17.93,222.0,7.4,6.57,2.5,2.2,0.27,0.07,0.07,100.0,88.74,88.0,0.73,0.87,0.07,0.1,0.4,0.33,83.33,1.4,0.4,28.57,2.2,0.47,21.21,0.1,4.55
1215,1. HNL (HR),970280,Noa Godec,N. Godec,2007-05-18,51.31,13.03,13.66,4,4,0,55.0,13.75,6.5,47.27,0.0,0.0,3.35,1.06,31.0,7.75,4.25,54.84,0.25,0.25,100.0,7.5,10.0,2.5,0.5,1.25,0.0,0.5,0.0,0.0,,20.0,0.0,0.0,0.5,0.5,0.0,0.25,0.0,0.0,0.25,0.0,0.0,0.75,0.0,0.0,0.5,66.67
1215,1. HNL (HR),972684,Dominik Thaqi,D. Thaqi,2007-02-02,54.26,16.69,13.65,6,6,0,124.0,20.67,10.17,49.19,2.67,0.0,6.67,1.91,95.0,15.83,8.17,51.58,2.33,0.83,35.71,12.0,39.0,6.5,2.33,3.67,1.33,1.5,1.17,0.33,28.57,35.9,36.36,0.33,0.33,0.33,1.5,0.83,0.0,0.0,2.67,0.33,12.5,4.83,1.33,27.59,0.5,10.34
1215,1. HNL (HR),976886,Paul Bismarck Tabinas,P. Tabinas,2002-07-05,66.23,16.61,19.59,11,11,0,268.0,24.36,16.45,67.54,1.82,0.27,6.42,1.8,171.0,15.55,11.36,73.1,1.09,0.27,25.0,14.09,66.0,6.0,3.73,3.55,1.91,1.18,1.09,0.55,50.0,62.12,53.85,0.0,1.55,0.36,0.64,0.27,0.18,66.67,1.82,0.55,30.0,2.73,0.55,20.0,0.27,10.0
1215,1. HNL (HR),988860,Pavle Smiljanić,P. Smiljanić,2008-05-08,43.98,12.1,12.65,6,6,0,87.0,14.5,10.17,70.12,0.83,0.0,3.92,1.3,54.0,9.0,7.0,77.78,0.17,0.0,0.0,6.67,15.0,2.5,1.67,1.33,0.83,0.0,0.0,0.0,,66.67,62.5,1.0,0.33,0.17,0.33,0.0,0.0,,1.0,0.5,50.0,2.0,0.33,16.66,0.17,8.33
1215,1. HNL (HR),988867,David Kalem,D. Kalem,2008-08-07,,,,1,0,1,,,,,,,,,,,,,,,,,,,,,,,,,,,,,,,,,,,,,,,,,,
1215,1. HNL (HR),988870,Petar Zvonimir Kostelac,P. Kostelac,2008-03-17,16.65,3.79,5.84,2,2,0,7.0,3.5,1.5,42.86,0.0,0.0,5.36,1.3,3.0,1.5,1.0,66.67,0.0,0.0,,2.5,2.0,1.0,1.0,1.0,1.0,0.5,0.5,0.5,100.0,100.0,100.0,0.0,0.5,0.0,0.0,0.0,0.0,,0.0,0.0,,0.0,0.0,,0.0,
1215,1. HNL (HR),998053,Illya Kutia,I. Kutia,2008-03-07,16.32,2.88,2.97,1,1,0,3.0,3.0,2.0,66.67,0.0,0.0,3.88,1.73,3.0,3.0,2.0,66.67,0.0,0.0,,3.0,0.0,0.0,0.0,0.0,0.0,0.0,0.0,0.0,,,,0.0,0.0,0.0,0.0,0.0,0.0,,0.0,0.0,,0.0,0.0,,0.0,
1215,1. HNL (HR),998306,Branimir Mlačić,B. Mlačić,2007-03-12,96.23,27.35,20.38,15,14,1,694.0,49.57,43.07,86.89,1.5,0.14,6.0,2.09,493.0,35.21,32.29,91.68,0.36,0.0,0.0,33.21,187.0,13.36,11.14,8.93,7.71,0.93,0.36,0.29,80.0,83.42,86.4,0.0,0.43,0.07,0.0,0.93,0.36,38.46,0.57,0.14,25.0,1.0,0.07,7.14,0.14,14.29
1215,1. HNL (HR),998393,Miloš Jovičić,M. Jovičić,2006-01-23,40.64,9.49,12.71,12,11,1,156.0,14.18,7.36,51.92,1.27,0.09,7.16,1.81,94.0,8.55,5.09,59.57,1.09,0.45,41.67,7.45,54.0,4.91,2.55,2.82,1.27,1.18,1.0,0.45,45.45,51.85,45.16,0.09,1.09,0.18,0.18,0.64,0.45,71.43,1.27,0.09,7.14,1.82,0.45,25.0,0.27,15.0
1215,1. HNL (HR),999265,Antonio Jakir,A. Jakir,2003-01-25,56.27,14.58,14.91,20,19,1,462.0,24.32,16.37,67.32,1.68,0.05,4.95,1.55,326.0,17.16,12.26,71.47,1.0,0.47,47.37,15.89,95.0,5.0,3.21,3.0,1.84,1.16,0.84,0.53,62.5,64.21,61.4,0.11,0.95,0.0,0.21,0.68,0.32,46.15,1.53,0.26,17.24,2.16,0.63,29.27,0.16,7.32
1215,1. HNL (HR),999530,Ivan Katić,I. Katić,2005-09-25,60.13,16.65,15.8,19,19,0,480.0,25.26,17.79,70.42,1.63,0.11,5.91,1.67,287.0,15.11,11.53,76.31,0.95,0.42,44.44,11.95,121.0,6.37,4.47,3.42,2.16,1.16,0.89,0.47,52.94,70.25,63.08,0.58,1.63,0.05,0.47,0.58,0.32,54.55,1.79,0.37,20.59,3.0,0.63,21.05,0.26,8.77
1215,1. HNL (HR),1008204,Cheikh Mbacke Diop ,C. Mbacke Diop,2005-12-29,90.28,24.34,23.36,20,20,0,809.0,40.45,31.75,78.49,0.75,0.05,5.89,1.81,514.0,25.7,22.55,87.74,0.4,0.05,12.5,23.5,210.0,10.5,8.3,4.3,3.6,1.9,0.45,0.3,66.67,79.05,83.72,0.3,0.2,0.0,0.15,0.55,0.3,54.55,0.6,0.0,0.0,0.85,0.3,35.29,0.0,0.0
1215,1. HNL (HR),1013757,Mohamed Nasraoui,M.  Nasraoui,2002-08-18,73.8,19.05,21.82,19,19,0,605.0,31.84,24.11,75.7,1.05,0.11,4.71,1.51,379.0,19.95,17.0,85.22,1.0,0.42,42.11,18.16,120.0,6.32,4.79,3.21,2.58,1.58,0.79,0.58,73.33,75.83,80.33,0.05,1.21,0.26,0.16,0.42,0.32,75.0,1.42,0.21,14.81,2.11,0.53,25.0,0.21,10.0
1215,1. HNL (HR),1018008,Ron Raçi,R. Raçi,2002-09-18,84.76,23.89,20.46,18,17,1,779.0,45.82,38.82,84.72,1.41,0.06,6.31,2.2,564.0,33.18,29.76,89.72,0.29,0.12,40.0,31.0,217.0,12.76,10.59,7.94,6.53,1.12,0.59,0.47,80.0,82.95,82.22,0.06,0.41,0.0,0.12,0.94,0.53,56.25,0.53,0.06,11.11,0.88,0.18,20.0,0.12,13.33
1215,1. HNL (HR),1021185,Kristijan Pavičić,K. Pavičić,1999-03-06,85.39,19.14,25.13,24,23,1,666.0,28.96,19.96,68.92,0.61,0.0,3.12,1.07,390.0,16.96,13.57,80.0,0.35,0.17,50.0,15.87,77.0,3.35,1.91,1.17,0.52,1.13,0.43,0.26,60.0,57.14,44.45,0.04,0.43,0.04,0.17,0.17,0.04,25.0,0.35,0.0,0.0,1.09,0.57,52.0,0.13,12.0
1215,1. HNL (HR),1021186,Robin De Jesus Gonzales Ruiz,R. Gonzales,1998-11-26,90.59,20.29,26.38,35,33,2,1042.0,31.58,20.88,66.12,4.09,0.58,7.71,2.19,619.0,18.76,12.7,67.69,2.39,1.18,49.37,13.82,352.0,10.67,7.42,4.82,3.09,1.55,1.09,0.45,41.67,69.6,64.15,1.3,2.0,0.42,0.82,0.55,0.27,50.0,3.24,0.55,16.82,5.85,1.42,24.35,0.79,13.47
1215,1. HNL (HR),1021187,Aleks Stojakovic,A. Stojakovic,2004-02-17,81.65,22.88,20.74,33,32,1,627.0,19.59,10.69,54.54,3.16,0.38,6.35,1.58,389.0,12.16,7.03,57.84,2.97,1.28,43.16,7.34,171.0,5.34,2.72,2.97,1.09,1.28,1.12,0.22,19.44,50.88,36.84,0.62,1.47,0.62,0.59,0.12,0.03,25.0,3.53,0.38,10.62,5.28,1.03,19.53,1.0,18.93
1215,1. HNL (HR),1021188,Mario Tadić ,M. Tadić,1992-12-29,72.53,17.7,20.69,22,20,2,750.0,37.5,28.5,76.0,1.15,0.15,4.43,1.54,452.0,22.6,19.4,85.84,0.25,0.1,40.0,20.95,135.0,6.75,4.7,3.65,2.5,0.25,0.05,0.05,100.0,69.63,68.49,0.0,0.0,0.0,0.15,0.6,0.25,41.67,0.25,0.0,0.0,0.5,0.2,40.0,0.05,10.0
1215,1. HNL (HR),1021189,Tino Jukić,T. Jukić,2001-10-10,83.67,22.71,22.37,29,28,1,1278.0,45.64,37.68,82.55,1.21,0.04,6.54,2.14,813.0,29.04,25.93,89.3,0.36,0.18,50.0,27.43,382.0,13.64,11.43,8.57,7.5,1.54,0.61,0.32,52.94,83.77,87.5,0.11,0.61,0.0,0.11,1.11,0.64,58.06,0.54,0.18,33.33,0.89,0.21,24.0,0.0,0.0
1215,1. HNL (HR),1021192,Leoni Schmidt Pereira Gastaldelo,Leoni,2003-03-21,27.63,6.47,9.37,4,4,0,31.0,7.75,4.0,51.61,1.0,0.0,11.28,2.96,15.0,3.75,1.75,46.67,0.0,0.0,,3.25,16.0,4.0,1.5,2.0,0.75,0.25,0.25,0.0,0.0,37.5,37.5,0.75,0.5,0.0,0.0,0.5,0.25,50.0,0.25,0.0,0.0,1.25,0.25,20.0,0.0,0.0
1215,1. HNL (HR),1021193,Jakov Biljan,J. Biljan,1995-08-02,46.45,10.55,14.31,14,14,0,145.0,10.36,7.71,74.48,0.5,0.0,4.7,1.43,88.0,6.29,5.29,84.09,0.29,0.07,25.0,5.36,32.0,2.29,1.79,1.43,1.0,0.57,0.5,0.29,57.14,78.13,70.0,0.43,1.0,0.36,0.07,0.07,0.0,0.0,0.43,0.07,16.67,0.93,0.36,38.46,0.29,30.77
1215,1. HNL (HR),1021332,Dominik Celija,D. Celija,2006-06-14,18.02,3.98,5.54,2,2,0,10.0,5.0,3.0,60.0,0.5,0.0,7.51,2.28,7.0,3.5,2.5,71.43,1.5,1.5,100.0,2.0,3.0,1.5,1.0,0.5,0.5,0.5,0.0,0.0,,66.67,100.0,1.0,0.0,0.0,0.0,0.0,0.0,,1.5,0.0,0.0,2.0,0.0,0.0,0.0,0.0
1215,1. HNL (HR),1021333,Mateo Barać,M. Barać,2000-10-07,62.98,16.63,15.9,4,4,0,101.0,25.25,14.5,57.43,2.0,0.0,4.8,1.32,73.0,18.25,9.75,53.43,0.75,0.25,33.33,17.5,17.0,4.25,1.75,2.75,1.0,2.5,2.0,0.75,37.5,41.18,36.36,0.0,0.75,0.0,0.0,0.25,0.0,0.0,1.0,0.5,50.0,2.0,0.5,25.0,0.25,12.5
1215,1. HNL (HR),1021951,Stjepan Kučiš,S. Kučiš,2006-12-29,18.19,4.0,5.84,15,14,1,75.0,5.36,3.07,57.33,0.14,0.0,6.43,1.91,38.0,2.71,1.93,71.05,0.36,0.07,20.0,1.93,19.0,1.36,0.93,0.57,0.43,0.21,0.14,0.07,50.0,68.42,75.0,0.07,0.07,0.0,0.0,0.0,0.0,,0.57,0.07,12.5,0.93,0.14,15.38,0.07,7.69
1215,1. HNL (HR),1021952,Vanja Pelko,V. Pelko,2002-03-25,20.92,5.01,6.47,8,7,1,27.0,3.86,1.29,33.33,1.14,0.0,10.11,2.06,12.0,1.71,0.57,33.33,0.43,0.29,66.67,0.86,10.0,1.43,0.29,1.14,0.29,0.71,0.71,0.0,0.0,20.0,25.0,0.29,0.14,0.0,0.14,0.0,0.0,,0.43,0.0,0.0,1.14,0.71,62.5,0.14,12.5
1215,1. HNL (HR),1022514,Ernis  Qestaj,E. Qestaj,2006-07-17,31.85,8.62,7.78,5,5,0,30.0,6.0,2.8,46.66,0.8,0.0,6.96,1.64,19.0,3.8,1.8,47.37,1.2,0.4,33.33,2.6,8.0,1.6,0.2,1.6,0.2,0.8,0.8,0.2,25.0,12.5,12.5,1.0,0.6,0.0,0.2,0.0,0.0,,1.6,0.2,12.5,2.4,1.2,50.0,0.2,8.33
1215,1. HNL (HR),1023620,Domagoj Begonja,D. Begonja,2005-06-07,19.04,6.45,3.93,3,3,0,31.0,10.33,5.67,54.84,0.67,0.0,5.38,1.62,20.0,6.67,3.33,50.0,0.67,0.0,0.0,5.67,9.0,3.0,1.33,2.0,1.0,0.67,0.67,0.33,50.0,44.45,50.0,0.0,0.67,0.0,0.0,0.0,0.0,,0.67,0.0,0.0,1.0,0.33,33.33,0.0,0.0
1215,1. HNL (HR),1023622,Charles Adah Agada,C. Agada,2006-09-03,20.65,5.55,4.93,14,14,0,88.0,6.29,2.29,36.36,0.79,0.07,8.46,2.28,59.0,4.21,1.64,38.98,1.21,0.5,41.18,2.43,30.0,2.14,0.57,1.36,0.29,0.64,0.57,0.14,25.0,26.67,21.05,0.21,0.43,0.29,0.36,0.29,0.07,25.0,1.36,0.07,5.26,2.21,0.5,22.58,0.5,22.58
1215,1. HNL (HR),1024076,Luiz Felipe Rodrigues Farias Santos,Luiz Filipe,2004-04-12,68.47,11.96,22.23,2,2,0,33.0,16.5,9.5,57.57,0.0,0.0,2.85,1.1,17.0,8.5,6.5,76.47,0.0,0.0,,8.5,4.0,2.0,1.0,1.0,0.5,0.0,0.0,0.0,,50.0,50.0,0.0,0.0,0.0,0.0,0.5,0.5,100.0,0.0,0.0,,0.0,0.0,,0.0,
1215,1. HNL (HR),1025144,Gabrijel Šivalec,G. Šivalec,2008-05-05,30.07,8.14,7.86,18,17,1,176.0,10.35,6.35,61.36,0.76,0.06,7.27,2.05,118.0,6.94,3.94,56.78,0.94,0.29,31.25,5.35,59.0,3.47,2.18,1.94,1.06,0.53,0.18,0.06,33.33,62.71,54.55,0.12,0.53,0.06,0.41,0.53,0.18,33.33,1.35,0.18,13.04,1.88,0.24,12.5,0.18,9.38
1215,1. HNL (HR),1029132,Dominik Mulac,D. Mulac,1999-02-03,61.42,11.6,19.34,7,7,0,143.0,20.43,14.14,69.23,1.43,0.0,3.65,1.23,80.0,11.43,9.0,78.75,0.14,0.0,0.0,9.14,23.0,3.29,2.29,1.57,1.14,0.29,0.0,0.0,,69.57,72.73,0.14,0.29,0.14,0.0,0.0,0.0,,0.43,0.0,0.0,0.86,0.14,16.67,0.14,16.67
1215,1. HNL (HR),1030970,Silvio Ivanišević Dvornik,S. Ivanišević,2008-09-28,24.26,2.46,8.55,1,1,0,2.0,2.0,0.0,0.0,0.0,0.0,6.86,1.5,0.0,0.0,0.0,,0.0,0.0,,0.0,1.0,1.0,0.0,0.0,0.0,0.0,0.0,0.0,,0.0,,0.0,0.0,0.0,0.0,0.0,0.0,,0.0,0.0,,0.0,0.0,,0.0,
1215,1. HNL (HR),1035720,Teodor Kralevski,T. Kralevski,2007-01-25,18.45,4.14,6.66,7,7,0,22.0,3.14,2.57,81.82,0.0,0.0,3.56,1.42,13.0,1.86,1.57,84.62,0.0,0.0,,1.86,4.0,0.57,0.43,0.0,0.0,0.0,0.0,0.0,,75.0,,0.0,0.0,0.0,0.0,0.0,0.0,,0.0,0.0,,0.0,0.0,,0.0,
1215,1. HNL (HR),1036179,Jakov Dedic,J. Dedic,2009-08-27,14.73,4.49,2.19,3,3,0,11.0,3.67,1.67,45.45,0.0,0.0,6.88,1.99,11.0,3.67,1.67,45.45,1.0,0.33,33.33,0.67,4.0,1.33,1.0,0.33,0.0,0.33,0.0,0.0,,75.0,0.0,0.0,0.0,0.0,0.0,0.0,0.0,,2.0,0.67,33.33,2.67,0.33,12.5,0.0,0.0
1215,1. HNL (HR),1036180,Miran Horvat,M. Horvat,1994-03-23,5.96,1.53,1.76,1,1,0,1.0,1.0,1.0,100.0,0.0,0.0,0.0,0.0,1.0,1.0,1.0,100.0,1.0,1.0,100.0,0.0,0.0,0.0,0.0,0.0,0.0,0.0,0.0,0.0,,,,0.0,0.0,0.0,0.0,0.0,0.0,,1.0,0.0,0.0,1.0,0.0,0.0,0.0,0.0
1215,1. HNL (HR),1036680,Jona Ježić,J. Ježić,2008-01-01,32.06,11.02,6.38,3,2,1,23.0,11.5,7.0,60.87,1.0,0.0,4.64,1.32,12.0,6.0,4.5,75.0,1.0,0.5,50.0,3.0,4.0,2.0,2.0,0.5,0.5,1.0,0.0,0.0,,100.0,100.0,0.5,1.0,0.5,0.0,0.0,0.0,,2.0,0.0,0.0,2.0,0.5,25.0,0.0,0.0
1215,1. HNL (HR),1037099,Roko Gabrić,R. Gabrić,2007-06-21,64.67,18.72,13.96,3,3,0,117.0,39.0,33.67,86.32,0.67,0.0,5.39,1.98,83.0,27.67,26.67,96.39,0.0,0.0,,27.0,26.0,8.67,7.33,5.33,4.67,1.67,0.67,0.33,50.0,84.62,87.5,0.0,1.0,0.0,0.33,1.33,0.67,50.0,0.0,0.0,,0.0,0.0,,0.0,
1215,1. HNL (HR),1039376,Losika Ratshkudu,L. Ratshkudu,2006-02-06,83.27,21.5,26.74,3,2,1,54.0,27.0,14.5,53.7,5.0,0.5,3.73,1.09,29.0,14.5,6.0,41.38,5.0,1.0,20.0,9.0,10.0,5.0,2.0,2.0,0.0,0.5,0.5,0.0,0.0,40.0,0.0,1.5,2.0,1.5,0.5,0.0,0.0,,7.5,2.0,26.67,10.0,1.0,10.0,1.5,15.0
1215,1. HNL (HR),1041484,Daniel Vinković,D. Vinković,2008-10-11,22.91,4.73,6.18,4,4,0,12.0,3.0,1.0,33.33,0.5,0.0,10.98,2.47,11.0,2.75,0.75,27.27,0.5,0.0,0.0,2.0,3.0,0.75,0.0,0.5,0.0,0.5,0.5,0.0,0.0,0.0,0.0,0.5,0.25,0.0,0.25,0.25,0.0,0.0,0.75,0.0,0.0,1.5,0.25,16.66,0.5,33.33
1215,1. HNL (HR),1041545,Nik Skafar Zuzic,N. Skafar Zuzic,2009-06-03,19.98,5.74,3.79,4,4,0,24.0,6.0,2.5,41.66,0.25,0.0,8.77,2.24,18.0,4.5,2.25,50.0,0.75,0.25,33.33,3.25,9.0,2.25,1.25,1.0,0.5,0.75,0.75,0.25,33.33,55.56,50.0,0.5,0.5,0.0,0.25,0.25,0.25,100.0,1.0,0.0,0.0,1.0,0.25,25.0,0.0,0.0
1215,1. HNL (HR),1044362,Niko Pajvančić,N. Pajvančić,2008-11-01,7.69,2.17,1.79,3,3,0,6.0,2.0,1.0,50.0,0.0,0.0,3.53,1.1,5.0,1.67,0.67,40.0,0.0,0.0,,0.67,1.0,0.33,0.0,0.0,0.0,0.0,0.0,0.0,,0.0,,0.0,0.0,0.0,0.67,0.0,0.0,,0.0,0.0,,1.0,0.0,0.0,0.0,0.0
1215,1. HNL (HR),1055342,Adam Huram,A. Huram,2009-03-13,21.15,6.28,4.24,7,7,0,49.0,7.0,4.14,59.18,0.86,0.29,6.92,2.42,32.0,4.57,3.57,78.13,0.57,0.43,75.0,3.57,13.0,1.86,1.14,0.57,0.29,0.14,0.14,0.14,100.0,61.54,50.0,0.57,0.43,0.14,0.29,0.29,0.14,50.0,0.71,0.14,20.0,1.29,0.29,22.23,0.0,0.0
1215,1. HNL (HR),1065042,Filipe jose' Quissequel,F. Quissequel,2008-08-08,11.41,3.35,2.2,3,3,0,13.0,4.33,2.0,46.15,0.33,0.0,7.6,1.81,10.0,3.33,1.67,50.0,1.0,0.0,0.0,3.0,4.0,1.33,0.33,1.0,0.33,0.0,0.0,0.0,,25.0,33.33,0.0,0.67,0.0,0.33,0.0,0.0,,1.33,0.0,0.0,1.33,0.33,25.0,0.0,0.0
1215,1. HNL (HR),1067633,Leon Geci,L. Geci,2008-03-11,5.63,1.35,1.27,2,1,1,0.0,0.0,0.0,,0.0,0.0,,,0.0,0.0,0.0,,0.0,0.0,,0.0,0.0,0.0,0.0,0.0,0.0,0.0,0.0,0.0,,,,0.0,0.0,0.0,0.0,0.0,0.0,,0.0,0.0,,0.0,0.0,,0.0,
1215,1. HNL (HR),1067634,Filip Kutlesa,F. Kutlesa,2009-02-17,10.91,2.21,2.77,2,2,0,4.0,2.0,1.5,75.0,0.0,0.0,2.41,0.52,1.0,0.5,0.5,100.0,0.0,0.0,,0.5,0.0,0.0,0.0,0.0,0.0,0.0,0.0,0.0,,,,0.0,0.0,0.0,0.0,0.0,0.0,,0.0,0.0,,0.0,0.0,,0.0,
1215,1. HNL (HR),1067834,Mihael Kelava,M.kelava,2005-05-29,8.78,1.12,3.36,1,1,0,6.0,6.0,1.0,16.67,0.0,0.0,8.64,2.12,3.0,3.0,1.0,33.33,0.0,0.0,,1.0,1.0,1.0,0.0,1.0,0.0,0.0,0.0,0.0,,0.0,0.0,1.0,0.0,0.0,0.0,0.0,0.0,,0.0,0.0,,2.0,1.0,50.0,1.0,50.0
1215,1. HNL (HR),1069128,Goran Grulovic,G. Grulovic,2009-11-16,5.98,2.41,1.64,1,1,0,4.0,4.0,0.0,0.0,1.0,0.0,15.59,4.55,2.0,2.0,0.0,0.0,2.0,0.0,0.0,0.0,4.0,4.0,0.0,4.0,0.0,0.0,0.0,0.0,,0.0,0.0,0.0,0.0,0.0,0.0,0.0,0.0,,2.0,1.0,50.0,2.0,2.0,100.0,0.0,0.0
1215,1. HNL (HR),1069129,Viktor Vesligaj,V. Vesligaj,2009-12-26,5.98,2.41,1.64,1,1,0,2.0,2.0,1.0,50.0,1.0,0.0,15.96,3.0,0.0,0.0,0.0,,0.0,0.0,,0.0,1.0,1.0,1.0,1.0,1.0,1.0,1.0,1.0,100.0,100.0,100.0,0.0,1.0,0.0,1.0,0.0,0.0,,0.0,0.0,,0.0,0.0,,0.0,
