competition_edition,league,player_name,player_short_name,player_id,player_birthdate,minutes_full_all,count_match,count_match_failed,total_distance_full_all,total_metersperminute_full_all,running_distance_full_all,hsr_distance_full_all,hsr_count_full_all,sprint_distance_full_all,sprint_count_full_all,hi_distance_full_all,hi_count_full_all,psv99,psv99_top5,peak_velocity,peak_velocity_top3,medaccel_count_full_all,highaccel_count_full_all,meddecel_count_full_all,highdecel_count_full_all,explacceltohsr_count_full_all,timetohsr_top3,timetohsrpostcod_top3,explacceltosprint_count_full_all,timetosprint_top3,timetosprintpostcod_top3,cod_count_full_all,timeto505around90_top3,timeto505around180_top3
1189,Superliga (DK),Adam Buksa,A. Buksa,173,1996-07-12,80.04,3,0,8491.33,106.08,1154.0,449.33,38.33,80.67,6.67,530.0,45.0,26.7,26.7,28.97,28.97,81.67,5.67,68.33,7.67,5.0,0.79,,1.33,,,29.0,2.49,
1189,Superliga (DK),Daniel Mathias Høegh,D. Høegh,2217,1991-01-06,95.18,30,0,9998.93,105.05,1079.03,338.97,32.37,91.7,5.1,430.67,37.47,28.26,30.54,29.94,32.6,109.07,4.57,85.3,12.63,2.6,0.64,0.78,0.4,1.62,1.84,23.0,1.88,2.86
1189,Superliga (DK),Daniel Wass,D. Wass,2252,1989-05-31,61.88,26,0,7362.12,118.98,1370.19,517.85,41.0,124.23,6.04,642.08,47.04,27.99,30.1,29.59,32.23,80.04,2.65,70.35,9.77,1.62,0.62,0.63,0.38,1.45,,21.15,1.91,2.75
1189,Superliga (DK),Henrik Dalsgaard,H. Dalsgaard,4286,1989-07-27,82.46,31,1,8780.55,106.48,1100.39,332.65,31.26,99.77,5.1,432.42,36.35,28.69,31.72,30.3,33.57,93.32,4.35,73.77,8.94,2.45,0.64,0.73,0.58,1.26,1.41,15.61,2.1,2.99
1189,Superliga (DK),Jay-Roy Grot,J. Grot,4830,1998-03-13,77.08,27,2,8395.22,108.92,1010.7,451.89,48.15,211.41,10.7,663.3,58.85,30.6,32.6,32.3,34.7,84.93,5.74,70.26,11.22,4.3,0.68,0.73,1.15,1.34,1.42,32.74,1.88,2.85
1189,Superliga (DK),Jordi Vanlerberghe,J. Vanlerberghe,5334,1996-06-27,60.9,14,1,6858.29,112.61,909.0,342.5,32.5,137.5,6.36,480.0,38.86,29.46,30.74,30.79,32.63,70.0,4.21,59.93,8.14,2.57,0.71,0.75,0.79,1.57,1.57,17.14,2.12,3.05
1189,Superliga (DK),Kevin Mbabu,K. Mbabu,5843,1995-04-19,54.61,25,0,5819.4,106.57,854.0,366.28,35.24,139.76,7.8,506.04,43.04,28.63,30.74,29.82,32.63,65.52,4.96,54.8,11.44,3.76,0.57,0.62,1.28,1.14,1.22,17.48,1.87,2.57
1189,Superliga (DK),Kian Hansen,K. Hansen,5899,1989-03-03,41.07,5,0,4343.4,105.76,583.0,169.4,15.8,33.6,1.8,203.0,17.6,26.94,26.94,27.82,29.33,53.2,1.8,44.4,4.6,1.0,,,0.0,,,8.8,2.93,
1189,Superliga (DK),Lasse Nielsen,L. Nielsen,6058,1988-01-08,97.08,26,1,10446.12,107.61,1335.69,435.65,41.04,136.35,7.31,572.0,48.35,28.75,30.42,30.54,32.0,109.65,5.31,87.69,12.38,2.85,0.62,0.69,0.81,1.27,1.33,26.85,1.78,2.78
1189,Superliga (DK),Mathias Jattah-Njie Jørgensen,M. Jørgensen,7157,1990-04-23,98.91,12,0,9694.33,98.01,1055.58,338.5,31.17,83.67,5.42,422.17,36.58,27.77,28.76,29.31,30.47,102.92,4.75,82.83,11.0,2.58,0.57,0.65,0.67,1.41,,16.33,2.16,
1189,Superliga (DK),Michael Gregoritsch,M. Gregoritsch,7429,1994-04-18,39.0,11,0,4102.18,105.18,493.82,230.27,21.45,55.82,3.18,286.09,24.64,26.94,28.22,27.91,29.7,41.82,2.36,35.0,5.36,1.09,0.72,0.72,0.09,,,14.36,2.16,3.45
1189,Superliga (DK),Pantelis Hatzidiakos,P. Hatzidiakos,8352,1997-01-18,85.62,28,0,9035.46,105.53,1101.29,353.57,31.32,87.57,5.14,441.14,36.46,28.06,30.8,29.7,32.1,101.07,4.11,79.54,10.82,2.46,0.62,0.78,0.64,1.38,1.38,22.64,1.86,2.71
1189,Superliga (DK),Sean Klaiber,S. Klaiber,9624,1994-07-31,95.01,13,0,10549.46,111.03,1465.08,546.62,51.23,176.54,9.38,723.15,60.62,28.97,30.32,30.93,32.43,112.31,6.62,91.77,16.0,4.85,0.66,0.66,1.54,1.33,1.33,31.15,2.06,2.53
1189,Superliga (DK),Tom Trybull,T. Trybull,10454,1993-03-09,9.12,1,0,1224.0,134.26,211.0,38.0,1.0,2.0,0.0,40.0,1.0,24.0,24.0,24.7,,15.0,1.0,12.0,1.0,0.0,,,0.0,,,5.0,,
1189,Superliga (DK),Wessel Dammers,W. Dammers,10839,1995-03-01,96.91,32,0,10211.84,105.38,1198.72,387.47,36.75,104.25,6.03,491.72,42.78,28.24,29.92,29.94,31.6,117.75,4.81,92.03,12.09,2.88,0.72,0.74,1.09,1.33,1.39,22.62,2.13,2.81
1189,Superliga (DK),Thomas Delaney,T. Delaney,11192,1991-09-03,54.56,22,0,6743.68,123.6,1070.77,308.59,26.18,53.95,3.32,362.55,29.5,26.88,29.16,28.66,31.03,60.5,2.68,52.05,6.82,1.64,0.67,0.67,0.45,1.38,1.69,18.86,1.96,2.79
1189,Superliga (DK),Andreas Cornelius,A. Cornelius,11193,1993-03-16,49.87,18,0,5237.94,105.03,642.22,252.17,26.5,87.28,4.78,339.44,31.28,28.91,30.8,30.15,31.87,56.94,4.67,45.22,11.83,2.67,0.7,0.76,0.33,1.81,,18.78,2.0,2.81
1189,Superliga (DK),Viktor Claesson,V. Claesson,11491,1992-01-02,50.0,30,0,6539.53,130.8,1243.03,381.17,33.03,63.77,4.27,444.93,37.3,26.95,29.7,28.45,30.73,66.57,2.83,59.37,6.97,1.6,0.63,0.71,0.23,1.63,,25.03,1.95,2.75
1189,Superliga (DK),Lukas Lerager,L. Lerager,11509,1993-07-12,76.97,17,0,9193.71,119.45,1357.94,433.24,39.59,100.94,5.76,534.18,45.35,27.51,29.06,29.02,30.73,87.41,2.35,79.47,11.24,1.24,0.76,0.76,0.24,,,27.24,2.04,2.72
1189,Superliga (DK),Philip Billing,P. Billing,11640,1996-06-11,86.2,20,0,10445.4,121.17,1793.25,693.1,63.95,227.85,12.3,920.95,76.25,29.5,31.58,31.53,33.57,111.05,5.6,99.7,14.5,3.65,0.65,0.66,1.1,1.28,1.28,40.1,2.03,2.58
1189,Superliga (DK),Birger Solberg Meling,B. Meling,12026,1994-12-17,56.98,16,2,7137.62,125.28,1185.12,496.62,39.25,98.62,6.0,595.25,45.25,27.24,28.48,28.9,30.13,66.06,2.94,54.5,8.88,2.25,0.65,0.68,0.25,1.59,,25.62,2.15,2.66
1189,Superliga (DK),Mohamed Amine Elyounoussi,M. Elyounoussi,12642,1994-08-04,87.81,30,0,10549.43,120.14,1655.0,621.23,58.23,173.87,9.3,795.1,67.53,28.55,30.5,30.56,32.67,109.8,5.53,93.73,14.4,3.57,0.62,0.71,0.67,1.31,1.43,49.7,1.8,2.72
1189,Superliga (DK),Emmanuel Bonaventure Dennis,E. Dennis,12675,1997-11-15,46.92,11,0,5162.73,110.02,712.0,318.55,33.45,119.45,7.55,438.0,41.0,29.23,30.36,30.2,31.77,54.09,5.55,44.64,9.36,3.82,0.64,0.72,1.55,1.18,1.96,24.45,2.02,2.84
1189,Superliga (DK),Peter Ankersen,P. Ankersen,12881,1990-09-22,93.81,26,4,10873.35,115.91,1572.08,626.12,56.69,207.35,10.96,833.46,67.65,28.61,30.4,30.43,32.47,115.19,5.08,97.15,17.04,3.46,0.59,0.72,0.73,1.49,,28.77,2.0,2.69
1189,Superliga (DK),Rasmus Falk Jensen,R. Falk,12885,1992-01-15,97.19,27,2,12212.48,125.65,2254.0,502.81,42.15,57.04,3.67,559.85,45.81,25.61,27.14,27.95,30.17,124.52,3.37,108.48,14.67,1.63,0.65,0.83,0.19,1.99,,44.26,1.89,2.66
1189,Superliga (DK),Mikkel Duelund,M. Duelund,13292,1997-06-29,66.16,24,1,8688.71,131.33,1651.88,722.21,62.33,170.71,11.21,892.92,73.54,27.58,28.76,29.24,30.87,93.33,3.83,78.21,11.08,2.5,0.72,0.81,0.54,1.59,1.98,43.38,1.82,2.62
1189,Superliga (DK),Oliver Olsen,O. Olsen,13547,2000-08-13,93.94,17,0,10768.71,114.64,1526.88,669.35,65.12,262.88,14.47,932.24,79.59,30.15,31.62,32.11,33.93,120.29,7.71,102.41,19.59,5.18,0.63,0.66,1.65,1.18,1.2,38.24,1.98,2.59
1189,Superliga (DK),Andrew Hjulsager,A. Hjulsager,13923,1995-01-15,72.27,23,1,8931.3,123.58,1521.3,568.83,52.96,152.65,9.48,721.48,62.43,28.07,29.3,30.05,31.37,90.22,3.57,75.48,15.22,2.0,0.7,0.7,0.26,1.49,,37.57,1.88,2.78
1189,Superliga (DK),Tim Freriks,T. Freriks,14272,1998-10-02,58.81,22,1,6524.05,110.93,768.18,327.91,35.32,111.64,6.32,439.55,41.64,29.06,31.16,30.62,33.13,64.77,4.09,56.27,7.73,2.86,0.69,0.74,0.32,1.47,,23.27,1.99,3.02
1189,Superliga (DK),Leeroy Owusu,L. Owusu,14294,1996-08-13,90.55,30,2,10408.83,114.95,1536.23,611.13,55.2,183.33,10.2,794.47,65.4,28.65,30.7,30.65,32.47,117.13,6.53,101.23,16.2,4.87,0.64,0.64,1.47,1.25,1.29,34.37,1.89,2.63
1189,Superliga (DK),Mees Hoedemakers,M. Hoedemakers,14314,1998-02-18,33.14,19,0,4230.0,127.63,738.84,204.26,17.95,34.47,1.95,238.74,19.89,26.6,29.42,27.92,30.53,43.47,1.68,37.89,4.79,0.84,0.59,0.65,0.47,1.39,,14.79,2.13,2.81
1189,Superliga (DK),Aurélio Gabriel Ulineia Buta,Aurélio Buta,14628,1997-02-10,52.38,11,1,5810.27,110.92,825.0,388.55,37.82,147.82,8.18,536.36,46.0,29.16,30.64,30.56,33.33,67.36,5.64,56.27,11.73,3.82,0.68,0.7,1.27,1.46,1.61,20.0,2.03,2.89
1189,Superliga (DK),Tobias Salquist Nielsen,T. Salquist,14729,1995-05-18,91.69,25,4,9598.2,104.68,1216.12,363.6,33.92,102.12,5.68,465.72,39.6,28.76,31.64,30.68,33.43,105.16,4.48,86.08,10.08,2.44,0.62,0.68,0.6,1.34,,17.88,2.01,2.95
1189,Superliga (DK),German Onugkha,G. Onugkha,15863,1996-07-06,14.37,1,0,1713.0,119.23,235.0,100.0,11.0,24.0,2.0,124.0,13.0,26.2,26.2,27.1,,27.0,2.0,23.0,7.0,1.0,,,0.0,,,13.0,,
1189,Superliga (DK),Stephen Odey,S. Odey,16274,1998-01-15,18.94,6,0,2202.0,116.27,333.67,114.33,12.17,46.0,2.0,160.33,14.17,28.6,28.96,29.28,30.7,25.0,2.33,17.5,5.0,1.5,0.75,0.82,0.67,1.63,,9.17,,3.28
1189,Superliga (DK),Patrick Mortensen,P. Mortensen,16383,1989-07-13,76.78,31,1,8490.48,110.59,1191.1,447.94,38.0,67.71,4.16,515.65,42.16,26.59,28.48,28.27,30.37,95.06,5.32,77.32,12.23,2.61,0.67,0.76,0.1,2.22,,29.48,1.94,2.6
1189,Superliga (DK),Jens Martin Gammelby,J. Gammelby,16436,1995-02-05,97.56,29,3,11100.48,113.78,1482.52,628.1,60.0,245.52,12.24,873.62,72.24,30.29,32.9,31.98,34.33,121.41,7.66,104.24,18.72,5.52,0.59,0.62,2.38,1.22,1.24,32.69,1.79,2.68
1189,Superliga (DK),Mikael Uhre,M. Uhre,16441,1994-09-30,42.24,6,0,4567.33,108.14,662.83,250.67,26.0,131.0,5.83,381.67,31.83,31.82,32.54,32.37,33.63,47.0,3.17,39.17,8.33,2.5,0.8,,0.83,1.48,,14.83,2.46,
1189,Superliga (DK),Jonathan Amon,J. Amon,16473,1999-04-30,23.6,10,0,2580.6,109.36,399.3,137.2,13.8,41.6,2.5,178.8,16.3,28.31,30.9,29.15,32.27,26.1,1.6,20.4,3.0,0.9,0.58,0.58,0.6,1.15,1.15,8.7,2.42,
1189,Superliga (DK),Edward Chilufya,E. Chilufya,16499,1999-09-17,36.58,12,0,4267.58,116.67,613.5,294.17,29.67,116.5,6.92,410.67,36.58,30.64,32.32,31.45,33.3,43.17,3.33,36.17,6.17,3.0,0.7,0.71,1.33,1.33,1.46,18.67,2.12,2.74
1189,Superliga (DK),Kevin Enkido Yakob,K. Yakob,16519,2000-10-10,59.93,25,1,7520.28,125.47,1306.04,413.32,34.84,84.04,4.88,497.36,39.72,27.21,29.94,28.98,31.57,69.64,2.68,61.04,6.32,1.72,0.62,0.63,0.56,1.37,1.51,20.12,2.08,2.69
1189,Superliga (DK),Marko Divković,M. Divković,17310,1999-06-11,84.71,30,0,9529.8,112.49,1308.47,604.2,62.8,278.13,14.93,882.33,77.73,30.61,32.56,31.91,34.1,100.6,6.23,82.1,19.1,4.37,0.62,0.66,2.03,1.12,1.28,32.17,1.97,2.6
1189,Superliga (DK),Alexi Pitu,A. Pitu,17412,2002-06-05,24.41,8,0,3090.38,126.59,569.25,182.25,15.75,35.5,2.12,217.75,17.88,26.85,27.52,27.79,28.77,33.62,1.0,30.0,3.5,0.75,0.84,1.3,0.12,,,12.88,2.21,2.98
1189,Superliga (DK),Ben Godfrey,B. Godfrey,18579,1998-01-15,91.7,12,0,9716.83,105.96,1325.17,438.08,38.08,132.42,6.42,570.5,44.5,29.01,30.4,30.71,32.3,98.0,4.25,80.0,8.33,2.83,0.83,0.89,0.83,1.89,,17.92,2.17,2.84
1189,Superliga (DK),Kristian Pedersen,K. Pedersen,18662,1994-08-04,19.47,6,0,2196.67,112.83,329.0,109.33,9.67,30.83,1.5,140.17,11.17,26.4,27.5,27.17,28.83,26.5,1.0,21.5,4.83,0.67,0.88,,0.0,,,8.17,2.22,
1189,Superliga (DK),Mads Bech Sørensen,M. Bech,18956,1999-01-07,96.67,29,0,10439.21,107.98,1352.97,488.86,42.79,143.0,7.48,631.86,50.28,29.13,31.68,30.94,33.8,107.62,6.03,83.76,13.45,3.66,0.62,0.62,0.93,1.3,1.51,24.07,1.8,2.67
1189,Superliga (DK),Felix Beijmo,F. Beijmo,19068,1998-01-31,95.54,31,1,11216.81,117.4,1709.77,701.16,60.23,250.94,12.45,952.1,72.68,30.32,32.0,32.18,33.8,113.65,6.26,92.81,13.35,4.35,0.61,0.63,1.45,1.2,1.34,33.06,1.85,2.63
1189,Superliga (DK),Jean-Manuel Mbom,J. Mbom,19077,2000-02-24,77.18,23,0,9015.91,116.81,1354.74,566.22,54.52,211.22,11.3,777.43,65.83,28.88,30.38,30.37,32.2,97.91,6.26,81.96,15.87,5.04,0.62,0.66,1.7,1.27,1.44,35.48,1.89,2.73
1189,Superliga (DK),Andreas Poulsen,A. Poulsen,19132,1999-10-13,84.87,22,2,9817.73,115.68,1339.41,570.05,56.36,219.59,11.64,789.64,68.0,29.82,31.3,31.43,33.23,103.91,6.14,91.91,14.68,4.55,0.61,0.67,1.59,1.25,1.31,31.55,1.99,2.74
1189,Superliga (DK),Jann-Fiete Arp,J. Arp,19366,2000-01-06,84.11,28,2,10306.82,122.54,1630.93,590.43,54.93,148.82,9.36,739.25,64.29,28.51,31.06,30.72,33.7,99.21,5.0,79.71,14.43,3.11,0.64,0.68,0.71,1.22,1.51,46.25,1.73,2.65
1189,Superliga (DK),Janni Serra,J. Serra,19485,1998-03-13,32.22,19,1,3809.42,118.21,630.84,224.37,18.63,37.89,2.26,262.26,20.89,26.94,29.46,28.25,30.33,38.58,2.42,31.37,5.58,1.32,0.75,1.05,0.32,1.74,,13.11,2.22,2.85
1189,Superliga (DK),Martin Erlić,M. Erlić,19888,1998-01-24,86.69,18,0,8856.89,102.17,1067.56,378.56,33.5,104.06,5.78,482.61,39.28,28.52,29.92,30.02,31.6,90.56,4.39,71.44,10.0,2.83,0.61,0.71,0.83,1.41,,17.67,2.13,2.93
1189,Superliga (DK),Bartosz Slisz,B. Slisz,20040,1999-03-29,98.89,14,0,12403.79,125.43,2404.29,886.07,72.71,222.5,12.29,1108.57,85.0,27.94,28.94,30.46,31.77,115.86,4.14,99.5,12.71,2.43,0.66,0.74,0.79,1.59,1.85,55.0,1.84,2.69
1189,Superliga (DK),Nicolas Bürgy,N. Bürgy,23178,1995-08-07,95.49,26,2,11081.08,116.05,1600.58,506.69,44.31,115.27,7.12,621.96,51.42,27.6,28.92,29.57,31.23,132.27,4.77,108.5,14.12,3.04,0.68,0.71,0.96,1.47,2.11,34.04,2.08,2.7
1189,Superliga (DK),Daníel Leó Grétarsson,D. Grétarsson,23507,1995-10-02,90.32,26,1,10004.65,110.77,1397.69,497.88,47.5,126.96,7.65,624.85,55.15,28.48,30.66,30.4,32.63,112.27,5.92,90.69,15.42,3.62,0.63,0.76,0.77,1.32,1.54,35.0,2.02,2.54
1189,Superliga (DK),Stefan Velkov,S. Velkov,24884,1996-12-12,98.5,20,0,10440.85,106.0,1285.2,439.2,42.6,162.55,8.05,601.75,50.65,29.79,31.62,31.16,33.23,113.05,5.7,92.8,11.35,3.6,0.62,0.63,1.25,1.19,1.34,24.35,1.97,2.77
1189,Superliga (DK),Mats Köhlert,M. Köhlert,25041,1998-05-02,80.73,21,0,9729.52,120.52,1545.19,749.0,69.76,313.1,16.05,1062.1,85.81,29.7,30.86,31.3,32.67,111.29,7.24,90.71,21.19,4.95,0.66,0.67,1.62,1.21,1.48,37.67,1.82,2.48
1189,Superliga (DK),Lucas Lissens,L. Lissens,26175,2001-07-25,49.16,15,0,5119.87,104.15,543.6,222.0,23.27,89.8,4.93,311.8,28.2,28.46,30.36,29.17,31.4,52.53,3.53,43.4,8.33,2.0,0.69,0.73,0.93,1.29,1.41,13.2,2.17,2.58
1189,Superliga (DK),Jordan Larsson,J. Larsson,26221,1997-06-20,77.91,33,0,9195.36,118.02,1342.36,667.7,65.48,262.55,13.97,930.24,79.45,30.25,32.86,31.81,34.37,96.85,5.82,78.55,14.45,4.36,0.64,0.65,1.27,1.22,1.31,41.21,1.8,2.62
1189,Superliga (DK),Rami Al Hajj,R. Al Hajj,26781,2001-09-17,46.43,20,2,5853.65,126.08,964.5,321.85,27.65,52.85,3.05,374.7,30.7,26.58,28.84,28.2,31.03,65.4,2.5,56.95,7.4,1.5,0.78,0.85,0.15,1.89,,26.05,2.01,2.81
1189,Superliga (DK),Nicolai Poulsen,N. Poulsen,27343,1993-08-15,72.54,20,0,8694.4,119.86,1420.2,387.4,32.85,71.1,3.65,458.5,36.5,27.09,28.62,28.77,30.6,80.8,2.3,70.6,8.05,0.95,0.82,,0.1,,,25.85,2.02,2.84
1189,Superliga (DK),Frederik Tingager,F. Tingager,27344,1993-02-22,65.17,20,0,6908.0,106.01,793.7,289.6,27.4,88.25,5.15,377.85,32.55,27.84,29.4,29.18,31.27,71.95,3.2,57.25,7.55,1.95,0.71,0.72,0.8,1.5,1.5,14.6,2.24,2.89
1189,Superliga (DK),Gift Links,G. Links,27347,1998-10-02,91.91,31,1,10546.81,114.76,1633.19,745.13,68.03,301.74,15.68,1046.87,83.71,30.24,32.2,31.92,34.0,116.19,8.9,97.23,20.94,6.81,0.6,0.62,2.19,1.15,1.3,41.87,1.76,2.54
1189,Superliga (DK),Daniel Anyembe,D. Anyembe,27375,1998-07-22,91.91,29,0,9946.24,108.21,1275.41,397.59,37.66,115.17,6.41,512.76,44.07,28.49,31.04,30.34,32.6,104.1,4.72,85.28,9.41,2.79,0.59,0.66,0.55,1.17,1.35,23.69,1.9,2.84
1189,Superliga (DK),Nicklas Røjkjær,N. Røjkjær,27377,1998-07-24,96.7,19,3,13206.84,136.58,2798.42,1006.21,83.21,190.0,11.63,1196.21,94.84,27.18,28.54,29.57,30.97,139.84,3.42,122.11,17.37,1.79,0.8,0.84,0.47,1.7,,67.0,1.79,2.59
1189,Superliga (DK),Mads Larsen,M. Larsen,27378,2001-09-20,72.26,29,3,9548.86,132.14,1963.14,582.34,48.38,87.52,5.79,669.86,54.17,26.83,28.6,28.99,31.67,101.52,3.0,92.72,9.48,2.07,0.61,0.63,0.31,1.41,1.41,35.93,1.87,2.71
1189,Superliga (DK),Patrick Hessellund Egelund,P. Egelund,27380,2000-08-02,35.92,15,0,4430.93,123.34,666.47,283.6,28.33,121.87,6.4,405.47,34.73,29.13,31.04,30.08,32.1,49.27,3.33,41.53,8.0,2.6,0.64,0.64,0.87,1.36,1.53,17.6,2.18,3.14
1189,Superliga (DK),James Gomez,J. Gomez,27408,2001-11-14,62.51,11,1,6816.18,109.04,893.55,267.18,26.09,80.73,4.55,347.91,30.64,28.36,30.5,29.67,32.27,68.09,2.91,54.82,7.27,1.45,0.71,0.79,0.64,1.46,,15.36,2.24,
1189,Superliga (DK),Gustav Ølsted Marcussen,G. Marcussen,27420,1998-06-12,75.73,26,3,9024.65,119.17,1482.12,605.69,51.54,143.65,8.31,749.35,59.85,28.04,30.2,30.03,31.87,103.0,5.0,89.65,13.35,3.35,0.67,0.73,0.96,1.68,1.82,34.92,1.9,2.79
1189,Superliga (DK),Adam Sørensen,A. Sørensen,27424,2000-11-11,61.4,26,2,7147.92,116.41,1021.27,554.81,55.65,257.69,13.96,812.5,69.62,30.65,32.6,31.83,34.27,81.69,7.42,70.42,15.85,5.42,0.62,0.65,2.46,1.25,1.35,28.0,1.89,2.59
1189,Superliga (DK),Nikolas Langberg Dyhr,N. Dyhr,27435,2001-06-18,89.1,31,0,9451.23,106.07,1172.81,452.42,42.9,151.71,8.29,604.13,51.19,28.96,31.06,30.75,33.33,96.55,5.1,82.97,15.23,3.39,0.59,0.64,1.06,1.29,1.44,21.03,1.96,2.77
1189,Superliga (DK),Oliver Villadsen,O. Villadsen,27436,2001-11-16,64.35,30,0,7472.17,116.12,1128.87,468.87,44.93,185.5,9.87,654.37,54.8,29.28,32.4,30.7,34.17,75.03,5.1,64.27,11.57,3.6,0.64,0.65,1.9,1.18,1.26,25.43,1.87,2.71
1189,Superliga (DK),Moses Opondo,M. Opondo,27449,1997-10-28,58.64,15,2,7072.73,120.61,1138.0,405.53,35.4,84.8,5.07,490.33,40.47,27.35,29.26,28.91,31.53,77.07,3.8,65.67,8.67,2.47,0.71,0.82,0.87,1.41,1.52,23.2,2.11,2.74
1189,Superliga (DK),Mads Frøkjær-Jensen,M. Frøkjær-Jensen,27450,1999-07-29,73.88,12,0,9464.33,128.11,1521.83,655.58,61.58,245.83,13.58,901.42,75.17,29.83,30.94,31.73,33.2,86.08,5.17,72.5,13.25,3.92,0.66,0.74,1.58,1.19,1.64,42.0,1.85,2.94
1189,Superliga (DK),André Römer,A. Rømer,27456,1993-07-18,42.03,23,0,5087.65,121.06,826.26,227.78,19.35,36.04,1.78,263.83,21.13,26.31,28.92,27.7,30.63,56.57,1.83,50.0,5.22,0.83,0.7,0.74,0.04,,,17.43,2.14,2.89
1189,Superliga (DK),Mathias Peter Greve Petersen,M. Greve,27462,1995-02-11,92.47,29,0,11244.86,121.6,1662.69,528.41,46.03,79.03,5.41,607.45,51.45,26.39,28.1,28.6,30.9,107.41,4.34,88.45,14.38,2.86,0.65,0.65,0.41,1.35,1.54,42.28,1.84,2.78
1189,Superliga (DK),Frederik Lauenborg,F. Lauenborg,27463,1997-05-18,31.02,22,0,3891.73,125.46,697.5,253.09,19.77,46.64,2.59,299.73,22.36,26.86,29.36,27.93,30.97,43.0,1.68,36.64,4.82,0.82,0.68,0.83,0.18,1.73,,13.36,2.11,2.99
1189,Superliga (DK),Mark Brink Christensen,M. Brink,27472,1998-03-15,73.52,26,3,9406.85,127.95,1575.65,499.27,41.08,100.92,5.23,600.19,46.31,27.45,30.02,29.48,32.2,97.19,3.23,85.96,10.58,2.42,0.67,0.69,0.58,1.32,1.58,26.58,1.94,2.85
1189,Superliga (DK),Svenn Crone,S. Crone,27473,1995-05-20,82.31,28,2,10232.0,124.31,1696.89,779.14,62.93,230.5,12.61,1009.64,75.54,28.54,29.64,30.23,31.87,110.89,6.04,93.68,16.04,4.32,0.66,0.7,1.46,1.39,1.48,40.18,1.85,2.57
1189,Superliga (DK),Mads Emil Madsen,M. Emil Madsen,27478,1998-01-14,78.57,30,0,10162.3,129.34,1791.67,594.57,50.9,133.17,8.5,727.73,59.4,27.74,29.6,29.67,31.77,93.0,2.8,76.5,9.43,1.97,0.73,0.77,0.3,1.52,1.52,32.7,1.91,2.77
1189,Superliga (DK),Rasmus Carstensen,R. Carstensen,27482,2000-11-10,59.9,23,1,7329.22,122.35,1251.91,598.74,48.52,178.78,9.3,777.52,57.83,29.14,30.54,30.71,32.53,78.52,5.3,66.35,14.17,3.61,0.61,0.68,1.09,1.45,1.57,28.96,1.95,2.71
1189,Superliga (DK),Nicolai Vallys,N. Vallys,27483,1996-09-04,90.19,31,0,10859.45,120.4,1877.19,771.97,68.42,211.1,12.81,983.06,81.23,28.6,30.12,30.49,32.43,113.26,6.52,97.03,17.61,4.71,0.63,0.65,1.23,1.26,1.36,43.0,1.73,2.71
1189,Superliga (DK),Rasmus Hjorth Vinderslev,R. Vinderslev,27493,1997-08-12,63.92,25,1,7807.32,122.15,1405.76,370.84,32.6,69.28,3.92,440.12,36.52,26.76,29.26,28.42,31.1,86.56,2.8,72.72,8.12,1.56,0.67,0.67,0.56,1.34,,26.72,1.93,2.92
1189,Superliga (DK),Anders Kvindebjerg Jacobsen,A. Jacobsen,27494,1989-10-27,51.24,8,0,6022.25,117.53,849.75,334.0,36.38,145.75,7.62,479.75,44.0,29.85,30.88,31.05,32.1,56.88,5.12,47.88,7.88,2.75,0.67,0.67,1.38,1.38,1.73,27.75,2.08,2.77
1189,Superliga (DK),John Björkengren,J. Björkengren,28105,1998-12-09,98.23,30,0,11911.6,121.26,2132.33,803.4,70.87,197.1,11.7,1000.5,82.57,28.38,29.88,30.91,32.5,137.87,5.27,117.7,20.7,3.03,0.64,0.7,0.7,1.3,1.43,51.83,1.92,2.59
1189,Superliga (DK),Jeppe Andrup Andersen,J. Andersen,28113,1992-12-06,31.46,11,2,3916.82,124.49,602.45,150.55,14.09,32.09,1.55,182.64,15.64,26.58,28.14,27.63,29.53,42.64,1.36,39.0,2.64,0.64,0.88,,0.09,,,9.55,2.17,3.0
1189,Superliga (DK),Rasmus Steensbæk Lauritsen,R. Lauritsen,28176,1996-02-27,87.52,9,0,9115.0,104.15,970.67,302.11,27.33,62.22,3.44,364.33,30.78,26.7,28.06,28.27,30.03,86.0,3.44,72.89,8.22,1.22,0.91,,0.22,,,14.0,2.31,3.28
1189,Superliga (DK),Magnus Jensen,M. Jensen,28835,1996-10-27,97.41,27,2,10373.81,106.5,1268.59,393.52,36.78,113.0,6.0,506.52,42.78,28.37,30.82,30.18,32.73,114.59,5.19,92.15,12.48,4.0,0.66,0.66,0.96,1.34,1.57,19.81,2.05,2.73
1189,Superliga (DK),Robin Dahl Østrøm,R. Østrøm,28844,2002-08-09,92.84,27,3,9992.63,107.63,1054.11,310.56,32.3,76.52,4.89,387.07,37.19,27.86,29.8,29.78,31.87,107.59,4.48,90.52,11.59,3.0,0.65,0.66,0.63,1.4,1.4,23.07,2.0,2.87
1189,Superliga (DK),Tobias Klysner Breuner,T. Klysner,28857,2001-07-03,38.67,20,1,4384.6,113.39,695.05,299.7,25.8,84.5,4.9,384.2,30.7,28.26,30.02,29.43,31.5,46.35,2.95,37.2,7.35,1.85,0.68,0.76,0.6,1.47,1.62,16.7,1.95,2.82
1189,Superliga (DK),Oliver Bundgaard Kristensen,O. Bundgaard,28858,2001-06-15,31.77,7,0,3791.57,119.33,628.29,292.86,23.14,111.0,5.0,403.86,28.14,29.73,30.6,30.71,32.07,39.29,2.71,31.29,6.86,2.0,0.77,0.83,0.71,1.45,,13.57,2.4,3.03
1189,Superliga (DK),Paulo Victor da Silva,Paulinho,28862,1995-01-03,35.99,16,0,3938.62,109.44,598.5,286.31,28.0,123.69,6.62,410.0,34.62,30.62,32.28,31.54,33.53,46.0,4.0,37.06,8.56,3.31,0.62,0.67,1.56,1.14,1.18,15.19,2.12,2.67
1189,Superliga (DK),Frederik Alves Ibsen,F. Alves,28871,1999-11-08,90.08,15,0,9819.73,109.01,1285.47,385.27,35.4,111.07,5.47,496.33,40.87,28.64,31.26,30.44,33.23,103.6,4.6,82.93,9.07,3.13,0.72,0.79,0.47,1.59,1.59,24.67,2.15,2.75
1189,Superliga (DK),Sebastian Vinther Jørgensen,S. Jørgensen,28873,2000-06-08,28.74,25,2,3502.68,121.87,530.2,196.4,16.92,48.2,2.48,244.6,19.4,27.62,30.54,28.53,31.37,32.6,1.72,26.96,3.64,1.08,0.75,0.8,0.24,1.41,,13.12,1.91,2.8
1189,Superliga (DK),Alexander Lucas Lind Rasmussen,A. Lind,28874,2002-06-26,82.17,15,3,10294.47,125.28,1440.67,668.2,62.93,223.13,12.73,891.33,75.67,29.69,30.74,31.43,33.1,90.8,5.47,76.8,11.4,3.67,0.62,0.69,1.47,1.26,1.46,44.87,1.78,2.68
1189,Superliga (DK),José Francisco dos Santos Júnior,Júnior Brumado,28889,1999-05-15,60.6,21,0,6374.57,105.19,845.9,360.0,36.1,108.62,6.86,468.62,42.95,28.87,30.84,30.28,32.53,64.62,5.48,54.76,11.14,3.76,0.59,0.68,1.67,1.13,1.9,26.29,1.9,2.67
1189,Superliga (DK),Doguhan Aral Şimşir,A. Şimşir,28894,2002-06-19,69.72,31,0,7313.61,104.9,996.48,429.77,40.68,136.65,7.1,566.42,47.77,28.73,31.32,30.21,32.7,76.39,4.94,63.97,9.35,3.39,0.66,0.71,1.16,1.31,1.49,24.87,1.92,2.83
1189,Superliga (DK),Emilio Simonsen,E. Simonsen,28898,1999-10-31,67.57,19,1,8593.05,127.17,1416.26,522.47,49.32,147.74,9.21,670.21,58.53,28.57,30.22,30.21,31.73,85.37,3.58,71.89,9.95,2.53,0.67,0.67,0.89,1.39,1.5,36.95,1.73,2.75
1189,Superliga (DK),Stijn Spierings,S. Spierings,29147,1996-03-12,53.58,17,0,6399.65,119.45,1043.24,340.47,30.76,69.06,3.88,409.53,34.65,27.65,29.86,29.09,30.7,66.59,2.47,56.88,8.0,1.47,0.72,0.77,0.65,1.28,1.59,18.35,2.21,3.0
1189,Superliga (DK),Oliver Sørensen Jensen,O. Sørensen,29952,2002-03-10,62.84,3,0,8593.33,136.75,1861.67,840.67,72.0,258.0,14.0,1098.67,86.0,29.33,29.33,30.73,30.73,97.33,2.67,87.67,14.0,2.33,0.93,,1.67,2.05,,39.0,2.03,3.01
1189,Superliga (DK),Pelle Mattsson,P. Mattsson,29961,2001-08-04,85.97,6,0,10505.67,122.2,1666.0,416.67,38.0,75.33,4.17,492.0,42.17,27.12,27.42,29.1,30.47,96.33,2.0,90.33,7.83,1.33,0.75,,0.17,,,28.17,2.22,2.95
1189,Superliga (DK),Filip Bundgaard Kristensen,F. Bundgaard,29968,2004-07-03,60.58,20,0,7265.35,119.93,1160.0,477.3,44.25,118.45,7.2,595.75,51.45,28.42,30.02,30.19,31.6,73.7,4.2,60.45,14.35,2.8,0.69,0.7,0.25,1.48,1.48,31.75,1.84,2.83
1189,Superliga (DK),Eric Kahl,E. Kahl,30590,2001-09-27,91.49,31,1,9775.19,106.84,1272.52,459.13,42.13,137.65,7.45,596.77,49.58,28.73,30.88,30.55,32.67,105.65,4.94,86.55,10.19,3.71,0.66,0.71,0.9,1.29,1.36,25.03,1.87,2.67
1189,Superliga (DK),Melker Jonsson,M. Jonsson,30597,2002-07-10,59.38,2,0,6345.0,106.85,646.5,170.0,20.5,71.0,3.0,241.0,23.5,29.2,29.2,30.35,,66.5,2.5,58.0,6.0,2.0,,,1.5,,,14.0,,
1189,Superliga (DK),Mayckel Lahdo,M. Lahdo,30604,2002-12-30,40.47,10,0,4385.6,108.36,585.6,252.4,26.9,117.5,5.7,369.9,32.6,30.32,32.32,31.05,33.7,42.0,3.9,34.4,7.7,2.9,0.64,0.72,1.5,1.23,1.4,15.8,2.4,2.8
1189,Superliga (DK),Youssoufa Moukoko,Y. Moukoko,31256,2004-11-20,54.22,25,0,5914.84,109.09,880.6,436.24,42.2,105.44,7.04,541.68,49.24,27.3,28.82,28.74,30.77,68.84,5.76,55.52,11.84,4.44,0.65,0.67,1.04,1.36,1.45,36.36,1.82,2.63
1189,Superliga (DK),Stipe Radić,S. Radić,32211,2000-06-10,93.86,19,0,9811.58,104.53,1105.63,309.16,28.63,73.58,4.11,382.74,32.74,28.16,30.74,29.88,32.2,94.42,2.89,76.68,7.37,0.84,0.77,0.93,0.37,,,13.89,2.19,2.91
1189,Superliga (DK),Marcos Johan López Lanfranco,M. López,32414,1999-11-20,83.87,29,0,9505.59,113.33,1506.17,617.79,56.24,211.86,11.52,829.66,67.76,29.44,31.2,31.0,32.63,105.52,6.93,87.52,16.97,4.69,0.62,0.72,1.31,1.28,1.47,32.69,1.68,2.69
1189,Superliga (DK),Youssouph Mamadou Badji,Y. Badji,32456,2001-12-20,9.5,6,0,1178.17,124.02,197.5,78.17,6.0,13.17,0.67,91.33,6.67,25.22,25.72,26.0,27.53,13.33,1.17,10.0,1.5,0.83,0.78,0.78,0.17,,,4.83,,2.9
1189,Superliga (DK),Kristian Fredrik Malt Arnstad,K. Arnstad,32785,2003-09-07,92.36,31,0,11063.71,119.78,1821.0,701.94,65.61,221.39,12.48,923.32,78.1,28.87,30.94,30.71,32.67,121.9,7.1,103.65,17.55,5.29,0.67,0.69,0.84,1.31,1.51,46.13,1.75,2.67
1189,Superliga (DK),Lirim Qamili,L. Qamili,33029,1998-06-04,53.47,23,2,6186.35,115.69,913.78,411.96,42.43,188.04,9.74,600.0,52.17,30.59,32.4,31.71,33.57,67.43,4.78,54.13,12.91,3.96,0.6,0.62,1.7,1.15,1.37,25.04,2.0,2.59
1189,Superliga (DK),Wahid Faghir,W. Faghir,33030,2003-07-29,34.54,15,0,3613.07,104.6,491.67,191.2,18.6,53.47,2.73,244.67,21.33,27.54,29.7,28.32,30.63,39.0,2.2,31.93,5.67,1.2,0.77,0.94,0.4,1.87,,12.13,2.12,2.68
1189,Superliga (DK),Thomas Gundelund Nielsen,T. Gundelund,33036,2001-11-06,91.4,28,1,10586.54,115.82,1540.18,568.04,56.39,199.54,11.46,767.57,67.86,29.31,31.06,31.02,32.27,111.21,5.79,94.71,17.07,3.86,0.61,0.64,1.57,1.25,1.27,34.96,1.92,2.57
1189,Superliga (DK),Leonel Montano Dahl,L. Montano,33038,1999-10-02,40.82,13,1,5008.85,122.7,724.31,387.92,37.69,178.92,10.15,566.85,47.85,30.26,31.86,31.29,33.5,57.46,5.0,49.85,10.92,4.23,0.65,0.66,1.92,1.2,1.39,19.69,2.04,2.69
1189,Superliga (DK),Tobias Mølgaard Henriksen,T. Mølgaard,33041,1996-07-22,9.57,2,0,1131.5,118.28,173.0,46.0,3.5,27.0,0.5,73.0,4.0,26.4,26.4,27.05,,11.5,1.0,11.0,1.5,0.5,,,0.5,,,3.5,,
1189,Superliga (DK),Warren Caddy,W. Caddy,33153,1997-04-09,72.61,12,0,7921.17,109.09,1051.92,479.58,49.58,114.67,7.83,594.25,57.42,27.85,28.92,29.43,30.47,90.75,6.08,75.75,17.67,3.75,0.74,0.74,0.58,1.64,,37.5,1.84,3.01
1189,Superliga (DK),Elies Mahmoud,E. Mahmoud,33157,2001-02-10,75.47,32,0,8921.44,118.21,1297.06,565.81,55.59,186.16,11.19,751.97,66.78,28.97,30.9,30.72,33.33,95.47,6.94,76.75,16.5,5.25,0.56,0.63,1.81,1.09,1.22,42.16,1.77,2.74
1189,Superliga (DK),Matthew Hoppe,M. Hoppe,34847,2001-03-13,70.94,27,2,8699.7,122.63,1350.0,724.56,65.52,242.44,14.41,967.0,79.93,29.02,30.68,31.01,33.37,88.67,6.15,71.67,14.44,4.63,0.68,0.71,1.63,1.43,1.49,46.22,1.8,2.69
1189,Superliga (DK),Andreas Pyndt Andersen,A. Pyndt,35166,2001-03-04,73.11,25,2,9095.12,124.41,1516.56,456.8,34.56,79.52,3.88,536.32,38.44,26.66,28.36,28.55,30.3,82.64,2.64,75.16,8.16,1.44,0.69,0.77,0.28,1.51,,23.52,1.84,2.89
1189,Superliga (DK),Pedro Luís Machado Ganchas,Pedro Ganchas,35947,2000-05-31,94.59,26,3,10293.27,108.82,1138.62,367.54,34.23,80.23,4.5,447.77,38.73,27.47,29.76,29.16,31.13,109.19,3.81,89.58,11.23,2.19,0.73,0.79,0.38,1.68,,24.04,1.98,2.79
1189,Superliga (DK),Luis Binks,L. Binks,36504,2001-09-02,98.89,27,0,10419.37,105.36,1367.3,466.04,41.11,132.85,7.26,598.89,48.37,29.04,30.88,30.85,32.8,107.11,5.44,86.85,10.15,2.85,0.64,0.7,0.7,1.31,,21.04,2.05,2.88
1189,Superliga (DK),Milan Iloski,M. Iloski,36518,1999-07-29,27.82,1,0,3383.0,121.62,384.0,233.0,18.0,52.0,3.0,285.0,21.0,28.1,28.1,28.6,,31.0,3.0,23.0,3.0,2.0,,,0.0,,,17.0,,
1189,Superliga (DK),Luka Hujber,L. Hujber,36989,1999-06-16,35.55,2,0,4289.5,120.66,512.0,220.5,25.5,138.5,7.0,359.0,32.5,30.6,30.6,31.2,,40.0,2.5,34.5,6.0,2.5,,,2.0,,,10.5,,
1189,Superliga (DK),Tobias Sommer Sørensen,T. Sommer,37901,2001-11-27,99.06,25,2,12413.16,125.31,2254.12,841.4,68.64,187.68,10.48,1029.08,79.12,27.76,28.96,30.08,31.9,132.52,3.68,112.04,15.8,2.16,0.69,0.73,0.56,1.54,,42.36,2.08,2.78
1189,Superliga (DK),Jelle Duin,J. Duin,37995,1999-01-27,40.57,6,0,4651.0,114.65,691.17,273.0,26.0,98.33,4.83,371.33,30.83,28.65,29.5,29.93,31.63,49.0,3.5,41.33,7.5,2.0,0.85,,0.5,,,17.0,2.23,2.85
1189,Superliga (DK),Rocco Ascone,R. Ascone,38086,2003-09-12,31.2,1,0,3856.0,123.59,801.0,164.0,18.0,37.0,2.0,201.0,20.0,27.0,27.0,28.7,,32.0,1.0,28.0,2.0,0.0,,,0.0,,,15.0,,
1189,Superliga (DK),Maxime Soulas,M. Soulas,39815,1999-05-19,94.55,29,2,10149.76,107.34,1347.86,412.41,39.03,117.76,6.48,530.17,45.52,28.21,30.56,29.92,32.0,119.86,5.41,96.62,10.83,2.86,0.66,0.68,0.97,1.24,1.29,24.97,1.93,2.6
1189,Superliga (DK),Mads Enggård,M. Enggård,41025,2004-01-20,62.93,24,1,7950.17,126.34,1419.12,455.04,39.21,104.71,5.67,559.75,44.88,27.43,29.86,29.21,32.77,85.38,2.83,78.0,9.92,1.71,0.75,0.76,0.29,1.59,,32.38,1.79,2.81
1189,Superliga (DK),Adam Gabriel,A. Gabriel,42258,2001-05-28,39.39,8,0,4601.5,116.82,648.5,330.62,31.62,140.25,7.38,470.88,39.0,30.95,32.24,31.88,34.4,51.25,3.5,43.25,9.5,2.25,0.75,0.86,0.12,,,18.5,1.94,2.69
1189,Superliga (DK),Jonas Jensen-Abbew,J. Jensen-Abbew,42614,2002-04-20,27.6,10,2,3062.2,110.95,417.7,157.2,13.9,46.5,2.6,203.7,16.5,27.63,30.9,28.44,32.23,31.3,1.6,24.9,3.6,0.9,0.71,,0.3,,,6.3,2.5,3.09
1189,Superliga (DK),Michael Amir Richardson,A. Richardson,47338,2002-01-24,52.67,4,0,6354.25,120.63,1222.25,242.0,25.5,35.25,2.0,277.25,27.5,25.95,25.95,27.77,28.87,67.0,3.0,57.5,8.5,2.0,0.85,,0.25,,,25.0,2.3,3.11
1189,Superliga (DK),Jacob Andersen,J. Andersen,48959,2004-01-26,48.17,7,0,5953.86,123.6,964.14,387.0,38.71,198.71,10.0,585.71,48.71,29.54,30.32,30.63,31.9,65.14,4.0,51.71,10.71,2.71,0.7,0.82,1.43,1.29,1.86,27.57,2.07,2.83
1189,Superliga (DK),Žan Zaletel,Ž. Zaletel,49321,1999-09-16,39.77,7,0,4047.57,101.77,527.71,160.86,15.71,62.86,2.29,223.71,18.0,27.67,29.36,28.86,32.63,44.14,2.14,34.57,5.0,1.29,,,0.0,,,10.0,2.21,
1189,Superliga (DK),Ola Solbakken,O. Solbakken,49393,1998-09-07,70.15,14,3,9111.57,129.88,1442.14,602.21,60.29,236.43,11.71,838.64,72.0,31.22,32.74,32.94,34.6,92.64,7.07,75.64,16.29,5.86,0.57,0.62,1.79,1.12,1.3,44.36,2.09,2.75
1189,Superliga (DK),Kristall Máni Ingason,K. Ingason,49689,2002-01-18,70.8,14,0,8566.79,121.01,1410.43,581.64,57.07,165.43,9.86,747.07,66.93,28.78,29.7,30.86,32.0,100.36,6.0,87.0,15.64,3.79,0.67,0.67,0.64,1.42,1.55,39.57,1.95,2.9
1189,Superliga (DK),Mohamed Touré,M. Touré,50987,2004-03-26,70.12,17,0,7329.18,104.53,890.71,385.65,45.94,198.12,10.65,583.76,56.59,31.01,32.76,32.39,34.37,78.06,6.12,66.94,11.88,4.94,0.61,0.63,1.94,1.2,1.3,26.88,1.93,
1189,Superliga (DK),Callum McCowatt,C. McCowatt,51720,1999-04-30,84.54,29,3,10607.31,125.48,1695.79,726.66,70.9,251.59,14.34,978.24,85.24,28.81,29.94,30.8,32.43,117.93,8.17,98.66,16.76,5.69,0.64,0.64,1.66,1.21,1.36,53.86,1.75,2.73
1189,Superliga (DK),Ivan Näsberg,I. Näsberg,54519,1996-04-22,89.7,5,0,9636.8,107.44,1208.2,299.8,31.8,88.6,4.8,388.4,36.6,29.2,29.2,30.9,32.2,99.6,3.6,78.6,9.0,1.4,0.89,,0.0,,,16.0,,
1189,Superliga (DK),Agon Muçolli,A. Muçolli,54555,1998-09-26,49.75,15,1,5768.73,115.95,854.0,372.27,34.73,137.67,6.87,509.93,41.6,29.11,31.36,30.23,32.7,61.27,3.07,49.73,8.53,1.87,0.71,0.75,0.53,1.44,1.48,22.0,1.91,2.78
1189,Superliga (DK),Pedro Antonio Bravo Landazuri,P. Bravo,58791,2004-11-26,76.71,28,0,8993.5,117.23,1463.18,509.79,46.96,152.18,8.86,661.96,55.82,28.51,30.24,30.46,32.33,90.57,3.68,78.32,9.21,2.71,0.69,0.71,0.79,1.3,1.58,36.5,1.97,2.69
1189,Superliga (DK),Sofus Berger Brix,S. Berger,58963,2003-06-02,37.67,18,2,4768.39,126.57,838.67,350.61,31.28,98.17,5.33,448.78,36.61,27.84,29.5,29.03,31.37,54.39,3.67,48.06,9.17,2.39,0.71,0.74,0.5,1.52,1.66,25.44,1.88,2.72
1189,Superliga (DK),Tobias Bech Kristensen,T. Bech,58964,2002-02-19,88.89,31,1,10714.81,120.55,1959.94,762.19,65.52,180.77,10.94,942.97,76.45,28.24,30.26,30.55,32.57,112.35,7.48,94.71,15.16,5.0,0.65,0.71,0.87,1.24,1.39,50.19,1.74,2.71
1189,Superliga (DK),Younes Bakiz,Y. Bakiz,58965,1999-02-05,62.39,22,2,7704.32,123.48,1176.41,395.68,35.05,92.5,4.77,488.18,39.82,27.49,29.44,29.05,31.17,75.32,3.32,64.36,9.5,2.23,0.67,0.79,0.41,1.51,,28.32,1.89,3.0
1189,Superliga (DK),Jakob Bonde Jensen,J. Bonde,58967,1993-12-29,13.62,2,1,1673.0,122.79,230.5,77.0,6.0,43.5,1.5,120.5,7.5,29.15,29.15,29.65,,19.5,1.0,16.0,0.5,0.5,,,0.0,,,9.0,,
1189,Superliga (DK),Jeppe Grønning,J. Grønning,58968,1991-05-24,92.76,30,0,11870.27,127.97,2192.37,559.2,44.73,64.7,4.33,623.9,49.07,25.85,27.18,28.0,29.63,112.97,2.77,101.43,10.93,1.0,0.69,0.73,0.03,,,42.63,1.94,2.68
1189,Superliga (DK),Christian Nikolaj  Sørensen,C. Sørensen,58970,1992-08-06,87.58,24,1,9565.62,109.22,1274.92,509.21,47.67,157.04,7.96,666.25,55.62,28.71,30.36,30.37,32.1,98.04,5.5,84.25,14.42,3.96,0.69,0.8,1.12,1.36,1.51,24.0,1.95,2.79
1189,Superliga (DK),Bilal Brahimi,B. Brahimi,59966,2000-03-28,53.46,16,0,6543.88,122.42,1096.19,464.69,42.12,114.31,7.38,579.0,49.5,27.94,28.78,29.56,30.97,72.75,5.0,59.0,9.44,2.75,0.76,0.81,0.56,1.74,1.91,27.69,1.95,2.81
1189,Superliga (DK),Andreas Oggesen,A. Oggesen,60449,1994-03-18,79.82,27,1,9395.41,117.71,1483.78,477.63,46.3,138.26,7.44,615.89,53.74,28.88,31.5,30.77,33.53,106.0,4.44,91.26,12.85,3.04,0.65,0.69,0.52,1.36,1.36,30.26,1.95,2.76
1189,Superliga (DK),Valdemar Lund Jensen,V. Lund,60532,2003-05-28,85.19,17,1,9232.35,108.38,1117.24,355.29,32.82,105.71,5.35,461.0,38.18,28.62,30.08,30.43,32.27,89.53,3.35,74.24,8.47,1.65,0.7,0.9,0.71,1.57,1.9,20.71,1.97,
1189,Superliga (DK),Alexander Magnus Busch,A. Busch,60534,2003-07-25,56.17,4,0,5720.25,101.84,570.0,130.5,16.0,45.5,2.0,176.0,18.0,28.48,28.48,29.45,30.57,64.0,1.75,52.25,6.5,1.0,,,0.0,,,11.75,,
1189,Superliga (DK),Anders Dahl,A. Dahl,60535,2002-05-01,33.83,16,2,4184.88,123.72,665.38,315.56,26.0,119.0,5.75,434.56,31.75,28.49,30.4,29.51,31.73,44.19,2.69,37.19,6.5,1.94,0.66,0.66,0.69,1.45,1.65,15.19,2.13,2.76
1189,Superliga (DK),Bjørn Paulsen,B. Paulsen,61124,1991-07-02,44.28,19,1,4894.21,110.54,688.53,239.16,19.84,41.74,2.58,280.89,22.42,26.06,28.36,27.33,30.03,54.63,2.63,42.47,6.21,1.58,0.84,,0.26,1.75,,14.11,2.0,2.82
1189,Superliga (DK),Adam Wikman,A. Wikman,61194,2003-12-15,78.68,12,1,10492.83,133.35,2161.33,442.58,37.67,50.17,2.92,492.75,40.58,25.77,26.78,28.38,29.77,111.08,2.33,97.58,13.0,0.83,0.86,,0.0,,,28.83,1.98,2.73
1189,Superliga (DK),Mohamed Elias  Achouri,E. Achouri,61341,1999-02-10,69.74,21,0,8206.0,117.67,1214.38,562.57,60.05,228.38,12.95,790.95,73.0,30.02,31.3,31.44,32.53,91.38,7.48,72.0,18.19,6.14,0.65,0.68,2.43,1.23,1.42,38.1,1.84,2.63
1189,Superliga (DK),Anssi Tapio Suhonen,A. Suhonen,61893,2001-01-14,53.74,10,1,7205.8,134.09,1278.0,510.0,46.4,149.1,9.0,659.1,55.4,27.94,28.88,29.49,31.1,82.9,2.7,69.5,10.4,2.0,0.83,0.86,0.2,,,37.0,2.06,2.7
1189,Superliga (DK),Magnus Elkjær Mattsson,M. Mattsson,61974,1999-02-25,84.84,6,0,10878.33,128.22,2180.67,704.17,61.33,119.0,8.67,823.17,70.0,26.73,26.86,29.02,29.47,110.83,3.33,97.5,14.33,2.0,0.88,0.98,0.5,2.16,,44.33,2.02,3.04
1189,Superliga (DK),Rodrigo Jhossel Huescas Hurtado,R. Huescas,63271,2003-09-18,87.0,10,0,10132.4,116.46,1519.3,684.3,67.4,253.2,14.0,937.5,81.4,29.55,30.68,31.43,32.87,112.5,8.0,98.0,21.0,6.6,0.67,0.73,2.7,1.16,1.41,38.9,2.04,2.66
1189,Superliga (DK),Norman Campbell,N. Campbell,64398,1999-11-24,52.66,16,0,5927.75,112.56,760.75,333.69,39.12,185.19,9.25,518.88,48.38,31.5,33.02,32.32,34.23,63.5,4.81,53.56,10.88,3.56,0.62,0.64,1.56,1.15,1.23,27.12,1.92,2.92
1189,Superliga (DK),Ísak Andri Sigurgeirsson,Í. Sigurgeirsson,65297,2003-09-11,27.61,5,0,3515.0,127.32,591.0,252.2,24.0,62.4,4.4,314.6,28.4,26.52,26.52,27.66,28.23,38.2,2.8,32.0,3.6,2.0,0.84,,0.6,,,13.8,2.25,2.79
1189,Superliga (DK),Batuhan Zidan Sertdemir,Z. Sertdemir,68942,2005-02-04,19.91,3,0,2385.33,119.8,403.0,184.0,14.67,34.0,2.0,218.0,16.67,27.53,27.53,28.3,28.3,24.67,1.33,20.33,2.33,0.67,,,0.0,,,12.67,2.28,
1189,Superliga (DK),Christian William Gammelgaard Grøndal,C. Gammelgaard,70242,2003-03-10,77.13,31,1,9689.77,125.63,1557.16,596.71,54.97,169.23,10.03,765.94,65.0,28.75,30.34,30.85,32.83,94.58,5.87,80.94,12.71,4.13,0.6,0.66,1.06,1.17,1.24,38.19,1.85,2.68
1189,Superliga (DK),Daniel Bisgaard Haarbo,D. Haarbo,70408,2003-03-14,43.18,3,0,5619.67,130.15,877.0,321.33,22.33,46.33,3.33,367.67,25.67,26.63,26.63,27.7,27.7,54.0,1.67,46.0,5.67,0.33,,,0.0,,,21.0,2.27,3.16
1189,Superliga (DK),Gustav Grubbe Madsen,G. Grubbe,70587,2003-01-27,22.82,15,1,3008.53,131.82,617.93,226.0,18.73,48.73,2.87,274.73,21.6,27.49,29.34,28.55,31.2,31.0,1.6,25.33,4.47,0.8,0.74,0.86,0.07,,,20.27,1.92,2.75
1189,Superliga (DK),Magnus Nordengen Knudsen,M. Knudsen,72012,2001-06-15,94.12,14,0,11445.79,121.61,2041.0,686.29,63.14,193.71,11.57,880.0,74.71,28.64,29.8,31.22,32.63,124.79,5.5,105.64,13.5,3.64,0.6,0.72,0.93,1.4,1.4,46.57,1.85,2.75
1189,Superliga (DK),Sindre Walle Egeli,S. Egeli,72044,2006-06-21,100.63,6,0,11628.0,115.55,1702.17,631.67,63.83,207.17,12.33,838.83,76.17,29.5,30.24,31.5,33.27,118.5,10.33,99.67,20.0,6.83,0.64,0.69,1.83,1.17,,46.67,2.01,2.87
1189,Superliga (DK),Markus Solbakken,M. Solbakken,72160,2000-07-25,49.18,11,1,6286.18,127.81,1227.64,327.73,26.18,61.73,3.0,389.45,29.18,27.08,28.9,28.69,31.5,70.36,2.45,63.09,6.36,1.36,0.76,0.76,0.09,,,20.91,2.19,2.84
1189,Superliga (DK),Runar Robinsønn Norheim,R. Norheim,72218,2005-02-14,64.08,22,3,7740.0,120.78,1296.64,569.5,54.41,193.82,10.55,763.32,64.95,28.9,30.68,30.55,33.13,91.77,7.09,77.18,17.45,4.91,0.64,0.68,1.14,1.22,1.44,32.18,1.93,2.71
1189,Superliga (DK),Felix Vrede Winther,F. Winther,72219,2000-05-18,89.33,24,3,11250.62,125.94,1996.04,563.96,47.92,99.62,5.5,663.58,53.42,27.09,28.88,29.35,31.67,110.5,4.25,99.0,10.96,2.92,0.68,0.69,0.83,1.46,1.49,37.17,1.97,2.66
1189,Superliga (DK),Jeppe Sten Kudsk Pedersen,J. Kudsk,73267,2003-02-25,66.04,21,2,7135.9,108.06,910.1,267.29,23.33,59.29,3.33,326.57,26.67,27.23,29.76,28.57,31.23,81.29,3.14,66.24,8.0,2.0,0.7,0.82,0.57,1.54,,16.52,1.93,3.03
1189,Superliga (DK),Anosike Victor Ementa,A. Ementa,73353,2002-05-03,87.96,3,0,10842.67,123.27,1708.67,593.0,56.0,195.0,10.33,788.0,66.33,28.83,28.83,31.2,31.2,109.33,5.0,91.0,10.33,3.67,0.87,1.01,2.33,1.5,1.78,42.67,2.36,3.13
1189,Superliga (DK),Sung-Hoon Cho,Sung-Hoon Cho,73533,1998-04-21,79.78,1,0,9572.0,119.97,1254.0,659.0,67.0,299.0,14.0,958.0,81.0,28.8,28.8,31.5,,96.0,14.0,72.0,26.0,7.0,,,1.0,,,53.0,,
1189,Superliga (DK),Denil Daniel Castillo Preciado,D. Castillo,75737,2004-03-24,72.18,26,0,8022.35,111.15,1202.27,529.15,55.73,268.88,12.96,798.04,68.69,31.2,32.72,32.92,35.27,93.46,5.23,78.46,15.5,4.19,0.59,0.59,1.65,1.19,1.31,27.77,1.89,2.55
1189,Superliga (DK),William Clem,W. Clem,84587,2004-06-20,54.76,25,0,6432.16,117.45,985.16,345.6,29.88,85.6,4.72,431.2,34.6,28.2,30.4,29.7,32.57,67.0,2.6,58.84,9.8,1.84,0.72,0.76,0.64,1.3,1.74,17.8,1.86,2.88
1189,Superliga (DK),Ibrahim Adel Ali Mohamed Hassan,Ibrahim Adel,90434,2001-04-23,60.41,10,1,7263.4,120.23,1087.6,527.5,55.3,168.6,11.0,696.1,66.3,28.82,29.62,30.25,31.2,75.3,5.8,62.1,14.6,4.2,0.66,0.73,0.8,1.33,,43.0,2.03,2.72
1189,Superliga (DK),Friday Ubi Etim,F. Etim,103035,2002-05-21,89.47,13,2,9921.77,110.89,1209.69,561.62,63.0,224.62,14.08,786.23,77.08,29.86,30.88,31.7,32.87,113.23,11.85,93.0,22.31,8.62,0.61,0.65,3.23,1.17,1.41,45.23,1.8,2.77
1189,Superliga (DK),Daniel Lønborg Thøgersen,D. Thøgersen,110467,2000-01-08,26.63,1,1,3093.0,116.13,459.0,185.0,17.0,42.0,3.0,227.0,20.0,28.4,28.4,29.6,,33.0,2.0,24.0,6.0,1.0,,,0.0,,,8.0,,
1189,Superliga (DK),Sefer Emini,S. Emini,114826,2000-07-15,52.37,19,2,6344.0,121.13,1111.05,402.63,35.42,103.63,5.42,506.26,40.84,27.67,29.76,29.33,31.1,71.89,3.42,59.42,12.47,2.21,0.77,0.78,0.32,2.05,,25.53,1.94,2.68
1189,Superliga (DK),Wandepanga Ismahila Ouédraogo,I. Ouédraogo,118358,1999-11-05,88.44,23,2,10244.52,115.83,1602.52,448.35,43.22,94.39,5.48,542.74,48.7,27.58,28.92,29.61,31.33,116.91,4.3,100.22,14.22,2.7,0.73,0.78,0.65,1.29,1.76,33.35,1.94,2.64
1189,Superliga (DK),Thibault Klidjé,T. Klidjé,120298,2001-07-10,37.83,9,0,4006.0,105.9,562.78,208.11,26.22,99.78,5.56,307.89,31.78,30.79,32.26,31.62,33.77,49.22,3.78,43.11,7.33,3.33,0.61,0.61,1.11,1.34,1.39,18.22,2.06,2.72
1189,Superliga (DK),Alexander Illum Simmelhack,A. Simmelhack,120953,2005-11-11,24.76,14,1,2985.71,120.58,460.36,178.86,18.0,49.79,2.93,228.64,20.93,28.23,30.52,29.22,32.0,31.57,2.14,25.64,4.29,0.93,0.81,0.88,0.29,,,13.29,2.02,2.8
1189,Superliga (DK),Darío Esteban Osorio Osorio,D. Osorio,121172,2004-01-24,73.93,28,0,8233.25,111.36,1151.18,523.54,55.46,270.82,13.89,794.36,69.36,31.65,34.6,33.02,35.43,80.64,6.64,65.14,14.93,5.07,0.59,0.65,1.82,1.2,1.32,31.0,1.82,2.61
1189,Superliga (DK),Mads Søndergaard Clausen,M. Søndergaard,133035,2002-12-26,69.26,23,0,8525.48,123.09,1526.09,515.78,42.52,112.83,5.43,628.61,47.96,27.72,29.66,29.85,32.37,91.65,2.96,80.26,12.39,1.35,0.63,0.74,0.48,1.39,1.82,28.04,2.09,2.7
1189,Superliga (DK),Oliver Ross,O. Ross,133036,2004-10-10,34.95,11,2,4478.09,128.14,746.91,262.91,22.27,45.27,2.45,308.18,24.73,27.18,29.14,28.45,31.03,45.73,1.91,39.73,3.73,1.09,0.82,,0.27,,,20.91,1.96,2.7
1189,Superliga (DK),Dalton Wilkins,D. Wilkins,133496,1999-04-15,25.81,6,1,3001.83,116.29,486.83,194.17,18.83,84.33,3.67,278.5,22.5,29.15,29.88,29.87,31.77,31.83,2.67,24.83,5.33,2.17,0.76,0.95,1.0,1.76,,11.33,2.17,
1189,Superliga (DK),Martin Staghøj Huldahl,M. Huldahl,139822,2004-09-20,19.07,7,1,2281.57,119.62,399.57,155.86,14.14,46.43,2.57,202.29,16.71,28.13,28.76,28.8,30.53,21.14,1.43,18.0,4.14,0.43,,,0.14,,,8.71,2.23,2.95
1189,Superliga (DK),Eskild Munk Dall,E. Dall,141051,2003-01-08,37.17,20,3,4581.3,123.25,726.55,293.5,27.75,93.55,5.15,387.05,32.9,29.0,31.46,30.01,32.6,46.75,3.1,39.1,6.55,2.35,0.61,0.68,0.4,1.64,1.71,19.35,2.02,2.76
1189,Superliga (DK),Asker Beck Jensen,A. Beck Jensen,141052,2003-07-07,45.37,29,1,5782.03,127.44,1040.93,429.62,40.79,149.93,8.24,579.55,49.03,28.76,31.22,30.19,32.37,70.72,3.62,60.0,10.83,2.62,0.61,0.63,0.9,1.22,1.32,26.76,1.92,2.56
1189,Superliga (DK),Martin André Sjølstad,M. Sjølstad,144988,2000-07-09,37.78,12,0,4643.08,122.88,740.0,397.58,37.67,160.92,8.42,558.5,46.08,29.23,30.94,30.32,32.93,53.17,5.33,42.17,11.33,4.17,0.65,0.7,1.33,1.24,1.32,24.08,2.04,2.71
1189,Superliga (DK),Franculino Gluda Djú,Franculino Djú,154077,2004-06-28,69.57,21,0,7726.86,111.07,1168.71,561.9,53.29,188.33,10.86,750.24,64.14,29.24,31.46,31.1,34.17,81.38,6.9,68.19,12.86,4.43,0.59,0.61,1.0,1.21,1.3,41.62,1.81,2.7
1189,Superliga (DK),Valdemar Byskov Andreasen,V. Byskov,154078,2005-01-25,44.9,28,0,5364.43,119.48,925.5,332.32,29.68,101.29,5.36,433.61,35.04,28.39,30.78,29.77,32.87,53.46,2.75,46.5,7.54,1.61,0.67,0.69,0.5,1.38,,19.36,1.97,2.67
1189,Superliga (DK),Daniel Filipe Bandeira e Silva,Dani Silva,160196,2000-04-11,46.07,10,0,5633.4,122.29,970.4,353.5,31.1,92.9,5.6,446.4,36.7,27.89,28.96,29.17,31.1,63.5,2.3,51.5,6.5,1.5,0.75,0.84,0.3,,,20.8,2.26,2.79
1189,Superliga (DK),Marius Elvius Kolind-Jørgensen,M. Elvius,161145,2002-06-01,13.17,2,0,1734.5,131.73,257.5,104.5,9.0,32.5,1.5,137.0,10.5,28.15,28.15,28.8,,15.5,1.0,12.5,1.0,0.0,,,0.0,,,6.0,,
1189,Superliga (DK),Victor Bak Jensen,V. Bak Jensen,162426,2003-10-03,84.77,30,0,9487.73,111.92,1325.3,650.73,64.63,288.73,16.03,939.47,80.67,30.87,32.84,32.58,34.7,104.0,8.23,86.47,20.87,6.4,0.6,0.61,2.57,1.21,1.29,34.27,1.85,2.67
1189,Superliga (DK),Cho Gue-Sung,Cho Gue-Sung,163820,1998-01-25,55.5,25,0,6500.64,117.13,982.56,450.36,45.4,185.8,10.04,636.16,55.44,29.65,30.94,30.8,32.63,68.08,4.68,54.56,13.0,3.44,0.66,0.66,1.16,1.33,1.38,30.2,1.9,2.69
1189,Superliga (DK),Amin Al Hamawi,Amin Al Hamawi,169258,2003-12-17,31.49,4,0,3668.25,116.5,596.5,204.0,19.75,45.75,3.25,249.75,23.0,26.52,26.52,27.6,28.37,50.0,2.0,42.5,6.5,1.0,,,0.5,,,14.0,,
1189,Superliga (DK),Srdjan Kuzmić,S. Kuzmić,172044,2004-01-16,83.38,26,0,9833.08,117.93,1485.04,642.23,61.62,245.23,13.0,887.46,74.62,29.99,31.64,31.67,33.37,112.65,6.54,95.77,17.54,4.81,0.6,0.66,1.58,1.22,1.25,35.08,1.91,2.65
1189,Superliga (DK),Charly Nouck Horneman,C. Nouck,173402,2004-03-21,59.6,29,0,6811.86,114.29,976.76,491.24,50.79,193.41,11.38,684.66,62.17,30.19,31.9,31.81,33.7,79.03,7.97,64.03,13.1,6.72,0.54,0.54,2.69,1.08,1.22,31.24,1.7,2.53
1189,Superliga (DK),Max Isaac Ejdum,M. Ejdum,176185,2004-10-15,85.59,24,2,10841.04,126.66,1886.67,588.67,55.75,132.33,8.42,721.0,64.17,27.89,29.78,30.23,32.93,114.54,5.04,101.79,14.17,3.21,0.64,0.66,0.67,1.3,1.35,49.25,1.8,2.51
1189,Superliga (DK),Sérgio Pereira Andrade,Serginho,179560,2001-01-29,33.03,2,0,3628.0,109.83,494.0,220.0,21.5,59.5,4.0,279.5,25.5,26.75,26.75,28.3,,40.5,3.0,33.0,6.0,2.5,,,1.0,,,20.0,,
1189,Superliga (DK),Tonni Adamsen,T. Adamsen,180600,1994-11-15,89.29,29,2,10808.28,121.05,1568.59,600.17,56.76,195.1,10.86,795.28,67.62,28.91,30.92,30.76,32.8,113.0,6.52,94.24,14.72,4.59,0.62,0.66,1.34,1.27,1.32,48.45,1.75,2.85
1189,Superliga (DK),Noah  Ganaus,N. Ganaus,184438,2001-01-19,88.47,30,2,10719.5,121.16,1590.9,731.23,69.53,237.1,13.37,968.33,82.9,29.28,30.84,31.52,33.53,106.6,8.33,85.43,19.23,5.77,0.57,0.63,1.5,1.2,1.22,48.0,1.87,2.59
1189,Superliga (DK),Masaki Murata,M. Murata,184718,1999-08-29,26.76,3,0,3026.0,113.1,423.0,173.0,12.67,46.0,1.33,219.0,14.0,29.03,29.03,29.43,29.43,27.67,1.67,22.0,5.33,1.0,,,0.0,,,10.0,2.84,
1189,Superliga (DK),William Madsen,W. Madsen,205998,2002-04-05,54.01,19,1,6794.11,125.8,1139.16,383.89,32.84,97.63,5.05,481.53,37.89,27.88,29.6,29.52,31.63,73.32,3.11,66.74,5.95,1.89,0.66,0.78,0.37,1.57,,20.68,2.13,2.84
1189,Superliga (DK),Oscar Buch,O. Buch,206007,1997-02-14,70.33,20,2,8692.4,123.6,1437.25,619.8,56.0,214.35,11.8,834.15,67.8,29.04,30.86,30.61,32.1,93.75,5.9,80.6,15.35,4.0,0.63,0.68,1.15,1.38,1.68,35.9,1.86,2.85
1189,Superliga (DK),Alexander Lyng,A. Lyng,206009,2004-11-26,64.48,26,2,8122.27,125.96,1443.31,676.77,57.58,193.0,11.23,869.77,68.81,28.32,29.64,30.14,31.8,92.19,5.27,75.69,14.62,3.77,0.65,0.74,1.27,1.57,1.68,39.81,1.79,2.7
1189,Superliga (DK),Anders Bergholt Pedersen,A. Bergholdt,206032,2005-02-21,25.99,4,1,3206.25,123.36,611.75,318.0,25.5,90.25,5.5,408.25,31.0,27.12,27.12,28.38,30.13,33.5,2.5,26.75,5.5,2.25,0.67,,0.75,,,16.0,2.23,
1189,Superliga (DK),Mads Freundlich,M. Freundlich,206047,2003-03-25,65.07,20,1,8199.7,126.02,1401.35,322.05,29.75,39.85,2.6,361.9,32.35,25.8,27.7,27.84,30.43,85.35,2.95,73.1,8.4,1.9,0.74,0.77,0.25,1.92,,23.9,1.89,2.82
1189,Superliga (DK),Junnosuke Suzuki,J. Suzuki,254582,2003-07-12,92.4,22,0,10074.5,109.04,1379.86,615.32,56.73,191.14,10.64,806.45,67.36,28.91,30.2,30.82,32.13,114.73,8.73,98.27,17.23,5.95,0.6,0.64,1.55,1.2,1.29,30.27,2.05,2.67
1189,Superliga (DK),Chidiebube Gideon Duru,C. Duru,285130,1999-07-31,57.13,19,1,6277.16,109.87,866.0,356.11,34.11,118.58,6.63,474.68,40.74,28.59,30.68,30.07,32.73,71.42,5.0,61.32,12.11,4.26,0.63,0.68,1.68,1.2,1.27,17.63,2.17,2.83
1189,Superliga (DK),Ousmane Sow,O. Sow,285199,2000-07-05,47.89,13,1,5586.54,116.66,845.08,327.54,35.23,162.08,7.54,489.62,42.77,30.23,32.24,31.37,33.9,57.69,4.31,47.0,8.46,2.54,0.6,0.65,1.15,1.18,1.41,24.15,2.03,2.95
1189,Superliga (DK),Benjamin Tahirović,B. Tahirović,335907,2003-03-03,53.22,25,0,6534.88,122.78,1160.2,366.12,29.76,82.2,4.4,448.32,34.16,27.44,30.06,28.9,31.6,62.04,2.16,52.84,6.48,1.36,0.65,0.78,0.36,1.54,1.76,22.24,1.98,2.75
1189,Superliga (DK),Thomas Jørgensen,T. Jørgensen,365781,2005-09-30,89.22,31,0,11155.94,125.03,1950.97,645.42,55.61,142.61,8.48,788.03,64.1,27.57,29.3,29.75,31.83,106.32,3.68,95.0,13.77,2.61,0.63,0.67,0.77,1.31,1.43,39.65,1.79,2.79
1189,Superliga (DK),Amin Chiakha,A. Chiakha,365787,2006-03-12,74.28,14,0,8672.5,116.76,1183.86,603.07,60.07,201.29,12.14,804.36,72.21,29.16,30.52,30.89,32.6,88.29,6.93,69.71,15.07,5.21,0.69,0.81,1.86,1.26,1.47,31.93,1.84,2.8
1189,Superliga (DK),Victor Froholdt,V. Froholdt,365789,2006-02-25,98.78,1,0,13666.0,138.34,2831.0,992.0,85.0,271.0,14.0,1263.0,99.0,29.4,29.4,31.7,,134.0,3.0,138.0,16.0,3.0,,,2.0,,,70.0,,
1189,Superliga (DK),Marcus McCoy,M. McCoy,381223,2005-08-24,62.52,29,2,7381.21,118.06,1040.31,415.21,40.07,140.31,7.66,555.52,47.72,28.96,31.48,30.51,33.27,72.14,4.03,61.41,11.48,2.76,0.63,0.67,0.69,1.41,1.6,23.52,1.99,2.66
1189,Superliga (DK),Daniel Freyr Kristjansson,D. Kristjansson,441633,2005-08-30,63.54,13,3,8076.08,127.09,1376.46,574.38,52.54,193.08,9.77,767.46,62.31,29.28,30.52,30.62,31.63,93.38,4.62,81.15,11.38,3.38,0.62,0.74,1.08,1.36,1.38,34.77,2.01,2.78
1189,Superliga (DK),Asbjørn Bøndergaard,A. Bøndergaard,470959,2004-05-05,20.7,4,0,2496.5,120.58,341.25,143.75,12.75,28.5,2.25,172.25,15.0,26.45,26.45,27.62,28.33,29.5,1.5,27.25,2.5,1.0,0.95,,0.25,,,12.25,2.57,
1189,Superliga (DK),Villads Westh,V. Westh,470975,2004-04-25,62.89,19,3,8390.79,133.43,1618.47,532.11,44.0,101.0,5.68,633.11,49.68,27.31,29.06,28.9,30.9,93.68,2.84,84.0,10.26,1.53,0.65,0.66,0.26,1.69,1.93,32.47,1.9,2.76
1189,Superliga (DK),Sabil Osman Hansen,S. Hansen,470981,2005-11-14,51.78,26,0,6095.92,117.73,942.35,398.15,38.31,151.35,8.42,549.5,46.73,29.72,32.3,30.87,34.0,66.04,5.27,53.27,13.23,3.85,0.59,0.6,1.27,1.11,1.16,23.92,2.02,2.62
1189,Superliga (DK),Oskar Boesen,O. Boesen,470982,2005-05-05,38.38,8,0,5285.12,137.72,1063.62,414.38,32.12,72.38,4.88,486.75,37.0,27.56,28.36,29.1,30.4,59.25,2.75,50.88,7.12,1.62,0.83,0.88,0.25,,,19.62,2.13,2.85
1189,Superliga (DK),Elias Hansborg-Sørensen,E. Hansborg-Sørensen,470988,2005-07-02,17.19,10,2,2353.8,136.9,463.1,168.4,14.8,32.0,2.3,200.4,17.1,26.93,27.94,27.87,29.9,25.3,1.1,19.8,3.0,0.4,,,0.0,,,14.8,1.9,2.89
1189,Superliga (DK),Jakob Jessen,J. Jessen,470989,2004-03-05,83.14,29,3,10359.66,124.6,1687.66,643.45,56.21,179.66,10.76,823.1,66.97,28.36,30.2,30.17,32.17,106.59,5.72,88.69,16.34,3.31,0.63,0.7,0.93,1.37,1.37,41.9,1.81,2.53
1189,Superliga (DK),Nikolaj Juul-Sandberg,N. Juul-Sandberg,470991,2006-04-21,23.57,1,0,3060.0,129.84,574.0,134.0,16.0,42.0,3.0,176.0,19.0,26.8,26.8,27.9,,29.0,1.0,24.0,3.0,0.0,,,0.0,,,14.0,,
1189,Superliga (DK),Mikel Johan Gogorza Krüger-Johnsen,M. Krüger-Johnsen,471003,2006-09-27,40.42,23,0,4370.0,108.13,611.04,285.17,27.04,115.17,5.7,400.35,32.74,29.34,32.08,30.21,33.4,45.39,3.52,36.65,7.09,2.83,0.64,0.65,1.13,1.17,1.47,16.83,2.0,2.63
1189,Superliga (DK),Mads Fauerholdt Agger,M. Agger,526182,1999-12-21,72.72,20,1,8635.25,118.75,1318.2,610.8,62.8,252.9,13.45,863.7,76.25,29.85,31.24,31.74,33.33,92.85,8.25,77.55,16.55,6.65,0.59,0.67,2.6,1.17,1.2,39.8,1.9,2.56
1189,Superliga (DK),Gabriel Pereira Magalhães dos Santos,Gabriel Pereira,536939,2000-05-07,94.96,25,1,9982.56,105.13,1178.52,354.76,34.24,97.76,5.32,452.52,39.56,28.82,31.54,30.78,33.93,105.2,4.24,86.52,9.8,2.64,0.57,0.58,0.8,1.29,1.37,20.44,1.91,2.71
1189,Superliga (DK),Jona Niemiec,J. Niemiec,550011,2001-09-19,43.34,23,2,5395.52,124.51,846.87,356.74,36.13,129.83,7.65,486.57,43.78,29.55,32.06,30.9,33.6,57.52,3.87,46.74,8.52,3.0,0.69,0.71,1.09,1.19,1.37,30.17,1.88,2.75
1189,Superliga (DK),Munashe Garananga,M. Garananga,556546,2001-01-18,67.97,5,0,7085.0,104.23,867.2,268.2,26.0,59.0,3.6,327.2,29.6,28.38,28.38,29.78,30.53,80.8,3.6,64.0,8.8,2.8,0.84,,0.2,,,11.4,2.23,
1189,Superliga (DK),Marcus Younis,M. Younis,560993,2005-07-03,20.52,2,0,2322.0,113.18,334.5,90.5,9.0,53.5,1.5,144.0,10.5,32.15,32.15,32.35,,25.0,3.0,21.5,3.0,2.0,,,0.0,,,10.5,,
1189,Superliga (DK),Lucas Hogsberg,L. Hogsberg,580086,2006-06-23,98.53,3,0,10350.67,105.05,1343.33,422.0,45.0,145.0,9.0,567.0,54.0,29.73,29.73,31.23,31.23,103.33,5.33,83.67,10.0,3.0,,,1.0,,,18.33,2.29,
1189,Superliga (DK),Jakob Vester Nielsen,J. Vester,590872,2004-12-28,38.06,15,0,4788.6,125.82,810.07,312.4,28.07,77.47,4.87,389.87,32.93,28.35,30.5,29.69,32.5,58.47,2.6,49.8,8.87,2.0,0.71,0.71,0.8,1.39,1.65,16.0,2.14,2.92
1189,Superliga (DK),Alexander Priesborg Madsen,A. Priesborg Madsen,627219,2005-05-14,97.31,2,1,10085.0,103.64,1122.5,293.0,35.0,82.0,5.5,375.0,40.5,29.0,29.0,30.7,,117.5,5.5,105.0,13.0,3.0,,,1.5,,,26.5,,
1189,Superliga (DK),Laurits Raun Pedersen,L. Pedersen,634418,2006-01-25,61.97,29,0,8132.83,131.24,1567.9,378.76,31.14,68.62,4.03,447.38,35.17,26.51,28.68,28.28,30.73,87.83,1.83,77.41,7.62,0.97,0.8,0.83,0.17,1.92,,32.52,1.91,2.63
1189,Superliga (DK),Dorian Junior Hanza Meha,Dorian Hanza,640030,2001-05-12,55.14,30,0,6271.63,113.74,972.6,423.93,42.0,151.1,8.6,575.03,50.6,29.66,32.36,31.19,34.13,69.37,5.13,55.8,13.87,3.63,0.67,0.69,1.3,1.22,1.45,30.9,1.83,2.59
1189,Superliga (DK),Yoram Zague,Y. Zague,641116,2006-05-15,27.2,7,0,3163.14,116.27,434.86,221.71,22.29,95.29,5.29,317.0,27.57,30.5,31.14,31.1,32.47,36.86,2.71,30.43,7.29,2.0,0.59,,1.0,1.17,,9.57,2.34,
1189,Superliga (DK),Florian Danho,F. Danho,641494,2000-06-21,52.31,8,0,5608.25,107.22,756.0,301.25,31.5,102.5,5.38,403.75,36.88,29.84,30.7,31.25,32.63,59.75,4.88,52.38,9.5,3.5,0.63,0.82,1.25,1.44,1.66,22.25,2.1,2.98
1189,Superliga (DK),Han-Beom Lee,Lee Han-Beom,643025,2002-06-17,90.33,29,0,9725.66,107.67,1339.28,493.62,45.24,146.62,8.45,640.24,53.69,29.27,32.04,30.94,33.7,101.1,6.31,80.66,12.21,4.31,0.57,0.58,1.34,1.16,1.26,30.62,1.9,2.57
1189,Superliga (DK),Bismark Edjeodji,B. Edjeodji,655405,2007-04-24,41.04,24,0,4840.46,117.94,750.83,333.54,37.92,180.79,10.12,514.33,48.04,30.61,32.22,31.68,33.73,51.83,4.71,41.42,12.0,3.21,0.66,0.67,0.83,1.34,1.54,25.42,1.89,2.55
1189,Superliga (DK),Markus Gustav Jensen,M. Jensen,667471,2005-07-15,27.1,1,0,3201.0,118.12,497.0,211.0,24.0,150.0,6.0,361.0,30.0,30.3,30.3,31.1,,34.0,4.0,24.0,5.0,3.0,,,1.0,,,18.0,,
1189,Superliga (DK),Arlet Junior Zé,Junior Zé,669449,2006-03-22,32.55,1,0,4107.0,126.18,676.0,290.0,32.0,206.0,7.0,496.0,39.0,29.8,29.8,30.9,,38.0,4.0,31.0,3.0,1.0,,,0.0,,,21.0,,
1189,Superliga (DK),Robert Vinicius  Rodrigues Silva,Robert,681209,2005-04-13,55.86,24,0,6585.17,117.89,949.5,476.5,50.29,220.12,11.5,696.62,61.79,30.48,32.5,31.71,34.17,75.17,6.83,60.67,16.58,5.46,0.63,0.65,1.75,1.2,1.26,35.62,1.92,2.62
1189,Superliga (DK),Matti Bøge Olsen,Matti Olsen,713238,1995-06-07,15.08,1,0,1503.0,99.65,160.0,58.0,9.0,43.0,2.0,101.0,11.0,28.8,28.8,29.1,,19.0,1.0,12.0,4.0,0.0,,,0.0,,,7.0,,
1189,Superliga (DK),Tobias Lauritsen,T. Lauritsen,715433,2004-06-18,65.42,15,0,7840.93,119.85,1437.4,532.93,44.0,105.53,6.27,638.47,50.27,26.92,28.3,28.51,30.43,89.6,3.33,75.47,14.27,1.87,0.72,0.76,0.33,1.6,,30.0,1.93,2.89
1189,Superliga (DK),Lukas Emil Kirkegaard,L. Kirkegaard,723639,2005-08-31,93.12,15,0,9899.8,106.31,1272.8,407.8,34.93,98.53,5.0,506.33,39.93,28.03,30.06,29.69,31.5,104.13,3.93,81.27,9.4,1.6,0.78,,0.4,1.92,,22.07,2.01,2.92
1189,Superliga (DK),Yonis Njoh,Y. Njoh,731461,2004-01-17,53.79,10,0,6813.5,126.66,1178.6,526.1,54.5,174.0,9.7,700.1,64.2,29.03,30.78,30.73,32.7,72.8,6.2,58.4,11.3,5.2,0.6,0.62,1.9,1.2,1.26,40.8,1.96,2.62
1189,Superliga (DK),Ousmane Diao,O. Diao,735660,2004-06-08,84.09,22,0,9561.27,113.7,1357.91,478.77,45.82,179.05,9.55,657.82,55.36,29.85,31.5,31.59,33.43,98.91,6.14,74.09,13.41,3.82,0.59,0.62,1.14,1.15,1.24,32.95,2.0,2.6
1189,Superliga (DK),Jonatan Holm Lindekilde,J. Lindekilde,738136,2006-03-31,59.76,16,1,7378.56,123.46,1185.44,465.69,44.94,166.62,8.94,632.31,53.88,28.85,30.54,30.14,32.0,82.56,4.06,70.06,12.56,2.94,0.62,0.75,1.06,1.46,1.82,26.62,1.88,3.05
1189,Superliga (DK),Sho Fukuda,S. Fukuda,742466,2001-03-23,47.08,24,0,5401.71,114.72,790.58,380.71,36.42,144.46,7.46,525.17,43.88,28.82,30.66,30.18,32.73,56.21,4.92,44.5,11.33,3.71,0.56,0.59,1.33,1.19,1.3,27.83,1.79,2.59
1189,Superliga (DK),Lasse Flø Borregaard,L. Flø Borregaard,749127,2005-10-15,67.81,27,1,7850.44,115.77,1140.04,495.3,50.11,210.63,11.15,705.93,61.26,29.94,31.84,31.21,33.23,88.81,5.78,75.67,13.93,4.33,0.61,0.63,1.44,1.15,1.27,31.52,2.0,2.66
1189,Superliga (DK),Rúnar Thór Sigurgeirsson,R. Sigurgeirsson,753074,1999-12-28,43.43,3,0,5013.0,115.43,852.0,319.67,27.33,95.67,5.33,415.33,32.67,27.3,27.3,28.63,28.63,51.0,3.0,41.33,7.67,0.67,,,0.0,,,13.67,,
1189,Superliga (DK),Clement Mutahi Bischoff,C. Bischoff,764505,2005-12-16,72.42,7,0,8351.71,115.32,1282.0,524.43,49.71,151.29,8.71,675.71,58.43,28.36,29.0,29.99,30.97,95.43,6.29,81.14,17.0,4.14,0.73,0.8,1.57,1.32,1.57,35.57,1.97,2.9
1189,Superliga (DK),Simon Sylvest Wæver,S. Wæver,771993,1996-01-21,55.37,25,2,6774.12,122.35,1091.2,511.68,49.76,229.16,11.36,740.84,61.12,30.44,32.36,31.68,33.67,77.92,4.92,64.6,13.36,3.84,0.62,0.66,1.36,1.23,1.26,28.36,1.91,2.62
1189,Superliga (DK),Frederik  Damkjer,F. Damkjer,775009,2007-07-31,16.14,7,0,2161.14,133.92,381.14,166.86,12.14,25.86,1.14,192.71,13.29,26.13,26.74,26.9,28.0,20.43,0.86,17.86,2.0,0.29,,,0.14,,,6.29,2.46,
1189,Superliga (DK),Nicolas Gammelgaard,N. Gammelgaard,786161,2008-11-06,13.66,2,0,1679.5,122.97,298.0,111.5,12.5,36.5,2.0,148.0,14.5,27.0,27.0,27.5,,22.0,1.5,17.0,2.5,1.5,,,0.0,,,10.0,,
1189,Superliga (DK),Noah Hessellund Markmann,N. Markmann,797153,2007-02-24,77.14,22,2,8579.36,111.22,1201.32,455.59,45.45,189.0,9.82,644.59,55.27,30.25,32.16,31.86,34.2,99.18,5.23,75.64,14.5,3.5,0.59,0.7,1.77,1.1,1.25,25.27,1.96,2.63
1189,Superliga (DK),Musa Toure,M. Toure,797296,2005-11-12,37.97,13,0,4282.46,112.8,637.38,266.69,26.85,79.0,5.08,345.69,31.92,28.85,30.56,29.98,32.23,52.62,3.69,47.77,7.23,2.23,0.65,0.69,0.54,1.39,,15.69,2.46,3.0
1189,Superliga (DK),Mamadou Lamine Sadio,Lamine Sadio,799332,2007-12-24,71.76,9,1,9914.56,138.17,2012.67,855.78,80.11,290.0,16.67,1145.78,96.78,29.39,30.26,31.26,32.43,104.0,10.11,85.22,19.33,7.44,0.63,0.63,2.0,1.28,1.33,65.11,1.92,2.64
1189,Superliga (DK),Souleymane Alio,S. Alio,799993,2006-10-28,18.87,2,0,2306.5,122.25,336.0,106.5,12.5,70.5,2.0,177.0,14.5,27.65,27.65,28.3,,26.5,2.0,22.5,3.0,1.5,,,1.5,,,14.0,,
1189,Superliga (DK),Noah Teye Nartey,N. Nartey,811238,2005-10-05,73.44,17,0,9335.0,127.12,1527.35,571.35,52.65,145.24,8.41,716.59,61.06,28.15,29.48,29.93,31.63,97.29,4.88,83.82,13.35,3.18,0.64,0.68,0.94,1.42,1.49,42.71,1.91,2.73
1189,Superliga (DK),Frederik  Thykær Rieper,F. Rieper,811239,1999-06-19,98.22,29,3,10574.9,107.67,1397.45,412.17,35.93,109.52,5.31,521.69,41.24,28.59,30.96,30.42,32.73,116.0,4.0,97.83,9.52,2.69,0.64,0.71,0.45,1.23,1.3,21.59,2.0,2.93
1189,Superliga (DK),Anders Sønderskov,A. Sønderskov,811499,2006-11-04,53.56,5,0,5901.6,110.18,776.0,272.8,25.0,82.0,4.6,354.8,29.6,28.46,28.46,29.56,30.8,62.6,3.2,53.8,6.8,1.8,0.95,,0.0,,,16.6,,
1189,Superliga (DK),Tobias  Bach,T. Bach,811500,2003-06-04,81.78,20,1,10147.55,124.09,1638.6,755.35,69.3,293.65,15.55,1049.0,84.85,30.36,31.48,32.09,33.77,101.15,7.05,83.15,17.45,5.35,0.63,0.72,1.55,1.34,1.4,49.2,1.88,2.64
1189,Superliga (DK),Mike Themsen Kofod,M. Themsen,811918,2006-03-10,57.31,29,0,7602.1,132.66,1497.72,601.28,52.9,131.52,8.48,732.79,61.38,27.97,30.06,29.77,31.5,89.03,4.48,73.62,12.79,2.79,0.64,0.79,0.86,1.45,1.74,40.72,1.83,2.59
1189,Superliga (DK),Bojang Yaya,Bojang Yaya,818236,2004-09-10,54.23,23,4,6414.0,118.27,926.3,349.26,33.57,107.7,6.61,456.96,40.17,28.37,31.3,29.76,33.4,72.04,4.39,56.83,10.13,3.04,0.64,0.64,1.13,1.27,1.3,23.17,1.86,2.71
1189,Superliga (DK),Luka Callø Carstensen,L. Callø Carstensen,818387,2006-05-10,12.39,3,0,1555.33,125.49,242.33,72.67,5.67,12.33,0.67,85.0,6.33,26.33,26.33,27.07,27.07,20.33,0.67,15.33,0.67,0.0,,,0.0,,,5.67,,
1189,Superliga (DK),Julius Nielsen,J. Nielsen,818421,2006-04-26,42.21,22,2,5491.18,130.1,1053.32,369.59,31.82,103.32,5.77,472.91,37.59,27.93,30.6,29.43,32.1,59.14,2.73,50.68,7.68,1.82,0.67,0.67,0.41,1.59,,21.09,2.06,2.85
1189,Superliga (DK),Max Albæk Andersen,M. Albæk,818598,2006-02-19,15.48,4,0,2024.25,130.77,354.0,118.25,11.0,19.5,1.5,137.75,12.5,26.48,26.48,27.05,27.53,21.75,1.0,17.5,2.75,0.5,,,0.25,,,11.25,2.48,2.86
1189,Superliga (DK),Oliver Højer,O. Højer,819528,2007-01-24,44.04,5,0,5342.0,121.3,971.2,348.6,32.4,113.0,6.0,461.6,38.4,28.04,28.04,29.56,30.0,61.4,3.0,52.8,8.4,2.2,0.66,0.66,0.4,,,22.8,,3.02
1189,Superliga (DK),Frederik Emmery,F. Emmery,825109,2006-12-25,36.45,24,0,4327.21,118.71,701.25,324.54,31.33,134.88,7.17,459.42,38.5,29.47,32.04,30.44,33.0,45.38,3.75,37.04,6.38,3.17,0.64,0.64,1.42,1.18,1.33,17.38,2.01,2.67
1189,Superliga (DK),William Christian Martin,W. Martin,826906,2007-04-23,23.77,15,1,3114.53,131.02,583.6,218.73,19.53,47.73,3.0,266.47,22.53,26.66,28.26,27.71,30.13,33.8,1.8,27.27,5.87,1.27,0.81,0.91,0.33,1.69,,17.6,1.93,2.91
1189,Superliga (DK),Ivan Cabrel Djantou Tchaboutang,I. Djantou,838626,2002-03-14,13.82,1,0,1523.0,110.23,194.0,103.0,9.0,23.0,2.0,126.0,11.0,26.6,26.6,27.5,,19.0,2.0,16.0,4.0,2.0,,,0.0,,,7.0,,
1189,Superliga (DK),Sidi Mohamed  Cherif Haidara,S. Cherif Haidara,838627,2005-10-02,54.9,25,2,6580.84,119.87,1086.2,425.6,37.96,119.88,6.84,545.48,44.8,27.89,29.94,29.38,31.5,71.84,2.8,63.16,9.32,2.04,0.77,0.77,0.28,1.66,,21.08,2.1,2.82
1189,Superliga (DK),Lukas Björklund,L. Björklund,838628,2004-02-16,33.2,4,0,4091.5,123.22,713.25,290.0,25.75,46.75,3.0,336.75,28.75,27.5,27.5,28.5,28.7,49.25,2.25,39.25,8.0,1.25,0.93,,0.5,,,20.5,2.1,2.95
1189,Superliga (DK),Caleb Marfo Yirenkyi,C. Yirenkyi,838629,2006-01-15,96.1,27,3,11660.11,121.33,1936.19,658.07,59.04,187.89,10.3,845.96,69.33,28.6,30.22,30.8,32.73,127.74,6.22,111.48,16.78,4.22,0.6,0.66,1.3,1.1,1.22,38.96,1.93,2.59
1189,Superliga (DK),Levy Nene,L. Nene,838630,2006-03-17,26.87,16,4,2996.38,111.51,382.12,150.75,15.19,50.62,2.44,201.38,17.62,28.46,30.7,29.21,31.67,32.0,1.94,27.25,3.81,1.38,0.77,0.99,0.44,1.46,,9.88,2.23,2.95
1189,Superliga (DK),Julius Berthel Askou Harvey,J. Askou,839120,2006-05-27,77.34,29,1,8883.69,114.86,1257.34,394.79,35.93,110.45,6.45,505.24,42.38,28.59,30.82,30.36,32.67,98.59,3.48,79.66,9.69,1.97,0.62,0.76,0.69,1.29,1.48,23.79,2.07,2.69
1189,Superliga (DK),Giorgi Tabatadze,G. Tabatadze,840433,2005-10-29,31.58,11,0,3697.0,117.06,561.45,267.18,26.91,113.64,6.73,380.82,33.64,29.18,30.46,30.14,31.97,38.91,3.09,33.45,5.73,2.18,0.7,0.83,0.82,1.3,,17.09,1.8,2.85
1189,Superliga (DK),Hjalte Bidstrup,H. Bidstrup,840442,2006-02-15,68.99,27,0,8149.67,118.13,1171.67,519.52,53.11,233.11,11.63,752.63,64.74,30.58,32.78,31.97,33.73,87.96,5.81,72.52,17.85,4.33,0.59,0.6,1.56,1.14,1.25,27.19,1.98,2.73
1189,Superliga (DK),Viktor Bjarki Daðason,V. Daðason,841968,2008-06-30,41.3,18,0,5059.0,122.49,757.5,344.22,35.56,114.5,7.83,458.72,43.39,29.39,31.62,30.46,32.83,58.33,3.94,45.11,10.94,3.28,0.64,0.77,1.33,1.41,1.44,26.22,1.86,2.76
1189,Superliga (DK),Mike Løhde Vestergård,M. Vestergård,842210,1997-11-19,88.01,30,1,10398.37,118.15,1695.07,503.57,45.87,125.97,6.93,629.53,52.8,27.92,30.4,29.94,32.27,108.6,4.4,96.07,13.1,2.67,0.61,0.62,0.63,1.21,,40.0,1.91,2.69
1189,Superliga (DK),Sami Jalal,S. Jalal,842215,2004-08-08,77.81,31,0,9552.23,122.76,1564.87,688.32,64.0,225.71,12.74,914.03,76.74,29.13,30.82,31.03,33.4,101.52,6.35,81.55,15.48,4.19,0.63,0.64,1.42,1.29,1.29,46.84,1.87,2.7
1189,Superliga (DK),Osman Abdulkadir Addo,O. Addo,847695,2004-03-31,25.93,8,0,3141.5,121.14,555.12,262.88,23.5,98.12,4.88,361.0,28.38,28.89,29.4,29.94,30.77,35.88,2.88,30.62,5.62,2.12,0.77,0.78,0.38,1.79,,14.0,2.06,2.81
1189,Superliga (DK),Justin Meltofte Janssen,J. Meltofte Janssen,850101,2006-07-25,58.35,25,4,7226.68,123.84,1194.12,334.44,28.04,68.48,3.68,402.92,31.72,27.32,29.08,28.83,30.7,71.24,1.96,62.28,6.2,1.04,0.67,0.76,0.36,1.42,1.56,17.2,2.02,2.8
1189,Superliga (DK),Sebastian Biller Mikkelsen,S. Biller Mikkelsen,858605,2006-11-01,15.45,1,0,2023.0,130.94,273.0,88.0,10.0,9.0,1.0,97.0,11.0,25.4,25.4,26.4,,26.0,1.0,21.0,2.0,0.0,,,0.0,,,11.0,,
1189,Superliga (DK),Abdul Hakim Sulemana,A. Hakim Sulemana,886049,2005-02-19,5.62,1,0,748.0,133.18,154.0,60.0,8.0,45.0,2.0,105.0,10.0,28.9,28.9,29.4,,6.0,1.0,4.0,2.0,1.0,,,1.0,,,3.0,,
1189,Superliga (DK),Raphael Canut Pedersen,R. Pedersen,908443,2009-03-31,58.14,6,0,6489.83,111.62,921.33,280.33,29.33,106.17,5.0,386.5,34.33,28.55,29.66,31.33,33.77,65.83,4.67,54.67,8.0,3.0,0.67,0.67,0.67,1.42,,16.67,2.07,3.2
1189,Superliga (DK),Olti Hyseni,O. Hyseni,920530,2007-07-17,60.57,29,2,6984.69,115.31,1022.52,468.34,47.52,241.45,11.14,709.79,58.66,30.06,32.16,31.3,33.83,73.69,5.34,58.48,13.31,3.93,0.64,0.64,1.59,1.38,1.47,30.14,1.91,2.64
1189,Superliga (DK),Benjamin Dela Hounou Clemmensen,B. Clemmensen,920775,2005-01-04,4.47,1,0,649.0,145.3,103.0,22.0,2.0,3.0,0.0,25.0,2.0,22.1,22.1,23.4,,6.0,0.0,4.0,0.0,0.0,,,0.0,,,3.0,,
1189,Superliga (DK),Sofus Østergaard Grandjean Johannesen,S. Johannesen,962303,2007-05-04,60.69,20,2,7386.45,121.71,1184.95,510.7,47.85,157.15,9.1,667.85,56.95,28.57,30.48,30.1,31.93,81.75,5.2,66.8,13.0,3.5,0.63,0.74,1.05,1.33,1.48,30.85,1.9,2.7
1189,Superliga (DK),Julius Emefile,J. Emefile,962305,2007-04-02,32.45,4,0,3738.0,115.19,526.5,285.75,27.0,130.75,6.75,416.5,33.75,29.43,29.43,30.23,30.77,40.5,3.5,31.25,7.0,2.75,0.77,0.91,0.75,,,19.75,2.54,2.76
1189,Superliga (DK),Magnus Andersen,M. Andersen,966874,2006-04-03,15.73,2,0,1981.5,125.94,315.0,157.5,15.0,31.5,2.5,189.0,17.5,27.05,27.05,28.5,,25.0,2.5,20.5,5.0,2.0,,,0.5,,,15.0,,
1189,Superliga (DK),Kenay Myrie Reyes,Kenay Myrie,967568,2006-09-06,66.7,2,0,7620.5,114.25,1244.5,485.5,39.5,120.5,8.0,606.0,47.5,27.25,27.25,29.1,,84.5,5.5,74.0,13.0,5.0,,,3.0,,,27.0,,
1189,Superliga (DK),Stefen Erwan Tchamche,S. Tchamche,978575,2006-01-08,15.89,12,1,1977.92,124.44,352.0,162.5,15.5,67.58,3.5,230.08,19.0,28.07,30.78,29.05,32.27,23.08,2.17,17.83,4.42,1.5,0.79,0.85,0.42,1.54,,9.92,2.08,3.03
1189,Superliga (DK),Adam Nygaard  Andersen,A. Andersen,982491,2005-09-23,67.48,25,2,7501.08,111.16,992.44,328.6,29.2,104.36,5.0,432.96,34.2,29.16,31.9,30.38,33.13,79.52,3.8,63.6,9.2,2.36,0.6,0.61,0.6,1.2,1.36,18.28,1.97,2.9
1189,Superliga (DK),Peter Villum Berthelsen,V. Berthelsen,984941,2006-04-14,47.75,18,3,6402.72,134.09,1351.28,471.67,36.33,61.0,3.89,532.67,40.22,26.54,28.62,28.28,30.5,70.5,2.61,59.89,7.28,1.61,0.64,0.86,0.39,1.68,1.85,31.83,1.96,2.82
1189,Superliga (DK),Markus Andersen Walker,Markus Walker,984943,2006-11-23,44.38,6,1,5346.33,120.46,826.17,296.33,28.83,80.33,5.5,376.67,34.33,28.47,28.84,29.43,30.13,56.5,2.83,46.83,8.17,1.67,0.74,0.79,1.0,1.4,1.51,22.17,2.36,3.0
1189,Superliga (DK),Daniel Ingi Jóhannesson,D. Jóhannesson,987594,2007-04-03,16.26,2,0,1873.5,115.23,316.0,187.0,14.0,65.0,4.0,252.0,18.0,26.05,26.05,26.6,,19.0,1.5,16.5,3.0,1.0,,,0.0,,,9.0,,
1189,Superliga (DK),Simon  Fynbo Stüker ,S. Stüker,987674,2007-04-23,74.61,5,1,9169.6,122.9,1229.0,536.6,55.0,240.8,13.4,777.4,68.4,30.14,30.14,31.72,32.47,96.6,6.2,85.2,15.2,3.6,0.7,,1.0,1.47,,35.8,2.21,2.81
1189,Superliga (DK),Malthe Emil Søgaard Hansen,M. Søgaard Hansen,987676,2007-11-21,,0,1,,,,,,,,,,,,,,,,,,,,,,,,,,
1189,Superliga (DK),William Hammelsvang Kirk,W. Kirk,987678,2007-01-13,56.51,11,2,7722.55,136.67,1485.82,519.73,40.27,81.45,5.09,601.18,45.36,26.98,27.88,28.93,30.3,71.91,2.55,65.36,7.18,1.36,0.77,0.79,0.27,,,30.36,2.17,2.8
1189,Superliga (DK),Vitus Friis,V. Friis,987712,2007-03-31,9.62,1,0,1253.0,130.29,271.0,63.0,7.0,9.0,1.0,72.0,8.0,25.6,25.6,26.2,,13.0,1.0,12.0,2.0,0.0,,,0.0,,,5.0,,
1189,Superliga (DK),Hjalte Boe Rasmussen,H. Rasmussen,987719,2007-10-15,25.55,10,3,3312.1,129.65,553.5,279.2,25.3,114.0,5.9,393.2,31.2,29.58,31.18,30.48,32.5,33.7,3.3,26.4,5.9,2.5,0.6,0.68,1.2,1.05,1.44,18.8,2.12,2.64
1189,Superliga (DK),Lasse Embring Legolas Andersen,L. Andersen,987721,2007-02-08,23.73,1,1,2869.0,120.88,432.0,197.0,18.0,88.0,4.0,285.0,22.0,29.2,29.2,29.8,,40.0,2.0,31.0,8.0,1.0,,,1.0,,,17.0,,
1189,Superliga (DK),Oskar Skou Haugstrup,O. Haugstrup,987749,2007-06-16,22.77,1,1,2992.0,131.42,604.0,156.0,9.0,6.0,0.0,162.0,9.0,24.9,24.9,25.7,,26.0,2.0,26.0,1.0,1.0,,,0.0,,,12.0,,
1189,Superliga (DK),Tobias Lykkebak,T. Lykkebak,987789,2006-07-15,18.6,1,0,2078.0,111.72,339.0,168.0,14.0,111.0,4.0,279.0,18.0,32.7,32.7,33.1,,20.0,1.0,13.0,5.0,0.0,,,0.0,,,5.0,,
1189,Superliga (DK),Sander Ravn,S. Ravn,987792,2007-04-08,11.67,1,0,1786.0,153.09,473.0,197.0,17.0,52.0,3.0,249.0,20.0,27.4,27.4,28.5,,18.0,1.0,10.0,2.0,0.0,,,0.0,,,6.0,,
1189,Superliga (DK),Hjalte Gitz Christensen,H. Christensen,987800,2007-09-07,68.29,3,0,7414.67,108.58,960.33,287.33,26.33,71.0,4.0,358.33,30.33,26.33,26.33,28.43,28.43,83.33,4.0,63.33,9.33,2.0,1.03,,1.33,,,16.33,,
1189,Superliga (DK),Juho Väinö Valtteri Lähteenmäki,J. Valtteri Lähteenmäki,988410,2006-06-15,84.6,23,4,10327.17,122.07,1692.96,765.0,65.83,234.57,13.52,999.57,79.35,28.97,30.52,31.03,33.1,116.09,6.83,99.17,18.87,5.3,0.57,0.65,1.65,1.2,1.37,37.78,1.8,2.59
1189,Superliga (DK),Felix Ove Saaby Sommer,F. Ove Saaby Sommer,994118,2009-05-25,9.47,1,0,1099.0,116.09,113.0,10.0,2.0,2.0,1.0,12.0,3.0,20.9,20.9,22.2,,16.0,1.0,15.0,1.0,0.0,,,0.0,,,3.0,,
1189,Superliga (DK),Villads Rutkjær,V. Rutkjær,998065,2008-10-04,31.13,3,1,3547.33,113.96,498.67,188.67,15.67,51.67,2.67,240.33,18.33,28.77,28.77,29.8,29.8,41.67,1.67,30.33,4.0,1.33,,,0.67,,,8.67,,3.37
1189,Superliga (DK),Jacob Brochner Ambæk,J. Ambæk,998071,2008-03-28,71.24,27,0,8677.11,121.8,1422.85,562.0,55.37,179.7,10.85,741.7,66.22,28.99,31.96,31.04,34.17,87.93,5.74,73.93,11.26,4.56,0.63,0.63,1.37,1.3,1.47,35.52,1.93,2.78
1189,Superliga (DK),Malte Såby Heyde,M. Heyde,998076,2007-02-18,26.6,16,1,3330.69,125.2,662.44,244.44,22.81,63.38,3.75,307.81,26.56,28.64,30.56,29.55,31.4,38.69,2.62,31.75,5.88,1.88,0.72,0.75,0.62,1.29,1.38,14.38,1.97,2.77
1189,Superliga (DK),Victor Malmqvist Gustafsen,V. Gustafsen,998077,2007-11-14,17.16,7,0,2127.29,123.99,363.14,170.14,15.29,73.86,3.57,244.0,18.86,30.31,31.7,30.91,33.6,19.86,1.43,16.71,2.14,1.29,0.65,,0.71,1.45,,8.57,2.4,3.23
1189,Superliga (DK),Mathias Jensen,M. Jensen,999684,2005-04-14,48.88,15,0,5929.6,121.31,1054.33,324.33,26.93,61.27,3.27,385.6,30.2,27.11,29.26,28.38,30.77,61.47,2.33,54.2,8.0,1.27,0.67,0.77,0.4,1.62,,16.13,2.06,2.63
1189,Superliga (DK),Stephen Acquah,S. Acquah,1001173,2006-01-05,35.6,16,1,4079.19,114.58,614.25,238.94,21.5,72.0,3.88,310.94,25.38,28.88,31.84,29.88,33.33,51.06,2.88,41.62,6.88,2.25,0.65,0.65,1.12,1.2,1.2,14.31,2.06,2.78
1189,Superliga (DK),Issaka Seidu,I. Seidu,1002154,2006-06-05,10.15,4,1,1299.25,128.06,241.5,108.75,9.5,51.75,1.75,160.5,11.25,27.75,27.75,28.4,29.3,14.0,1.5,10.75,3.75,1.0,,,0.25,,,7.25,,
1189,Superliga (DK),Mikkel Bach Løndal,M. Løndal,1003809,2006-05-31,36.13,1,0,4398.0,121.72,817.0,304.0,29.0,85.0,7.0,389.0,36.0,26.9,26.9,30.2,,43.0,4.0,33.0,8.0,4.0,,,0.0,,,11.0,,
1189,Superliga (DK),Albert Rrahmani,A. Rrahmani,1004265,2007-03-11,11.99,6,0,1661.83,138.61,339.83,135.33,12.5,36.5,2.17,171.83,14.67,26.63,27.3,27.7,29.13,18.17,0.83,15.33,2.67,0.17,,,0.0,,,8.17,2.21,2.79
1189,Superliga (DK),Tómas Óli Kristjánsson,T. Kristjánsson,1008873,2008-02-27,17.35,9,1,2354.33,135.68,491.56,200.11,15.33,31.89,2.0,232.0,17.33,27.17,28.42,28.22,29.67,21.0,1.22,16.0,1.67,0.78,0.84,,0.11,,,12.44,1.97,2.82
1189,Superliga (DK),Cyril Edudzi,C. Edudzi,1009009,2006-01-15,56.26,8,0,6673.5,118.62,969.88,466.0,53.12,292.88,13.5,758.88,66.62,30.96,31.96,32.06,33.47,79.88,7.62,61.88,16.38,5.0,0.69,0.72,2.12,1.48,1.56,35.38,1.93,2.79
1189,Superliga (DK),Abdou Aziz Ndiaye,A. Ndiaye,1017436,2005-11-18,53.95,1,0,6234.0,115.55,808.0,403.0,51.0,318.0,15.0,721.0,66.0,34.6,34.6,34.9,,70.0,9.0,51.0,20.0,7.0,,,4.0,,,20.0,,
1189,Superliga (DK),Kotaro Uchino,K. Uchino,1018406,2004-06-19,18.9,5,0,2246.0,118.82,308.2,162.6,18.2,63.8,3.4,226.4,21.6,29.2,29.2,29.74,31.53,26.4,2.0,21.0,4.8,1.8,0.72,0.76,0.2,,,10.4,2.51,
1189,Superliga (DK),Prince junior Amoako,P. Amoako,1018407,2007-05-01,80.22,27,4,9085.37,113.26,1245.22,560.63,61.59,215.3,13.04,775.93,74.63,29.72,31.3,31.72,33.77,88.15,9.67,73.67,17.04,7.26,0.53,0.53,2.67,1.11,1.21,45.11,1.82,2.58
1189,Superliga (DK),Malthe Riis Ladefoged,M. Riis Ladefoged,1018408,2005-12-14,30.63,3,1,3365.67,109.89,434.67,143.67,12.67,60.0,2.0,203.67,14.67,27.0,27.0,27.77,27.77,36.67,2.0,30.33,4.67,1.33,,,0.0,,,7.67,,
1189,Superliga (DK),Abdoulaye Camara,A. Camara,1018417,2006-12-21,40.15,18,1,4945.39,123.16,772.22,344.72,35.11,159.61,8.06,504.33,43.17,30.28,31.94,31.36,33.3,54.44,4.72,43.83,7.89,3.39,0.63,0.7,1.67,1.23,1.34,22.61,1.98,2.67
1189,Superliga (DK),Benjamin Örn,B. Örn,1019231,2004-04-26,33.3,6,0,4045.83,121.51,623.0,282.33,27.17,146.67,7.33,429.0,34.5,30.1,30.26,31.1,32.2,46.83,2.83,35.33,8.5,2.0,0.61,0.65,0.33,,,18.67,2.27,2.95
1189,Superliga (DK),Pachanga Cassoma Kristensen,P. Kristensen,1021688,2006-12-07,35.42,10,2,4117.6,116.26,618.5,224.1,19.0,50.1,2.9,274.2,21.9,27.1,28.6,28.2,30.33,40.8,2.3,31.7,4.6,1.7,0.76,0.88,0.2,,,13.2,2.51,2.69
1189,Superliga (DK),Ousseynou Fall Seck,O. Seck,1028036,2007-06-22,24.96,12,0,3186.08,127.63,480.33,174.42,15.5,49.25,2.75,223.67,18.25,27.81,30.24,28.72,31.7,31.92,1.92,27.08,3.5,1.17,0.77,0.79,0.17,,,13.92,2.36,3.04
1189,Superliga (DK),Selma Kjær Karstensen,S. Kjær Karstensen,1028160,2008-01-07,14.85,1,1,1774.0,119.46,246.0,84.0,9.0,31.0,2.0,115.0,11.0,28.3,28.3,28.7,,16.0,2.0,13.0,3.0,2.0,,,0.0,,,5.0,,
1189,Superliga (DK),Anders Raffnsøe Hoeg,A. Raffnsøe Hoeg,1029015,2006-03-27,13.28,1,0,1749.0,131.67,321.0,152.0,10.0,44.0,2.0,196.0,12.0,27.0,27.0,27.9,,17.0,1.0,15.0,3.0,0.0,,,0.0,,,10.0,,
1189,Superliga (DK),Oskar Fenger,O. Fenger,1030691,2008-03-07,10.28,1,0,1480.0,143.92,279.0,115.0,13.0,13.0,1.0,128.0,14.0,29.7,29.7,30.0,,15.0,1.0,13.0,2.0,0.0,,,0.0,,,10.0,,
1189,Superliga (DK),Max Jensen,M. Jensen,1031905,2008-03-27,31.59,9,1,4217.56,133.5,811.78,299.56,28.22,83.67,4.44,383.22,32.67,28.12,29.96,29.42,31.9,42.33,2.11,34.22,6.67,1.44,0.68,0.8,0.33,1.68,,20.33,2.01,2.8
1189,Superliga (DK),Viggo Poulsen,V. Poulsen,1033233,2008-04-07,24.86,8,0,3329.0,133.93,693.12,286.75,20.5,57.0,3.12,343.75,23.62,26.85,28.66,28.11,30.73,35.88,1.75,29.25,4.88,0.62,0.95,,0.25,,,12.62,2.31,2.88
1189,Superliga (DK),Andrè Escobar Jensen,A. Escobar,1033234,2007-08-22,,0,1,,,,,,,,,,,,,,,,,,,,,,,,,,
1189,Superliga (DK),Adam Kleis-Kristoffersen,A. Kleis-Kristoffersen,1036660,2008-07-14,21.43,3,0,2342.67,109.3,311.33,139.33,16.33,69.33,4.0,208.67,20.33,30.07,30.07,31.0,31.0,24.67,2.33,18.67,3.67,1.67,,,0.33,,,8.33,,
1189,Superliga (DK),Bogere James,B. James,1039385,2008-02-02,23.31,3,0,2486.0,106.67,348.33,196.33,22.33,120.0,6.33,316.33,28.67,30.17,30.17,30.77,30.77,27.0,3.0,19.33,6.67,3.0,0.69,,1.0,,,18.0,2.15,
1189,Superliga (DK),Vianney Geovanni ,V. Geovanni,1044686,2007-09-25,22.2,10,0,2351.3,105.91,362.7,157.0,15.2,45.8,3.3,202.8,18.5,27.46,29.02,28.39,30.37,27.2,2.1,20.6,5.3,1.6,0.7,0.92,0.3,,,13.0,2.09,2.94
1189,Superliga (DK),Elias valdemar Hjort-pedersen,E. Hjort-pedersen,1066797,2007-01-01,12.25,1,0,1496.0,122.12,299.0,156.0,14.0,31.0,1.0,187.0,15.0,26.3,26.3,27.1,,13.0,3.0,9.0,6.0,3.0,,,0.0,,,11.0,,
