competition_edition,league,player_id,player_name,player_short_name,player_birthdate,minutes,minutes_tip,minutes_otip,performance_count,performance_included_count,performance_failed_count,passopportunity_count_total,passopportunity_count,pass_count_goalwithin10s,pass_count_shotwithin10s,pass_count_attempted_total,pass_count_attempted,pass_count_completed,pass_pct_completed,pass_avgxpass_attempted,pass_avgdistance,pass_count_longrange_attempted,pass_count_onetouch_attempted,pass_count_quickpass_attempted,pass_count_onetouch_dangerous_attempted,pass_count_quickpass_dangerous_attempted,passopportunity_count_linebreak,pass_count_linebreak_attempted,pass_count_linebreak_completed,passopportunity_count_torun,pass_count_torun_attempted,pass_count_torun_completed,pass_pct_torun_completed,pass_avgxpass_torun_attempted,pass_count_torun_shotwithin10s,pass_count_torun_goalwithin10s,passopportunity_count_dangerous,pass_count_dangerous_attempted,pass_pct_dangerous_completed,pass_count_dangerous_completed,pass_count_difficultpass_attempted
1196,Super League (CH),390,Albian Ajeti,A. Ajeti,1997-02-26,52.82,15.36,12.51,32,32,0,868.0,27.12,0.06,0.88,237.0,7.41,5.59,75.53,82.82,12.16,0.25,2.19,1.0,0.38,0.25,0.53,0.16,0.12,10.59,3.41,2.38,69.73,79.75,0.5,0.0,9.25,2.16,63.77,1.38,1.06
1196,Super League (CH),535,Alexander Hack,A. Hack,1993-09-08,93.59,21.14,22.9,13,13,0,1316.0,101.23,0.0,1.0,457.0,35.15,26.85,76.37,80.34,18.81,3.62,11.85,4.62,0.15,0.08,31.62,9.15,6.77,15.31,5.62,4.46,79.45,77.16,0.15,0.0,4.85,1.38,44.44,0.62,8.77
1196,Super League (CH),673,Amir Abrashi,A. Abrashi,1990-03-27,50.02,10.89,15.01,11,11,0,464.0,42.18,0.09,0.82,177.0,16.09,13.0,80.79,82.99,13.63,0.27,6.73,4.64,0.27,0.27,3.73,1.09,0.91,5.18,2.27,2.0,88.0,80.9,0.18,0.0,4.91,1.27,71.43,0.91,2.73
1196,Super League (CH),943,Anto Grgić,A. Grgić,1996-11-28,95.69,28.24,23.0,36,36,0,5455.0,151.53,0.28,2.53,1880.0,52.22,46.67,89.36,88.59,17.43,5.42,17.56,11.94,0.89,0.53,27.14,8.36,6.78,20.56,9.56,8.06,84.3,77.54,1.03,0.06,12.67,3.11,59.82,1.86,6.22
1196,Super League (CH),1287,Benjamin Kololli,B. Kololli,1992-05-15,50.78,13.51,13.58,28,28,0,1291.0,46.11,0.07,1.29,377.0,13.46,11.0,81.7,77.35,14.68,0.86,3.46,1.93,0.79,0.36,3.07,0.89,0.64,17.5,5.89,4.64,78.79,71.51,0.86,0.04,12.07,3.14,64.77,2.04,4.0
1196,Super League (CH),2509,David von Ballmoos,D. von Ballmoos,1994-12-30,98.54,28.89,24.33,15,15,0,1560.0,104.0,0.0,0.0,558.0,37.2,30.73,82.62,85.78,24.08,7.6,4.8,4.6,0.0,0.0,40.2,10.47,5.8,17.4,6.93,6.67,96.15,95.15,0.0,0.0,0.07,0.0,,0.0,5.6
1196,Super League (CH),3228,Ezgjan Alioski,E. Alioski,1992-02-12,49.23,14.49,11.06,20,20,0,1489.0,74.45,0.15,1.8,517.0,25.85,20.45,79.11,79.8,16.34,1.6,6.1,5.5,1.05,0.75,15.55,4.55,3.5,20.2,8.25,5.9,71.52,68.18,0.65,0.05,16.8,5.0,49.0,2.45,6.65
1196,Super League (CH),4090,Gregory Wüthrich,G. Wüthrich,1994-12-04,83.06,24.48,19.72,25,25,0,2535.0,101.4,0.08,0.52,988.0,39.52,34.28,86.74,91.33,19.37,2.56,6.12,6.92,0.12,0.0,29.96,8.64,6.56,16.64,6.52,5.48,84.05,86.29,0.12,0.0,2.36,0.56,57.14,0.32,4.24
1196,Super League (CH),4521,Ivan Ricardo Neves Abreu Cavaleiro,I. Cavaleiro,1993-10-18,70.61,16.18,17.73,13,13,0,928.0,71.38,0.15,1.08,263.0,20.23,15.46,76.43,77.71,13.78,1.08,6.54,3.08,0.69,0.54,4.69,1.31,1.15,25.31,6.85,5.54,80.9,78.41,0.62,0.0,19.54,4.0,50.0,2.0,5.15
1196,Super League (CH),4702,Jan Bamert,J. Bamert,1998-03-09,86.03,18.84,22.23,33,31,2,2446.0,78.9,0.13,0.77,888.0,28.65,23.52,82.09,87.27,20.21,3.1,6.13,5.55,0.23,0.06,21.55,5.84,4.26,12.58,4.06,2.97,73.02,75.05,0.32,0.03,2.81,0.9,46.43,0.42,4.87
1196,Super League (CH),5123,Joël Mall,J. Mall,1991-04-05,93.72,27.25,24.15,28,28,0,1986.0,70.93,0.0,0.0,624.0,22.29,16.93,75.96,83.18,25.32,4.86,3.93,1.43,0.0,0.0,31.93,8.29,4.61,11.57,3.43,3.25,94.79,94.31,0.0,0.0,0.0,0.0,,0.0,2.86
1196,Super League (CH),6166,Leonardo Bertone,L. Bertone,1994-03-14,97.09,21.46,24.63,33,31,2,3178.0,102.52,0.19,2.0,1107.0,35.71,26.13,73.17,74.7,18.63,3.52,15.23,5.94,2.06,1.06,17.1,4.68,2.94,19.42,7.0,5.32,76.04,66.55,0.58,0.1,17.77,4.84,51.33,2.48,12.55
1196,Super League (CH),6241,Linus Obexer,L. Obexer,1997-06-05,91.77,22.57,24.07,2,2,0,222.0,111.0,0.0,1.5,71.0,35.5,20.5,57.75,68.68,16.17,2.0,10.5,7.0,1.0,1.5,11.0,4.5,2.5,31.0,12.0,5.5,45.83,57.08,0.5,0.0,26.5,9.0,22.22,2.0,18.0
1196,Super League (CH),6296,Loris Benito,L. Benito,1992-01-07,94.44,28.15,22.12,33,33,0,4944.0,149.82,0.39,2.15,1841.0,55.79,49.52,88.76,89.07,17.91,3.58,9.06,11.09,0.52,0.36,43.18,12.42,10.24,26.09,9.58,8.24,86.08,81.53,0.82,0.09,9.15,2.24,56.76,1.27,7.91
1196,Super League (CH),6343,Luca Zuffi,L. Zuffi,1990-03-27,80.96,19.01,24.41,27,27,0,2122.0,78.59,0.04,0.89,796.0,29.48,26.26,89.07,86.2,15.37,1.48,12.67,6.78,0.37,0.19,11.7,3.56,2.96,8.3,3.78,3.19,84.31,73.12,0.22,0.04,5.22,1.52,65.85,1.0,4.56
1196,Super League (CH),6758,Marco Bürki,M. Bürki,1993-07-10,90.24,20.11,23.28,32,31,1,2797.0,90.23,0.19,0.97,958.0,30.9,25.16,81.42,84.08,21.63,4.55,6.65,6.29,0.45,0.13,24.81,6.52,4.71,15.42,5.74,4.71,82.02,72.21,0.45,0.1,5.65,1.29,42.5,0.55,6.94
1196,Super League (CH),7090,Marwin Hitz,M. Hitz,1987-09-18,97.79,28.25,23.92,31,31,0,1849.0,59.65,0.0,0.0,692.0,22.32,19.81,88.73,90.07,26.38,5.39,3.55,1.45,0.0,0.0,20.26,5.77,3.87,14.32,4.94,4.87,98.69,96.09,0.0,0.0,0.0,0.0,,0.0,1.9
1196,Super League (CH),7274,Mattia Bottani,M. Bottani,1991-05-24,28.15,7.75,6.47,21,21,0,649.0,30.9,0.0,0.57,187.0,8.9,6.95,78.08,82.51,13.78,0.33,1.14,1.48,0.24,0.19,2.48,0.57,0.29,10.14,2.9,1.86,63.93,70.71,0.24,0.0,9.67,2.0,50.0,1.0,1.9
1196,Super League (CH),7426,Michael Frey,M. Frey,1994-07-19,80.52,18.89,23.34,14,14,0,762.0,54.43,0.14,1.36,193.0,13.79,10.21,74.09,73.75,12.89,0.93,4.93,2.64,1.14,0.5,0.86,0.21,0.07,22.86,6.5,4.5,69.23,72.37,0.93,0.07,15.86,3.64,64.71,2.36,4.43
1196,Super League (CH),7679,Mirko Salvi,M. Salvi,1994-02-14,97.23,25.93,24.16,5,5,0,299.0,59.8,0.0,0.0,106.0,21.2,17.8,83.96,85.41,26.35,5.4,4.0,3.2,0.0,0.0,22.8,7.0,4.6,15.2,4.2,4.0,95.24,93.76,0.0,0.0,0.0,0.0,,0.0,2.6
1196,Super League (CH),8109,Noë Dussenne,N. Dussenne,1992-04-07,98.02,25.26,19.57,3,3,0,372.0,124.0,0.0,1.33,124.0,41.33,33.33,80.64,84.19,21.06,5.67,10.67,5.33,0.33,0.33,28.0,9.33,7.0,12.33,4.67,4.0,85.71,76.61,0.33,0.0,11.67,1.67,40.0,0.67,8.33
1196,Super League (CH),8126,Numa Lavanchy,N. Lavanchy,1993-08-25,97.38,26.19,25.69,37,37,0,3765.0,101.76,0.3,1.89,1444.0,39.03,31.05,79.57,78.94,15.78,2.24,10.16,9.35,1.11,0.51,18.32,6.27,4.41,29.95,12.14,9.54,78.62,72.09,1.14,0.14,13.51,4.46,46.06,2.05,10.86
1196,Super League (CH),8893,Raúl Marcelo Bobadilla,R. Bobadilla,1987-06-18,31.23,9.12,5.75,2,2,0,26.0,13.0,0.0,0.5,8.0,4.0,1.5,37.5,49.47,6.73,0.0,4.0,0.0,2.0,0.0,0.0,0.0,0.0,6.0,2.0,1.0,50.0,56.22,0.5,0.0,4.0,2.0,25.0,0.5,3.0
1196,Super League (CH),8918,Remo Arnold,R. Arnold,1997-01-17,81.3,18.34,24.06,29,29,0,2208.0,76.14,0.03,0.38,851.0,29.34,23.93,81.55,85.97,21.23,3.69,7.45,5.41,0.1,0.03,24.17,7.38,4.97,11.21,4.69,4.0,85.29,82.52,0.14,0.03,2.45,0.55,68.75,0.38,5.97
1196,Super League (CH),8939,Renato Steffen,R. Steffen,1991-11-03,74.12,22.68,16.83,29,29,0,2488.0,85.79,0.24,2.31,792.0,27.31,22.41,82.07,80.4,16.34,2.17,10.41,4.28,1.28,0.72,7.59,1.9,1.48,27.69,8.76,6.55,74.8,71.33,1.17,0.1,21.76,5.21,54.97,2.86,6.45
1196,Super League (CH),9253,Roman Buess,R. Buess,1992-09-21,43.2,9.54,12.41,24,24,0,476.0,19.83,0.04,0.5,159.0,6.62,4.54,68.55,72.41,13.18,0.29,2.96,0.92,0.71,0.38,0.75,0.33,0.21,7.5,2.75,1.62,59.09,67.33,0.33,0.04,5.96,2.08,58.0,1.21,2.04
1196,Super League (CH),9447,Saidy Janko,S. Janko,1995-10-22,69.54,20.36,16.11,26,26,0,2743.0,105.5,0.27,1.62,859.0,33.04,26.0,78.7,82.54,16.66,2.35,5.08,5.92,0.73,0.35,18.88,4.31,3.15,32.77,9.77,7.42,75.99,75.31,0.65,0.15,15.19,4.0,34.61,1.38,7.42
1196,Super League (CH),9540,Sandro Lauper,S. Lauper,1996-10-25,76.12,22.77,18.57,33,33,0,3770.0,114.24,0.21,1.52,1392.0,42.18,37.58,89.08,91.26,19.97,4.58,9.06,9.91,0.15,0.24,29.45,8.45,6.91,15.97,6.64,5.67,85.39,87.29,0.36,0.06,3.85,0.82,66.67,0.55,4.09
1196,Super League (CH),10007,Stefanos Kapino,S. Kapino,1994-03-18,97.11,21.91,28.91,36,36,0,2466.0,68.5,0.0,0.14,725.0,20.14,14.89,73.93,83.98,26.82,4.47,2.83,1.14,0.0,0.0,29.44,6.56,3.11,13.86,3.11,2.97,95.54,92.83,0.0,0.0,0.0,0.0,,0.0,2.0
1196,Super League (CH),10124,Steven Zuber,S. Zuber,1991-08-17,97.88,25.95,21.1,17,17,0,1608.0,94.59,0.41,2.65,487.0,28.65,23.12,80.7,78.12,13.76,0.71,10.06,4.59,1.24,0.82,7.94,2.18,1.59,26.0,8.65,6.94,80.27,71.34,1.41,0.24,27.41,6.71,61.4,4.12,7.41
1196,Super League (CH),10936,Xherdan Shaqiri,X. Shaqiri,1991-10-10,78.11,22.19,19.31,32,32,0,3371.0,105.34,0.28,3.88,1032.0,32.25,25.5,79.07,77.23,15.96,2.09,9.53,7.97,1.81,2.41,11.53,4.62,3.25,33.81,12.25,9.0,73.47,68.09,2.44,0.09,31.31,9.34,61.54,5.75,9.34
1196,Super League (CH),10950,Yanick Brecher,Y. Brecher,1993-05-25,97.86,25.58,22.11,22,22,0,2049.0,93.14,0.0,0.14,712.0,32.36,23.59,72.89,83.8,28.3,7.32,8.14,4.18,0.0,0.0,40.59,10.95,5.23,15.64,5.91,5.27,89.23,91.5,0.0,0.0,0.0,0.0,,0.0,4.59
1196,Super League (CH),11218,Ablie Jallow,A. Jallow,1998-11-14,46.95,13.41,13.08,11,11,0,713.0,64.82,0.27,2.0,197.0,17.91,15.18,84.77,84.86,14.27,0.64,3.45,4.09,0.36,0.45,5.64,1.09,1.09,19.73,5.64,4.27,75.81,75.46,0.64,0.0,15.91,2.91,59.38,1.73,2.82
1196,Super League (CH),11299,Valon Berisha,V. Berisha,1993-02-07,60.75,13.46,14.89,12,12,0,1053.0,87.75,0.25,1.08,311.0,25.92,20.83,80.39,80.84,15.54,1.42,9.67,4.5,0.67,0.33,16.58,4.33,2.83,11.58,4.08,2.75,67.35,64.87,0.0,0.0,9.75,2.5,60.0,1.5,6.5
1196,Super League (CH),11333,David Douline,D. Douline,1993-05-28,83.66,23.43,22.03,28,28,0,2135.0,76.25,0.18,0.89,682.0,24.36,19.64,80.65,84.86,16.4,1.39,8.79,4.89,0.54,0.32,10.14,2.46,1.79,10.89,4.21,3.11,73.73,75.13,0.43,0.04,7.79,1.71,52.08,0.89,4.39
1196,Super League (CH),11476,Morgan Poaty,M. Poaty,1997-07-15,65.63,16.87,16.16,33,33,0,2436.0,73.82,0.06,1.3,859.0,26.03,20.61,79.16,82.0,15.54,1.24,4.94,7.03,0.42,0.45,16.55,4.76,3.42,18.91,7.27,5.55,76.25,76.55,0.39,0.03,9.3,2.33,41.56,0.97,6.15
1196,Super League (CH),11650,Anton Miranchuk,A. Miranchuk,1995-10-17,64.9,13.03,21.26,1,1,0,48.0,48.0,0.0,0.0,16.0,16.0,13.0,81.25,80.02,16.95,1.0,3.0,6.0,1.0,0.0,5.0,2.0,2.0,11.0,5.0,5.0,100.0,85.35,0.0,0.0,7.0,2.0,50.0,1.0,5.0
1196,Super League (CH),11769,Anthony Racioppi,A. Racioppi,1998-12-31,97.31,26.19,25.7,38,38,0,3519.0,92.61,0.05,0.21,1121.0,29.5,22.5,76.27,84.2,27.3,7.05,3.66,4.45,0.0,0.0,36.84,10.84,5.84,17.05,5.45,4.68,85.99,90.86,0.11,0.03,0.0,0.0,,0.0,4.05
1196,Super League (CH),11815,Milan Rodić,M. Rodić,1991-04-02,67.75,19.93,14.91,8,8,0,572.0,71.5,0.0,1.25,235.0,29.38,24.62,83.83,83.75,17.69,2.25,5.62,6.5,0.5,0.12,26.5,10.38,8.5,16.38,6.12,4.75,77.55,71.84,0.38,0.0,5.12,1.38,45.45,0.62,6.5
1196,Super League (CH),11971,Dylan Bronn,D. Bronn,1995-06-19,94.27,25.89,25.54,14,14,0,1560.0,111.43,0.29,0.79,615.0,43.93,39.29,89.43,92.45,18.59,2.5,6.86,11.79,0.14,0.0,32.79,9.36,7.43,11.36,4.79,3.86,80.6,84.74,0.07,0.07,1.64,0.57,12.5,0.07,4.14
1196,Super League (CH),12238,Willem Geubbels,W. Geubbels,2001-08-16,79.19,15.66,22.23,3,3,0,100.0,33.33,0.0,2.0,31.0,10.33,5.33,51.61,61.01,14.19,0.33,2.33,1.33,1.0,0.33,1.0,0.0,0.0,17.67,5.33,3.0,56.25,58.46,1.67,0.0,17.67,5.0,53.33,2.67,5.33
1196,Super League (CH),12412,Christian Fassnacht,C. Fassnacht,1993-11-11,76.67,22.54,18.19,33,33,0,1675.0,50.76,0.27,1.52,582.0,17.64,13.7,77.66,79.86,12.51,0.45,6.73,3.09,1.12,0.52,2.48,0.58,0.39,17.91,5.91,4.09,69.23,70.54,0.79,0.21,13.61,3.52,60.35,2.12,4.0
1196,Super League (CH),12452,Florent Mollet,F. Mollet,1991-11-19,55.8,15.11,15.04,23,23,0,1717.0,74.65,0.09,1.26,557.0,24.22,21.52,88.87,87.61,12.92,0.83,7.0,5.7,0.48,0.48,7.91,1.96,1.7,15.22,5.78,4.96,85.71,80.01,0.7,0.04,10.13,2.04,59.57,1.22,2.96
1196,Super League (CH),12591,Karlo Letica,K. Letica,1997-02-11,97.65,24.86,25.43,37,37,0,1600.0,43.24,0.0,0.03,542.0,14.65,10.84,73.99,83.81,28.01,3.49,4.22,0.78,0.0,0.0,17.65,4.11,1.73,5.62,2.03,1.92,94.67,90.32,0.0,0.0,0.0,0.0,,0.0,1.84
1196,Super League (CH),12624,Rayan Ny Aina Arnaldo Raveloson,R. Raveloson,1997-01-16,66.21,18.85,15.95,23,23,0,1976.0,85.91,0.17,1.3,589.0,25.61,21.61,84.38,87.23,16.13,1.57,7.61,3.96,0.61,0.26,14.52,3.39,2.04,14.91,5.39,4.43,82.26,80.31,0.39,0.13,9.04,1.78,46.34,0.83,3.91
1196,Super League (CH),12667,Saulo Decarli,S. Decarli,1992-02-04,78.99,17.99,20.63,11,11,0,473.0,43.0,0.0,0.09,206.0,18.73,13.73,73.3,81.51,21.31,2.45,8.27,1.45,0.18,0.0,10.36,3.0,1.73,4.36,1.45,1.09,75.0,80.11,0.09,0.0,1.09,0.27,33.33,0.09,4.27
1196,Super League (CH),12742,Marcos Robson Cipriano,Marquinhos Cipriano,1999-02-09,52.92,13.93,13.7,2,2,0,105.0,52.5,0.0,0.0,34.0,17.0,13.5,79.41,79.56,16.78,1.0,3.0,6.0,0.5,1.0,7.5,1.0,1.0,13.5,4.0,3.5,87.5,61.77,0.0,0.0,15.0,2.5,40.0,1.0,4.5
1196,Super League (CH),12989,Lawrence Ati Zigi,L. Ati Zigi,1996-11-29,98.89,21.74,25.32,35,35,0,2581.0,73.74,0.0,0.14,717.0,20.49,13.63,66.53,79.58,29.4,4.86,3.54,1.57,0.0,0.0,30.69,6.94,2.66,9.43,2.69,2.37,88.3,91.37,0.0,0.0,0.0,0.0,,0.0,3.77
1196,Super League (CH),13030,Edimilson Fernandes Ribeiro,E. Fernandes,1996-04-15,83.27,24.18,19.4,27,27,0,3668.0,135.85,0.26,2.96,1098.0,40.67,36.0,88.52,88.75,18.76,5.26,7.52,10.22,0.3,0.56,25.52,5.67,4.59,20.41,7.56,6.44,85.29,79.69,0.93,0.04,16.78,3.52,62.11,2.19,5.19
1196,Super League (CH),13177,Houboulang Mendes,Houboulang Mendes,1998-05-04,65.03,18.16,17.26,16,16,0,931.0,58.19,0.38,0.56,353.0,22.06,16.25,73.66,78.94,16.96,1.12,5.88,6.12,0.56,0.25,12.88,5.25,3.81,13.62,5.56,4.31,77.53,76.86,0.12,0.06,8.56,2.69,20.93,0.56,5.81
1196,Super League (CH),13181,Matthias Phaëton,M. Phaeton,2000-01-08,67.54,17.45,15.65,24,24,0,1529.0,63.71,0.12,2.38,404.0,16.83,13.21,78.47,79.96,12.53,0.46,2.92,2.0,0.38,0.21,3.71,0.75,0.46,24.12,6.08,4.38,71.92,72.44,1.04,0.08,20.92,4.58,61.82,2.83,3.54
1196,Super League (CH),13353,Lamine Fomba,L. Fomba,1998-01-26,63.99,18.18,17.04,33,33,0,2604.0,78.91,0.3,1.64,766.0,23.21,19.79,85.25,87.24,16.02,1.36,5.73,4.15,0.39,0.36,11.27,2.64,2.09,14.27,5.88,4.73,80.41,80.62,0.76,0.09,10.03,1.73,66.67,1.15,3.15
1196,Super League (CH),13386,Florian Ayé,F. Ayé,1997-01-19,79.53,23.32,20.94,26,26,0,880.0,33.85,0.19,1.15,313.0,12.04,9.46,78.59,77.5,12.67,0.35,5.58,1.65,1.15,0.54,0.88,0.27,0.19,13.69,4.58,3.35,73.11,74.32,0.58,0.08,10.12,2.81,71.23,2.0,2.92
1196,Super League (CH),13527,Jan Kronig,J. Kronig,2000-06-24,96.67,26.17,25.72,36,36,0,3702.0,102.83,0.11,0.83,1462.0,40.61,35.89,88.37,90.21,20.33,3.94,6.14,6.14,0.25,0.06,28.03,7.25,5.39,16.17,5.86,4.94,84.36,81.82,0.36,0.06,2.69,0.72,50.0,0.36,5.58
1196,Super League (CH),13740,Julian  von Moos,J. von Moos,2001-04-01,67.16,17.47,18.27,23,23,0,864.0,37.57,0.22,1.65,238.0,10.35,7.26,70.17,68.95,12.42,0.22,2.91,1.35,0.87,0.48,1.13,0.26,0.13,18.35,5.35,3.48,65.04,63.9,1.04,0.17,16.3,4.13,58.95,2.43,3.87
1196,Super League (CH),14016,Yan Valery,Y. Valery,1999-02-22,71.0,21.85,17.5,14,14,0,1595.0,113.93,0.43,2.57,501.0,35.79,28.57,79.84,81.81,16.07,1.79,6.14,7.07,1.43,0.29,24.21,6.29,5.07,32.57,10.57,8.29,78.38,74.95,0.93,0.14,18.64,4.36,42.62,1.86,8.57
1196,Super League (CH),14134,Samuel Mráz,S. Mráz,1997-05-13,38.39,11.17,9.67,35,35,0,704.0,20.11,0.06,0.49,227.0,6.49,5.03,77.53,80.9,12.45,0.17,2.49,1.2,0.34,0.26,0.6,0.2,0.2,8.06,2.66,1.89,70.97,75.84,0.31,0.06,6.23,1.37,64.58,0.89,1.34
1196,Super League (CH),14242,Hicham Mahou,H. Mahou,1999-07-02,49.16,14.53,11.37,22,22,0,1491.0,67.77,0.14,2.0,427.0,19.41,16.45,84.78,83.39,14.88,1.32,5.0,3.05,0.59,0.14,7.0,1.73,1.36,22.5,6.0,4.5,75.0,69.92,0.82,0.05,18.5,3.86,63.53,2.45,3.68
1196,Super League (CH),14434,Lukas Görtler,L. Görtler,1994-06-15,84.44,18.66,21.52,33,33,0,3119.0,94.52,0.36,2.24,945.0,28.64,21.39,74.71,73.63,16.57,2.12,8.36,5.33,1.18,1.48,14.03,4.09,2.58,22.82,8.67,5.85,67.48,63.33,1.03,0.27,19.45,5.97,53.3,3.18,9.79
1196,Super League (CH),14538,Hannes Delcroix,H. Delcroix,1999-02-28,88.52,26.64,21.64,14,14,0,1355.0,96.79,0.07,0.79,555.0,39.64,35.79,90.27,89.48,17.14,2.57,8.07,12.64,0.07,0.29,21.71,7.21,5.71,15.57,7.14,6.0,84.0,79.3,0.29,0.0,4.14,0.79,54.55,0.43,5.29
1196,Super League (CH),14671,Chris Vianney Bedia,C. Bedia,1996-03-05,59.58,17.94,13.5,36,36,0,896.0,24.89,0.19,1.0,225.0,6.25,4.92,78.67,77.03,12.48,0.17,2.17,0.61,0.36,0.25,0.67,0.06,0.03,11.56,2.69,2.14,79.38,73.38,0.47,0.14,12.25,1.94,74.29,1.44,1.56
1196,Super League (CH),14715,Samuel Essende,S. Essende,1998-01-23,68.96,21.34,16.68,13,13,0,466.0,35.85,0.38,1.46,116.0,8.92,6.15,68.97,80.24,12.93,0.08,2.62,1.23,0.62,0.38,0.77,0.15,0.15,16.85,4.15,2.62,62.96,75.12,0.62,0.23,15.38,2.62,52.94,1.38,1.85
1196,Super League (CH),15774,Gaël  Ondoua,G. Ondoua,1995-11-04,30.78,9.49,7.17,11,11,0,384.0,34.91,0.09,0.36,128.0,11.64,10.27,88.28,91.76,16.67,0.73,2.18,3.55,0.0,0.27,5.27,1.45,1.36,4.73,1.91,1.82,95.24,85.28,0.09,0.09,3.36,0.55,83.33,0.45,1.0
1196,Super League (CH),16269,Bećir Omeragić,B. Omeragić,2002-01-20,82.28,23.01,23.76,8,8,0,741.0,92.62,0.0,0.25,292.0,36.5,33.0,90.41,93.09,19.98,2.75,5.12,8.62,0.0,0.0,23.62,6.38,4.88,15.75,6.25,5.38,86.0,87.83,0.12,0.0,1.5,0.38,33.33,0.12,3.5
1196,Super League (CH),16272,Ilan Sauter,I. Sauter,2001-02-06,70.79,16.9,17.3,24,24,0,1941.0,80.88,0.08,0.92,665.0,27.71,23.75,85.71,87.96,17.61,1.29,7.08,5.83,0.46,0.04,23.12,6.29,4.88,11.54,4.46,3.71,83.18,82.85,0.29,0.04,4.5,0.92,54.55,0.5,4.25
1196,Super League (CH),16280,Kevin Rüegg,K. Rüegg,1998-08-05,61.55,17.15,15.89,20,20,0,1596.0,79.8,0.0,1.1,545.0,27.25,22.75,83.49,83.66,17.08,2.15,4.85,7.4,0.4,0.5,19.6,5.6,4.25,18.4,6.8,5.85,86.03,78.3,0.35,0.0,7.45,2.45,63.27,1.55,5.55
1196,Super League (CH),16281,Fabian Rohner,F. Rohner,1998-08-17,68.38,14.99,20.69,16,16,0,948.0,59.25,0.12,1.06,325.0,20.31,13.38,65.85,72.8,16.52,1.25,6.56,3.94,1.0,0.38,9.44,2.5,1.31,18.38,6.44,3.75,58.25,65.34,0.5,0.12,10.62,3.5,33.93,1.19,7.5
1196,Super League (CH),16282,Mirlind Kryeziu,M. Kryeziu,1997-01-26,59.86,12.9,16.46,8,8,0,435.0,54.38,0.0,1.0,161.0,20.12,15.5,77.02,82.26,22.54,3.5,5.75,4.62,0.0,0.12,17.75,5.38,3.62,9.25,3.5,2.62,75.0,77.13,0.12,0.0,1.88,0.38,100.0,0.38,5.0
1196,Super League (CH),16285,Lindrit Kamberi,L. Kamberi,1999-10-07,86.94,22.23,20.22,33,33,0,2555.0,77.42,0.15,0.58,1019.0,30.88,25.09,81.26,85.41,19.47,2.76,9.03,6.52,0.45,0.12,19.73,5.73,4.12,13.12,5.52,4.39,79.67,79.43,0.21,0.03,4.3,1.45,45.83,0.67,6.03
1196,Super League (CH),16352,Jérémy Guillemenot,J. Guillemenot,1998-01-06,50.1,13.68,12.68,25,25,0,589.0,23.56,0.2,0.84,160.0,6.4,4.12,64.38,73.34,10.13,0.04,2.68,0.92,0.8,0.16,0.36,0.08,0.08,10.48,3.0,1.84,61.33,70.0,0.28,0.12,8.64,2.16,51.85,1.12,2.16
1196,Super League (CH),16663,Maximilian Ullmann,M. Ullmann,1996-06-17,57.78,13.02,15.33,19,19,0,748.0,39.37,0.0,0.79,261.0,13.74,8.53,62.07,68.03,16.66,0.89,4.79,2.79,0.68,0.42,4.68,2.0,1.21,12.89,5.0,3.16,63.16,66.75,0.42,0.0,9.68,2.74,36.54,1.0,6.53
1196,Super League (CH),16946,Jordi  Quintillà Guasch,Jordi Quintillà,1993-10-25,17.94,4.71,4.35,4,4,0,132.0,33.0,0.5,1.0,37.0,9.25,7.5,81.08,84.7,13.1,0.25,2.75,2.5,0.25,0.25,4.0,0.75,0.25,4.75,2.0,1.5,75.0,69.25,0.5,0.25,3.25,0.75,66.67,0.5,1.75
1196,Super League (CH),16960,Stefan Knežević,S. Knežević,1996-10-30,87.27,22.89,22.82,24,23,1,2195.0,95.43,0.09,0.87,820.0,35.65,30.35,85.12,88.75,20.92,4.09,7.3,5.17,0.04,0.0,35.04,9.09,6.57,17.35,6.35,5.22,82.19,81.87,0.26,0.04,3.74,0.78,50.0,0.39,5.87
1196,Super League (CH),16962,Olivier Custodio Da Costa,O. Custodio,1995-02-10,80.28,20.36,20.72,34,34,0,3612.0,106.24,0.18,2.0,1129.0,33.21,27.97,84.23,85.04,15.01,1.59,10.44,7.74,0.59,0.5,13.88,3.79,2.88,15.68,5.44,4.62,84.86,78.35,0.65,0.06,13.62,2.74,53.76,1.47,5.5
1196,Super League (CH),16969,Silvan Sidler,S. Sidler,1998-07-07,77.03,17.52,23.72,27,27,0,1747.0,64.7,0.07,1.15,676.0,25.04,17.37,69.38,73.42,18.59,2.56,9.04,5.63,0.96,0.44,13.41,5.04,3.26,18.44,7.52,5.48,72.91,67.58,0.48,0.04,7.89,2.78,45.33,1.26,9.11
1196,Super League (CH),16970,Filip Ugrinić,F. Ugrinić,1999-01-05,30.48,10.24,4.57,2,2,0,116.0,58.0,0.0,0.5,38.0,19.0,16.0,84.21,83.77,13.22,0.5,7.5,4.0,1.0,0.5,11.5,2.0,0.5,11.5,4.5,3.0,66.67,71.92,0.5,0.0,10.5,2.5,60.0,1.5,3.0
1196,Super League (CH),17591,Andrejs Cigaņiks,A. Cigaņiks,1997-04-12,45.05,11.78,10.9,26,25,1,1702.0,68.08,0.32,1.36,570.0,22.8,16.84,73.86,77.45,17.36,1.56,5.84,4.88,0.84,0.72,13.28,3.92,2.36,18.08,7.16,4.96,69.27,69.31,0.6,0.2,15.56,3.76,43.62,1.64,6.76
1196,Super League (CH),17673,Marvin Martins Santos Da Graca,M. Martins,1995-02-17,79.85,19.28,26.01,11,11,0,1049.0,95.36,0.09,0.64,410.0,37.27,32.55,87.32,91.34,18.72,2.45,8.0,6.18,0.09,0.0,23.55,6.27,4.64,11.91,5.0,4.55,90.91,91.37,0.27,0.09,1.73,0.45,0.0,0.0,3.91
1196,Super League (CH),18301,Sergio Duvan Córdova Lezama,S. Córdova,1997-08-09,45.78,12.53,10.9,21,21,0,444.0,21.14,0.24,0.43,130.0,6.19,4.62,74.62,71.16,11.58,0.05,2.33,0.9,0.57,0.29,0.38,0.05,0.05,10.86,3.1,2.19,70.77,65.73,0.29,0.14,8.48,2.1,56.82,1.19,2.19
1196,Super League (CH),19057,Chima Okoroji,C. Okoroji,1997-04-19,91.08,19.81,23.63,35,35,0,2722.0,77.77,0.26,1.69,941.0,26.89,19.51,72.58,78.25,17.63,2.06,8.0,4.54,0.8,0.63,15.09,4.46,2.8,17.94,6.17,4.11,66.67,68.22,0.74,0.14,14.09,3.94,52.17,2.06,7.94
1196,Super League (CH),19145,Lukas Mühl,L. Mühl,1997-01-27,77.27,17.62,22.84,15,15,0,1059.0,70.6,0.0,0.33,383.0,25.53,21.53,84.33,86.56,20.78,3.0,5.6,4.8,0.13,0.0,19.2,4.67,3.13,10.13,4.6,4.0,86.96,82.43,0.13,0.0,2.07,0.67,40.0,0.27,5.0
1196,Super League (CH),19178,Jozo Stanić,J. Stanić,1999-04-06,92.93,20.34,23.88,33,33,0,2175.0,65.91,0.12,0.79,889.0,26.94,21.64,80.32,86.72,19.63,2.33,7.85,5.03,0.15,0.03,14.36,3.85,2.3,6.3,1.94,1.55,79.69,80.95,0.06,0.03,1.73,0.52,47.06,0.24,4.61
1196,Super League (CH),19218,Lukas Daschner,L. Daschner,1998-10-01,86.17,18.82,22.73,26,26,0,2032.0,78.15,0.15,1.92,603.0,23.19,16.54,71.31,76.61,15.97,1.38,8.35,4.0,1.12,0.69,10.54,3.12,2.0,12.12,4.04,2.81,69.52,68.28,0.85,0.04,15.54,4.04,50.48,2.04,6.81
1196,Super League (CH),19367,Vasilije Janjičić,V. Janjičić,1998-11-02,37.0,8.23,10.01,8,7,1,233.0,33.29,0.0,0.86,77.0,11.0,9.29,84.42,87.5,16.38,0.57,3.57,2.0,0.71,0.0,3.14,0.86,0.86,2.43,1.29,1.14,88.89,77.11,0.43,0.0,4.57,0.86,50.0,0.43,1.43
1196,Super League (CH),19371,Stephan Kofi Ambrosius,S. Ambrosius,1998-12-18,48.92,10.49,14.89,4,4,0,237.0,59.25,0.25,0.75,95.0,23.75,19.25,81.05,87.62,18.89,1.75,5.25,6.0,0.25,0.0,15.25,4.5,3.25,8.0,3.25,2.75,84.61,91.96,0.25,0.0,2.5,0.5,50.0,0.25,3.25
1196,Super League (CH),19457,Kevin Behrens,K. Behrens,1991-02-03,70.95,21.11,16.89,34,34,0,1086.0,31.94,0.15,1.12,369.0,10.85,8.35,76.97,78.59,12.53,0.32,4.91,1.91,0.76,0.47,0.76,0.15,0.09,12.82,3.97,3.0,75.56,72.78,0.76,0.12,10.03,2.56,58.62,1.5,2.47
1196,Super League (CH),20249,Ilyas Chouaref,I. Chouaref,2000-12-12,80.49,22.0,21.06,38,38,0,3328.0,87.58,0.42,3.58,959.0,25.24,19.34,76.64,72.83,13.22,0.84,4.18,4.18,0.82,0.87,4.74,1.24,0.97,39.68,12.37,9.03,72.98,65.48,2.26,0.37,31.61,8.58,56.44,4.84,8.71
1196,Super League (CH),20257,Kévin Mouanga,K. Mouanga,2000-07-24,91.9,23.49,24.15,36,36,0,3937.0,109.36,0.08,1.11,1425.0,39.58,33.19,83.86,86.5,18.85,3.72,8.81,6.22,0.28,0.17,25.39,7.47,5.61,15.44,6.28,5.0,79.65,77.59,0.17,0.0,5.08,1.58,40.35,0.64,6.69
1196,Super League (CH),22143,Léo Leroy,L. Leroy,2000-02-14,81.51,23.18,20.4,33,33,0,3855.0,116.82,0.18,2.61,1226.0,37.15,31.21,84.01,84.81,16.18,2.76,13.24,7.79,1.55,1.03,16.42,5.15,4.09,19.12,7.61,5.88,77.29,76.54,0.73,0.03,17.7,4.7,61.94,2.91,6.09
1196,Super League (CH),22148,Lars Lukas Mai,L. Mai,2000-03-31,85.87,25.21,21.22,34,34,0,4182.0,123.0,0.09,0.85,1644.0,48.35,44.85,92.76,93.22,18.67,3.53,11.56,8.68,0.15,0.0,31.26,11.38,9.97,13.32,5.18,4.76,92.05,86.83,0.26,0.03,1.65,0.47,56.25,0.26,3.09
1196,Super League (CH),22155,Bledian Krasniqi,B. Krasniqi,2001-06-17,58.17,15.37,14.36,30,30,0,2303.0,76.77,0.37,1.57,660.0,22.0,18.83,85.61,85.35,15.06,1.27,4.63,3.67,0.63,0.53,13.17,2.47,1.87,16.83,5.5,4.43,80.61,77.82,0.73,0.23,14.73,3.4,66.67,2.27,3.7
1196,Super League (CH),22186,Albert Vallci,A. Vallci,1995-07-02,37.45,8.55,9.53,11,11,0,365.0,33.18,0.09,0.27,137.0,12.45,9.36,75.18,81.69,21.81,1.73,3.18,1.82,0.09,0.09,8.91,3.45,2.45,3.18,1.27,1.09,85.71,85.93,0.0,0.0,1.64,0.55,50.0,0.27,2.64
1196,Super League (CH),22887,Adrian Grbić,A. Grbić,1996-08-04,55.78,14.56,14.32,26,25,1,480.0,19.2,0.12,0.64,159.0,6.36,4.4,69.18,68.05,12.51,0.16,3.12,0.8,0.76,0.4,0.36,0.12,0.08,8.32,2.44,1.48,60.66,62.35,0.32,0.08,8.4,2.16,57.41,1.24,2.32
1196,Super League (CH),23194,Hugo Vandermersch,H. Vandermersch,1999-05-05,84.97,18.46,21.93,36,36,0,2518.0,69.94,0.08,1.64,817.0,22.69,15.44,68.05,70.88,17.89,2.14,5.94,5.28,0.83,0.83,9.5,2.56,1.44,21.92,7.44,4.81,64.55,63.97,0.69,0.03,16.14,4.36,39.49,1.72,9.56
1196,Super League (CH),23477,Mattias Käit,M. Käit,1998-06-29,74.62,16.13,19.52,28,26,2,1252.0,48.15,0.12,0.77,472.0,18.15,14.23,78.39,82.18,17.05,1.42,7.42,4.69,0.38,0.23,4.77,1.31,1.0,5.54,2.23,1.73,77.59,71.32,0.35,0.04,4.12,1.23,65.63,0.81,4.04
1196,Super League (CH),23719,Yoan Severin,Y. Severin,1997-01-24,71.77,20.4,19.22,16,16,0,1259.0,78.69,0.19,0.5,536.0,33.5,30.38,90.67,93.13,18.21,1.56,6.88,6.81,0.06,0.12,17.44,5.25,4.0,8.69,3.38,3.06,90.74,86.97,0.12,0.12,1.5,0.44,71.43,0.31,3.12
1196,Super League (CH),24227,Philippe Paulin Keny,P. Keny,1999-05-18,88.97,21.7,20.9,31,31,0,1920.0,61.94,0.13,1.35,472.0,15.23,9.68,63.56,68.98,12.53,0.58,5.19,2.0,1.42,0.77,2.29,0.39,0.26,23.32,6.06,3.61,59.57,64.12,0.61,0.1,21.9,5.13,44.02,2.26,6.03
1196,Super League (CH),24447,Lisandru Tramoni,L. Tramoni,2003-04-18,23.58,8.19,4.78,5,5,0,192.0,38.4,0.0,0.2,47.0,9.4,6.6,70.21,78.47,13.15,0.6,1.2,1.4,0.0,0.0,6.6,1.4,0.6,13.0,4.0,2.4,60.0,70.01,0.2,0.0,10.4,1.6,25.0,0.4,2.4
1196,Super League (CH),24450,Ebrima Colley,E. Colley,2000-02-01,30.06,8.68,6.86,17,17,0,546.0,32.12,0.06,0.94,152.0,8.94,7.06,78.95,79.96,12.78,0.29,2.24,1.12,0.53,0.35,1.82,0.47,0.35,11.53,3.06,2.24,73.08,73.54,0.47,0.0,13.24,3.06,53.85,1.65,2.0
1196,Super League (CH),24698,Óscar Clemente Mues,Óscar Clemente,1999-03-26,52.81,12.07,13.55,23,22,1,1134.0,51.55,0.09,1.68,373.0,16.95,12.86,75.87,74.92,12.03,0.55,7.18,3.27,1.05,0.91,3.05,1.05,0.82,15.59,5.55,3.5,63.12,69.64,0.82,0.05,12.45,3.91,55.81,2.18,5.09
1196,Super League (CH),25046,Juan José Perea Mendoza,J. Perea,2000-02-23,37.13,9.04,7.85,21,21,0,349.0,16.62,0.14,0.38,82.0,3.9,2.76,70.73,75.31,11.33,0.0,1.1,0.48,0.33,0.1,0.33,0.05,0.05,6.05,1.48,1.1,74.19,75.77,0.19,0.1,6.0,1.1,56.52,0.62,1.0
1196,Super League (CH),25321,Layton Stewart,L. Stewart,2002-09-03,16.11,3.18,4.31,5,5,0,19.0,3.8,0.2,0.6,8.0,1.6,1.2,75.0,66.04,14.85,0.2,0.8,0.0,0.2,0.0,0.0,0.0,0.0,1.8,0.4,0.4,100.0,61.06,0.2,0.0,1.0,0.4,100.0,0.4,0.6
1196,Super League (CH),25338,Bryan Okoh,B. Okoh,2003-05-16,67.32,16.68,16.91,16,16,0,1094.0,68.38,0.0,0.25,413.0,25.81,21.25,82.32,87.38,21.06,2.88,7.25,3.75,0.19,0.0,17.69,5.06,3.69,6.19,2.38,1.81,76.32,80.92,0.06,0.0,1.81,0.81,61.54,0.5,3.94
1196,Super League (CH),25378,Darian  Maleš,D. Maleš,2001-05-03,41.99,11.91,9.82,30,30,0,1068.0,35.6,0.2,1.37,327.0,10.9,8.97,82.26,79.65,15.58,0.6,2.37,1.9,0.37,0.4,1.97,0.4,0.2,13.23,3.5,2.73,78.1,72.93,0.57,0.1,11.53,2.8,66.67,1.87,2.93
1196,Super League (CH),25383,Marco Burch,M. Burch,2000-10-19,87.39,25.44,22.3,18,18,0,2514.0,139.67,0.06,0.56,876.0,48.67,42.61,87.56,89.45,17.75,3.11,9.28,10.89,0.06,0.06,36.89,9.17,7.22,18.17,7.28,6.17,84.73,81.78,0.0,0.0,4.78,1.0,38.89,0.39,6.78
1196,Super League (CH),25390,Timothé Cognat,T. Cognat,1998-01-25,96.05,27.19,25.28,31,31,0,5665.0,182.74,0.52,4.13,1683.0,54.29,45.61,84.02,84.38,16.1,3.9,10.94,11.29,0.74,1.65,24.55,6.48,5.29,41.97,15.42,11.97,77.61,76.53,1.68,0.26,32.0,7.74,60.83,4.71,9.87
1196,Super League (CH),25391,Steve Rouiller,S. Rouiller,1990-07-10,89.78,25.44,23.44,34,34,0,4089.0,120.26,0.09,0.56,1485.0,43.68,38.97,89.23,91.8,19.75,3.76,10.03,8.26,0.24,0.0,31.44,7.29,5.38,12.91,5.0,4.29,85.88,85.91,0.12,0.03,2.24,0.59,65.0,0.38,4.38
1196,Super League (CH),25392,Jeremy Frick,J. Frick,1993-03-08,88.91,24.18,24.52,12,12,0,820.0,68.33,0.0,0.0,237.0,19.75,14.67,74.26,82.88,26.03,4.5,3.75,2.25,0.0,0.0,31.42,7.67,4.17,13.08,3.92,3.5,89.36,91.13,0.0,0.0,0.0,0.0,,0.0,2.92
1196,Super League (CH),25393,Miroslav Stevanović,M. Stevanović,1990-07-29,89.68,25.53,23.73,37,37,0,3252.0,87.89,0.49,3.51,1154.0,31.19,22.86,73.31,72.94,15.26,1.32,8.86,5.92,1.38,1.49,5.3,1.54,1.11,35.81,15.08,10.95,72.58,68.01,2.3,0.32,27.49,8.41,54.66,4.59,10.7
1196,Super League (CH),25401,Nias Hefti,N. Hefti,1999-09-18,96.97,26.25,25.56,37,37,0,4235.0,114.46,0.19,2.46,1483.0,40.08,30.14,75.18,75.64,15.39,1.7,8.05,10.03,1.0,0.7,21.0,6.49,4.51,36.32,14.51,10.59,73.0,67.91,1.62,0.19,20.41,5.76,40.38,2.32,13.59
1196,Super League (CH),25404,Chris Kablan,C. Kablan,1994-11-30,64.65,14.23,16.55,12,12,0,551.0,45.92,0.0,0.67,206.0,17.17,12.0,69.9,75.71,16.88,1.25,6.92,3.75,0.67,0.33,6.08,2.25,1.67,9.67,4.17,2.83,68.0,70.69,0.17,0.0,4.25,1.42,41.18,0.58,5.92
1196,Super League (CH),25406,Basil Stillhart,B. Stillhart,1994-03-24,23.9,5.24,6.49,3,3,0,98.0,32.67,0.0,0.67,33.0,11.0,9.33,84.85,85.72,16.2,0.33,2.33,1.33,0.67,0.0,2.33,1.0,1.0,8.33,3.67,2.67,72.73,71.48,0.33,0.0,5.0,1.33,75.0,1.0,2.0
1196,Super League (CH),25408,Justin Roth,J. Roth,2000-10-29,60.23,13.28,15.06,27,26,1,1248.0,48.0,0.19,0.81,417.0,16.04,12.19,76.02,80.42,16.39,1.04,5.58,3.73,0.62,0.15,5.73,1.31,0.69,7.69,2.73,1.96,71.83,69.16,0.35,0.12,7.54,1.85,60.42,1.12,4.27
1196,Super League (CH),25413,Alexis Antunes,A. Antunes,2000-07-31,56.34,16.44,14.55,12,12,0,785.0,65.42,0.17,1.58,223.0,18.58,14.92,80.27,81.86,13.74,0.5,4.83,3.08,0.92,0.83,3.75,1.17,0.75,24.17,7.58,5.67,74.73,77.33,0.67,0.0,18.33,3.92,53.19,2.08,3.92
1196,Super League (CH),25520,Sven Köhler,S. Köhler,1996-11-08,99.08,23.32,28.1,14,14,0,1744.0,124.57,0.07,1.21,573.0,40.93,35.29,86.21,88.57,18.91,4.64,11.5,4.64,0.14,0.14,30.79,7.5,6.36,15.29,4.93,4.07,82.61,83.19,0.14,0.0,5.5,1.0,50.0,0.5,4.86
1196,Super League (CH),26192,Nicky Stephane Medja Beloko,N. Beloko,2000-02-16,70.28,18.14,19.08,22,22,0,1825.0,82.95,0.14,1.36,562.0,25.55,21.68,84.87,86.13,12.25,0.64,5.41,4.95,0.55,0.27,7.73,1.41,1.05,21.64,7.64,6.41,83.93,82.07,0.68,0.0,12.91,2.32,62.74,1.45,3.86
1196,Super League (CH),26200,Alexandre Jankewitz,A. Jankewitz,2001-12-25,71.54,15.94,22.31,31,31,0,2317.0,74.74,0.23,0.94,663.0,21.39,16.68,77.98,80.21,15.24,1.16,7.55,4.71,0.61,0.42,9.39,2.35,1.55,13.1,4.06,3.03,74.6,72.64,0.39,0.03,9.03,2.26,58.57,1.32,5.48
1196,Super League (CH),26677,Koba Leïn Koindredi,K. Koindredi,2001-10-27,47.41,13.64,11.49,27,27,0,1451.0,53.74,0.11,0.85,455.0,16.85,14.78,87.69,86.33,15.63,0.85,4.11,3.78,0.22,0.3,7.04,1.74,1.3,10.33,3.81,3.26,85.44,79.15,0.37,0.04,8.89,2.04,52.73,1.07,2.59
1196,Super League (CH),26723,Betim Fazliji,B. Fazliji,1999-04-25,16.3,3.2,4.58,6,6,0,83.0,13.83,0.17,0.17,19.0,3.17,2.17,68.42,82.01,13.48,0.0,0.83,0.5,0.0,0.33,2.33,0.5,0.17,4.0,1.0,0.67,66.67,79.8,0.17,0.17,5.17,0.83,80.0,0.67,0.67
1196,Super League (CH),26734,Kastriot Imeri,K. Imeri,2000-06-27,55.08,12.35,14.23,29,29,0,1349.0,46.52,0.24,1.34,411.0,14.17,9.72,68.61,71.94,16.85,1.17,5.72,2.07,0.97,0.59,2.38,0.69,0.41,13.1,4.55,2.93,64.39,64.01,0.55,0.1,14.41,3.69,54.21,2.0,5.41
1196,Super League (CH),26737,Nicolas Vouilloz,N. Vouilloz,2001-05-11,82.91,23.78,20.67,30,30,0,3311.0,110.37,0.07,0.57,1314.0,43.8,38.8,88.58,90.52,17.48,2.43,9.03,9.67,0.3,0.07,32.53,10.77,8.5,21.97,8.87,7.07,79.7,84.2,0.13,0.0,4.03,1.1,27.27,0.3,4.7
1196,Super League (CH),26763,Dirk Abels,D. Abels,1997-06-13,93.93,21.14,26.17,31,30,1,2101.0,70.03,0.17,0.93,792.0,26.4,20.63,78.16,80.31,18.33,2.43,9.23,4.2,0.47,0.1,20.7,6.8,5.07,13.63,5.37,4.43,82.61,76.69,0.37,0.03,5.3,1.6,52.08,0.83,6.73
1196,Super League (CH),27147,Zachary Brault-Guillard,Z. Brault-Guillard,1998-12-30,27.35,7.0,6.66,18,18,0,418.0,23.22,0.06,0.33,155.0,8.61,6.89,80.0,84.42,15.28,0.5,1.67,1.72,0.22,0.06,3.0,1.06,0.78,5.89,1.72,1.06,61.29,76.61,0.17,0.06,3.83,1.0,38.89,0.39,1.78
1196,Super League (CH),27233,Théo Bair,T. Bair,1999-08-27,71.7,17.53,19.98,23,23,0,832.0,36.17,0.0,1.26,266.0,11.57,8.87,76.69,76.38,11.69,0.22,4.52,1.52,0.74,0.3,1.3,0.3,0.22,15.39,4.74,3.7,77.98,73.24,0.78,0.04,12.17,2.91,62.69,1.83,3.09
1196,Super League (CH),27863,Pajtim Kasami,P. Kasami,1992-06-02,64.52,13.8,19.32,24,24,0,1733.0,72.21,0.08,1.46,521.0,21.71,16.17,74.47,79.98,15.89,1.67,9.21,3.29,1.25,0.46,7.38,1.96,1.25,12.75,4.38,3.17,72.38,71.24,0.79,0.04,12.33,3.12,53.33,1.67,5.62
1196,Super League (CH),28128,Armin Gigović,A. Gigović,2002-04-06,71.24,21.26,17.23,31,31,0,3120.0,100.65,0.19,1.84,906.0,29.23,25.0,85.54,87.56,15.5,1.32,7.61,5.35,0.9,0.48,12.45,2.23,1.45,17.1,4.97,4.06,81.82,81.87,0.58,0.0,16.19,3.42,73.58,2.52,4.1
1196,Super League (CH),28952,Lukas Watkowiak,L. Watkowiak,1996-03-06,96.77,19.08,27.51,3,3,0,287.0,95.67,0.0,0.33,74.0,24.67,15.33,62.16,77.58,31.29,5.67,3.0,3.0,0.0,0.0,55.67,14.0,5.67,12.0,2.0,1.33,66.67,79.6,0.0,0.0,0.0,0.0,,0.0,4.67
1196,Super League (CH),28961,Dominik Franke,D. Franke,1998-10-05,40.9,8.67,9.88,12,11,1,336.0,30.55,0.09,0.45,120.0,10.91,7.45,68.33,75.89,21.76,1.64,3.36,1.73,0.18,0.09,7.18,2.18,0.91,4.73,1.82,1.09,60.0,56.37,0.18,0.0,2.45,0.82,66.67,0.55,4.0
1196,Super League (CH),29770,Mihailo Stevanović,M. Stevanović,2002-01-04,43.35,8.7,11.99,21,21,0,499.0,23.76,0.1,0.67,173.0,8.24,6.38,77.46,77.79,14.95,0.48,3.33,1.48,0.48,0.29,3.05,0.67,0.48,5.57,1.43,1.14,80.0,76.38,0.1,0.05,6.33,1.81,78.95,1.43,1.95
1196,Super League (CH),29780,Jamie Roche,J. Roche,2001-05-04,82.86,20.78,21.65,28,28,0,2581.0,92.18,0.11,1.54,839.0,29.96,26.07,87.01,87.06,15.85,2.14,11.11,6.29,0.43,0.14,12.07,2.96,2.43,7.96,3.18,2.46,77.53,78.32,0.36,0.07,6.29,1.54,67.44,1.04,4.21
1196,Super League (CH),29803,Konrad de La Fuente,Konrad de La Fuente,2001-07-16,35.67,11.72,7.96,2,2,0,48.0,24.0,0.0,0.0,15.0,7.5,6.0,80.0,74.24,9.94,0.0,4.0,1.0,1.0,0.0,1.5,0.5,0.5,5.0,2.5,2.5,100.0,67.79,0.5,0.0,6.0,2.0,75.0,1.5,1.5
1196,Super League (CH),30057,Georgios Koutsias,G. Koutsias,2004-02-08,52.95,15.67,12.79,31,31,0,980.0,31.61,0.06,0.71,286.0,9.23,7.74,83.92,86.19,14.28,0.48,3.03,0.97,0.26,0.03,0.87,0.03,0.03,11.81,2.71,2.35,86.9,83.34,0.48,0.03,8.61,1.19,72.97,0.87,1.23
1196,Super League (CH),30509,Henri Koide,H. Koide,2001-04-06,39.5,10.41,7.8,2,2,0,75.0,37.5,0.0,0.5,19.0,9.5,7.0,73.68,75.28,10.77,0.0,2.5,0.5,1.0,0.5,0.5,0.0,0.0,8.0,2.5,1.5,60.0,76.58,0.0,0.0,17.0,3.0,50.0,1.5,3.0
1196,Super League (CH),30514,Alban Ajdini,A. Ajdini,1999-07-09,33.54,8.64,8.29,28,28,0,794.0,28.36,0.07,0.89,222.0,7.93,5.68,71.62,73.96,12.19,0.14,2.64,0.89,0.61,0.36,1.29,0.39,0.25,9.29,2.46,1.68,68.12,67.71,0.25,0.04,9.32,2.5,50.0,1.25,2.54
1196,Super League (CH),30518,Baltazar Costa Rodrigues de Oliveira,Baltazar Costa,2000-05-06,80.63,22.17,21.16,35,35,0,3629.0,103.69,0.14,1.77,1211.0,34.6,29.03,83.9,85.12,17.27,2.97,10.51,7.51,0.63,0.57,18.0,5.43,3.89,17.31,7.0,5.4,77.14,75.66,0.74,0.11,9.09,2.69,58.51,1.57,6.26
1196,Super League (CH),30531,Tyron Owusu,T. Owusu,2003-06-08,94.52,25.1,24.42,37,36,1,3250.0,90.28,0.33,1.83,1132.0,31.44,27.69,88.07,88.07,17.11,2.08,8.0,9.22,0.5,0.42,16.06,3.89,2.92,20.67,6.97,5.61,80.48,76.38,0.97,0.25,12.69,2.72,64.29,1.75,4.11
1196,Super League (CH),30532,Ashvin Balaruban,A. Balaruban,2001-08-08,26.66,5.39,7.91,2,2,0,33.0,16.5,0.0,0.0,10.0,5.0,4.0,80.0,81.19,16.05,0.0,1.5,0.5,0.5,0.0,3.0,0.5,0.5,5.0,1.0,1.0,100.0,85.48,0.0,0.0,5.0,1.5,66.67,1.0,1.0
1196,Super League (CH),30545,Nils Ramiro Reichmuth,N. Reichmuth,2002-02-22,49.62,11.04,12.55,31,29,2,1197.0,41.28,0.14,1.34,310.0,10.69,7.07,66.13,70.17,16.65,1.0,3.07,1.41,0.31,0.41,2.07,0.66,0.41,14.31,4.31,2.86,66.4,65.76,0.83,0.1,14.14,3.17,50.0,1.59,4.31
1196,Super League (CH),30573,Matteo Di Giusto,M. Di Giusto,2000-08-18,90.46,24.17,23.38,38,37,1,3653.0,98.73,0.38,3.43,1149.0,31.05,23.46,75.54,75.17,14.84,1.54,9.05,5.38,1.59,1.16,7.24,2.08,1.41,35.32,13.11,9.11,69.48,67.78,1.97,0.27,36.19,9.16,57.23,5.24,10.19
1196,Super League (CH),30787,Lukasz Lakomy,L. Łakomy,2001-01-18,49.12,12.99,11.57,2,2,0,94.0,47.0,0.0,1.5,32.0,16.0,14.0,87.5,82.72,16.41,1.0,7.5,5.0,0.5,0.5,12.5,4.0,3.5,10.5,4.5,4.0,88.89,71.52,1.0,0.0,6.0,1.0,50.0,0.5,3.5
1196,Super League (CH),30947,Brandon Soppy,B. Soppy,2002-02-21,84.99,21.16,22.46,31,31,0,3483.0,112.35,0.29,1.81,1129.0,36.42,28.23,77.5,78.84,14.53,1.65,7.58,7.74,0.48,0.26,20.52,7.16,5.19,27.94,11.84,9.06,76.57,72.14,0.97,0.23,14.23,3.52,51.38,1.81,9.9
1196,Super League (CH),30949,Flavius Daniliuc,F. Daniliuc,2001-04-27,93.04,26.89,21.99,25,25,0,3198.0,127.92,0.04,0.92,1203.0,48.12,44.0,91.44,91.69,18.99,4.28,7.52,7.72,0.16,0.0,41.52,12.72,10.92,20.76,9.36,8.68,92.74,88.78,0.16,0.0,3.84,0.96,58.33,0.56,4.0
1196,Super League (CH),30961,Yanis Cimignani,Y. Cimignani,2002-01-22,78.73,23.47,19.62,35,35,0,3669.0,104.83,0.31,2.34,1156.0,33.03,26.71,80.88,80.36,15.92,1.97,8.83,6.77,0.77,0.77,11.77,3.37,2.4,31.71,10.37,7.63,73.55,69.43,1.23,0.14,19.89,5.34,44.92,2.4,8.0
1196,Super League (CH),31210,Junior Morau Kadile,J. Kadile,2002-12-16,89.23,25.85,23.83,13,13,0,1556.0,119.69,0.92,3.77,418.0,32.15,23.38,72.73,73.93,13.67,0.77,7.38,5.62,1.23,0.69,7.31,1.54,1.08,44.38,12.92,8.92,69.05,66.01,2.77,0.77,47.46,9.85,46.88,4.62,10.77
1196,Super League (CH),32002,Kevin Carlos Omoruyi Benjamin,K. Carlos,2001-04-10,32.14,7.18,9.03,4,4,0,51.0,12.75,0.0,0.5,12.0,3.0,2.25,75.0,86.66,15.02,0.25,1.25,1.0,0.25,0.0,0.5,0.0,0.0,3.5,0.75,0.25,33.33,78.5,0.0,0.0,3.25,0.5,50.0,0.25,0.0
1196,Super League (CH),32053,Carlo Boukhalfa,C. Boukhalfa,1999-05-03,93.64,20.34,24.21,36,36,0,2631.0,73.08,0.17,2.39,765.0,21.25,15.78,74.25,76.35,13.29,0.5,7.89,3.14,1.0,0.89,4.53,0.94,0.47,19.75,5.61,3.83,68.32,72.16,0.92,0.08,23.22,4.33,59.62,2.58,6.44
1196,Super League (CH),32485,Bradley Mazikou,B. Mazikou,1996-06-02,82.79,23.7,21.64,32,32,0,4068.0,127.12,0.34,1.84,1302.0,40.69,36.81,90.48,91.03,16.54,2.19,6.75,7.81,0.28,0.38,28.75,7.25,6.12,25.34,8.88,7.94,89.44,84.89,0.56,0.22,9.94,1.56,64.0,1.0,3.56
1196,Super League (CH),32525,Mamadou Kaly Sène,K. Sène,2001-05-28,90.67,22.57,18.13,3,3,0,178.0,59.33,0.33,1.0,47.0,15.67,11.33,72.34,71.83,11.27,0.33,4.33,4.0,1.0,1.0,1.33,0.33,0.33,24.0,8.67,6.0,69.23,69.86,1.0,0.33,26.0,6.0,50.0,3.0,6.33
1196,Super League (CH),33208,Alan Virginius,A. Virginius,2003-01-03,50.22,15.26,12.27,34,34,0,1608.0,47.29,0.41,1.41,420.0,12.35,9.68,78.33,77.64,14.59,0.53,2.53,1.65,0.47,0.38,2.21,0.38,0.29,18.71,4.74,3.32,70.19,66.24,0.88,0.29,15.82,3.29,51.79,1.71,3.47
1196,Super League (CH),33213,Jaouen Hadjam,J. Hadjam,2003-03-26,66.47,18.91,15.97,20,20,0,2271.0,113.55,0.45,2.0,690.0,34.5,28.3,82.03,81.68,14.66,1.45,7.2,5.95,0.75,0.5,25.15,6.9,5.1,29.9,10.7,8.0,74.77,71.42,1.0,0.25,23.6,5.1,58.82,3.0,7.9
1196,Super League (CH),33844,Pius Dorn,P. Dorn,1996-09-24,96.38,25.21,24.69,30,29,1,3273.0,112.86,0.45,2.55,1020.0,35.17,26.45,75.2,76.98,17.1,2.55,7.31,6.59,0.93,0.41,19.03,5.55,3.66,35.76,11.79,8.21,69.59,68.95,1.28,0.17,22.28,4.97,37.5,1.86,11.21
1196,Super League (CH),33848,Ousmane Doumbia,O. Doumbia,1992-05-21,48.0,13.08,11.92,11,11,0,437.0,39.73,0.09,0.45,150.0,13.64,12.18,89.33,89.07,15.26,0.73,2.82,3.55,0.27,0.27,5.55,1.82,1.36,7.18,2.64,2.18,82.76,81.42,0.0,0.0,4.0,1.0,45.45,0.45,1.64
1196,Super League (CH),33853,Joel Monteiro Almada,Joel Monteiro,1999-08-05,69.17,19.59,16.5,31,31,0,2291.0,73.9,0.39,2.32,601.0,19.39,15.23,78.54,78.14,14.16,0.97,4.16,3.1,0.87,0.61,3.58,0.9,0.55,27.45,7.23,5.1,70.54,69.55,1.13,0.19,28.23,5.87,59.89,3.52,4.97
1196,Super League (CH),33861,Thomas Castella,T. Castella,1993-06-30,96.56,26.41,27.94,1,1,0,43.0,43.0,0.0,0.0,13.0,13.0,11.0,84.62,83.45,31.52,5.0,3.0,3.0,0.0,0.0,18.0,5.0,3.0,6.0,3.0,3.0,100.0,98.81,0.0,0.0,0.0,0.0,,0.0,2.0
1196,Super League (CH),33869,Stéphane Cueni,S. Cueni,2001-03-14,58.55,12.56,17.45,24,24,0,1117.0,46.54,0.0,0.83,372.0,15.5,12.58,81.18,85.41,15.58,0.46,4.75,2.46,0.17,0.21,4.67,1.04,0.79,7.29,2.83,2.17,76.47,76.12,0.42,0.0,4.46,1.21,51.72,0.62,2.42
1196,Super League (CH),34228,Alvyn Antonio Sanches,A. Sanches,2003-02-12,73.33,22.65,17.75,28,28,0,3317.0,118.46,0.57,3.68,927.0,33.11,28.79,86.95,84.24,13.62,1.32,6.64,7.36,1.11,1.14,9.25,2.64,2.25,30.61,10.07,8.18,81.21,78.57,1.54,0.36,30.07,6.82,65.97,4.5,5.89
1196,Super League (CH),34469,Amir Saipi,A. Saipi,2000-07-08,98.05,29.0,23.21,23,23,0,2515.0,109.35,0.04,0.22,836.0,36.35,31.17,85.77,86.98,26.53,10.09,7.04,3.13,0.0,0.0,40.04,11.3,8.04,16.7,6.26,6.04,96.53,91.48,0.13,0.04,0.09,0.0,,0.0,3.65
1196,Super League (CH),34596,Carmine Chiappetta,C. Chiappetta,2003-03-09,30.27,8.62,6.8,3,3,0,101.0,33.67,0.0,0.33,27.0,9.0,7.67,85.18,79.2,15.3,0.67,1.0,0.67,0.33,0.33,2.33,0.67,0.67,10.33,3.33,3.0,90.0,75.96,0.0,0.0,10.0,2.67,75.0,2.0,3.0
1196,Super League (CH),34632,Salifou Diarrassouba,S. Diarrassouba,2001-12-20,34.51,7.56,9.32,23,22,1,657.0,29.86,0.09,0.5,201.0,9.14,6.05,66.17,73.48,12.93,0.32,2.95,1.64,0.5,0.18,3.0,0.5,0.32,8.55,3.0,1.86,62.12,68.27,0.27,0.05,6.45,1.73,47.37,0.82,3.0
1196,Super League (CH),35278,Josias Tusevo Lukembila,J. Lukembila,1999-09-09,45.78,12.08,12.13,34,34,0,1174.0,34.53,0.06,0.82,328.0,9.65,7.44,77.13,76.93,12.37,0.26,2.53,1.68,0.5,0.29,1.29,0.26,0.09,14.59,4.71,3.29,70.0,70.97,0.5,0.09,10.85,2.44,55.42,1.35,2.74
1196,Super League (CH),35722,Jorge Andrés Segura Portocarrero,J. Segura,1997-01-18,70.45,18.78,16.57,8,8,0,640.0,80.0,0.0,0.12,264.0,33.0,29.5,89.39,90.9,19.09,2.75,6.12,9.25,0.0,0.12,23.25,7.88,5.75,7.38,3.38,3.0,88.89,86.32,0.12,0.0,0.62,0.25,0.0,0.0,3.25
1196,Super League (CH),35957,Kevin Csoboth,K. Csoboth,2000-06-20,33.38,5.82,12.25,1,1,0,19.0,19.0,0.0,0.0,8.0,8.0,5.0,62.5,58.81,19.99,0.0,3.0,3.0,0.0,0.0,1.0,1.0,1.0,2.0,1.0,1.0,100.0,49.01,0.0,0.0,0.0,0.0,,0.0,5.0
1196,Super League (CH),37095,Nishan Burkart,N. Burkart,2000-01-31,53.46,12.31,15.31,21,21,0,960.0,45.71,0.14,1.05,280.0,13.33,9.57,71.79,75.29,14.37,0.67,4.29,1.86,0.52,0.38,3.33,0.76,0.48,15.95,4.95,3.1,62.5,66.9,0.52,0.05,13.95,3.24,48.53,1.57,4.19
1196,Super League (CH),37782,Théo Berdayes Marques,T. Berdayes,2002-05-23,46.45,12.18,12.56,35,35,0,1120.0,32.0,0.17,1.17,356.0,10.17,8.2,80.62,79.49,13.99,0.37,3.37,1.97,0.37,0.4,1.83,0.54,0.29,10.89,3.69,2.83,76.74,74.2,0.69,0.06,7.54,1.97,60.87,1.2,2.6
1196,Super League (CH),40151,Adrian Durrer,A. Durrer,2001-07-13,84.16,18.2,26.29,17,17,0,1446.0,85.06,0.0,0.29,541.0,31.82,25.59,80.41,86.24,20.76,4.0,8.24,6.76,0.06,0.06,20.88,6.24,4.12,13.18,6.12,4.41,72.12,78.44,0.12,0.0,3.47,0.88,53.33,0.47,5.41
1196,Super League (CH),40398,Sinan Karweina,S. Karweina,1999-03-29,20.53,5.87,4.69,19,18,1,432.0,24.0,0.22,0.78,134.0,7.44,5.39,72.39,76.66,14.65,0.33,2.56,0.94,0.56,0.06,1.33,0.33,0.11,7.06,2.33,1.5,64.29,64.02,0.39,0.0,8.72,2.0,47.22,0.94,2.11
1196,Super League (CH),40595,Andrin Hunziker,A. Hunziker,2003-02-21,75.47,16.89,22.62,35,35,0,1245.0,35.57,0.09,1.11,351.0,10.03,6.69,66.67,69.25,12.72,0.29,3.54,1.51,0.89,0.54,0.49,0.2,0.17,15.63,5.23,3.37,64.48,65.42,0.74,0.06,12.57,3.34,59.83,2.0,3.83
1196,Super League (CH),41703,Aliou Badara Baldé,A. Baldé,2002-12-12,66.02,14.29,17.28,36,36,0,1440.0,40.0,0.22,1.25,341.0,9.47,6.33,66.86,71.91,12.79,0.25,2.33,1.11,0.47,0.36,0.94,0.19,0.11,18.14,4.14,2.64,63.76,67.77,0.72,0.08,18.83,3.25,51.28,1.67,3.22
1196,Super League (CH),42462,Adrian Bajrami,A. Bajrami,2002-04-05,90.27,23.42,23.48,34,33,1,3268.0,99.03,0.09,0.79,1280.0,38.79,33.24,85.7,89.31,21.16,4.48,6.42,7.18,0.09,0.12,33.85,9.76,7.67,15.94,6.27,5.06,80.68,77.53,0.27,0.03,3.61,0.64,42.86,0.27,5.42
1196,Super League (CH),42933,Emmanuel Essiam,E. Essiam,2003-12-19,60.35,14.0,19.13,1,1,0,82.0,82.0,0.0,0.0,20.0,20.0,17.0,85.0,89.91,13.38,0.0,4.0,3.0,0.0,0.0,15.0,3.0,2.0,25.0,7.0,6.0,85.71,78.73,0.0,0.0,10.0,2.0,100.0,2.0,3.0
1196,Super League (CH),42947,Daniel Afriyie Barnieh,D. Afriyie,2001-06-26,74.14,18.1,20.28,2,2,0,88.0,44.0,0.0,1.5,25.0,12.5,6.5,52.0,62.2,10.23,0.5,5.0,2.5,1.5,1.0,0.0,0.0,0.0,20.5,6.5,3.5,53.85,58.35,0.5,0.0,18.5,3.5,42.86,1.5,7.0
1196,Super League (CH),43052,Adrian Leon Barišić,A. Barišić,2001-07-19,74.78,20.84,19.12,9,9,0,943.0,104.78,0.0,0.44,357.0,39.67,36.11,91.04,92.03,20.43,4.78,6.11,8.22,0.11,0.0,29.78,7.78,6.22,15.11,6.89,5.89,85.48,84.53,0.0,0.0,1.0,0.22,0.0,0.0,3.78
1196,Super League (CH),46143,Maksim Paskotsi,M. Paskotsi,2003-01-19,89.24,19.25,27.21,2,2,0,164.0,82.0,0.0,0.5,63.0,31.5,23.5,74.6,85.54,18.47,2.5,11.0,2.5,0.5,0.0,25.5,7.5,5.5,9.0,3.5,2.0,57.14,80.37,0.5,0.0,3.0,1.0,0.0,0.0,6.0
1196,Super League (CH),46539,Lovro Zvonarek,L. Zvonarek,2005-05-08,90.77,20.92,24.74,26,26,0,2581.0,99.27,0.15,1.81,722.0,27.77,19.81,71.33,78.41,14.23,1.0,8.5,5.23,0.73,0.81,11.65,3.04,1.77,17.54,4.96,3.54,71.32,74.91,0.5,0.04,20.0,4.38,60.53,2.65,7.38
1196,Super League (CH),48420,Nikolas Muci ,N. Muci,2003-02-08,53.86,11.27,14.38,18,18,0,754.0,41.89,0.0,1.11,211.0,11.72,9.06,77.25,74.94,11.41,0.33,4.89,2.22,1.0,0.5,0.67,0.33,0.17,16.06,4.39,3.17,72.15,71.1,0.39,0.0,12.56,2.67,64.58,1.72,2.94
1196,Super League (CH),48423,Michael Heule,M. Heule,2001-04-27,93.23,21.14,23.15,30,28,2,2401.0,85.75,0.43,1.96,762.0,27.21,18.54,68.11,70.54,17.25,2.0,9.75,5.75,1.5,0.71,12.93,3.75,2.29,24.07,8.75,6.04,68.98,65.39,1.04,0.25,21.64,5.0,50.71,2.54,11.07
1196,Super League (CH),58670,Lamine Diack,L. Diack,2000-11-15,26.42,6.45,7.07,9,9,0,281.0,31.22,0.11,0.44,97.0,10.78,9.33,86.6,86.13,16.24,0.44,3.78,2.22,0.33,0.11,3.44,1.11,1.11,3.78,1.44,1.11,76.92,80.02,0.22,0.11,2.33,0.56,80.0,0.44,1.44
1196,Super League (CH),58809,Philip Otele,P. Otele,1999-04-15,73.49,21.03,16.67,18,18,0,1856.0,103.11,0.28,3.17,466.0,25.89,19.28,74.46,73.02,15.04,1.72,4.67,4.17,0.89,1.11,7.83,2.11,1.44,36.11,9.78,6.72,68.75,62.83,1.5,0.17,36.22,9.33,57.14,5.33,9.56
1196,Super League (CH),59888,Allan Arigoni,A. Arigoni,1998-11-04,56.62,11.99,15.71,11,11,0,547.0,49.73,0.18,0.82,182.0,16.55,12.18,73.63,75.93,16.65,1.18,4.82,2.73,0.09,0.18,5.82,2.27,1.45,12.18,4.45,2.91,65.31,73.43,0.55,0.09,8.73,2.36,42.31,1.0,5.36
1196,Super League (CH),59892,Fabio Fehr,F. Fehr,2000-01-15,78.79,17.23,19.42,28,26,2,1755.0,67.5,0.15,1.69,598.0,23.0,15.23,66.22,68.26,20.08,2.77,8.08,4.88,1.12,0.5,11.81,3.73,2.0,19.92,7.58,5.23,69.04,66.26,0.81,0.12,13.54,3.31,38.37,1.27,9.81
1196,Super League (CH),59893,Dominik Schmid,D. Schmid,1998-03-10,91.37,26.29,21.48,33,33,0,4567.0,138.39,0.15,2.39,1675.0,50.76,42.36,83.46,82.96,16.32,2.42,11.88,12.58,1.27,0.88,33.61,10.33,8.52,34.36,13.94,11.15,80.0,75.44,0.85,0.03,20.64,5.3,46.86,2.48,11.12
1196,Super League (CH),59898,Kreshnik Hajrizi,K. Hajrizi,1999-05-28,94.55,25.3,25.17,34,34,0,3732.0,109.76,0.09,0.5,1388.0,40.82,35.21,86.24,88.39,19.84,4.18,8.82,8.53,0.12,0.0,28.24,8.38,6.24,14.0,5.09,4.15,81.5,80.2,0.12,0.0,1.85,0.38,53.85,0.21,6.38
1196,Super League (CH),60945,Pascal Loretz,P. Loretz,2003-06-01,97.24,25.69,25.17,38,37,1,3121.0,84.35,0.03,0.14,1147.0,31.0,26.95,86.92,91.0,26.47,7.59,2.41,3.97,0.0,0.0,30.27,6.68,3.95,13.46,5.19,4.76,91.67,94.0,0.0,0.0,0.0,0.0,,0.0,1.86
1196,Super League (CH),61128,Bénie Adama Traoré,B. Traoré,2002-11-30,74.36,20.76,18.51,28,28,0,2118.0,75.64,0.14,1.93,586.0,20.93,16.25,77.65,76.61,14.54,0.86,4.14,3.04,0.5,0.75,4.18,1.0,0.71,27.71,7.46,4.93,66.03,65.85,0.93,0.07,24.79,5.89,60.61,3.57,6.36
1196,Super League (CH),61377,Tanguy Banhie Zoukrou,T. Zoukrou,2003-05-07,63.52,18.32,15.01,15,15,0,1219.0,81.27,0.0,0.53,498.0,33.2,30.53,91.97,91.95,19.3,2.8,5.13,7.07,0.07,0.0,20.8,5.87,4.93,15.2,6.2,5.47,88.17,86.56,0.33,0.07,2.2,0.6,44.45,0.27,3.07
1196,Super League (CH),61381,Noé Sow,N. Sow,1998-12-18,49.08,12.62,13.25,30,30,0,1625.0,54.17,0.03,0.4,576.0,19.2,16.6,86.46,89.17,17.71,1.47,4.57,4.5,0.1,0.1,11.33,3.03,2.47,6.53,2.77,2.27,81.93,84.72,0.03,0.0,2.4,0.43,23.08,0.1,2.27
1196,Super League (CH),61576,Francis Momoh,F. Momoh,2001-03-25,25.34,5.7,8.5,11,11,0,189.0,17.18,0.0,0.36,45.0,4.09,2.82,68.89,77.63,10.77,0.09,1.18,0.27,0.36,0.0,0.45,0.18,0.0,7.09,1.73,1.27,73.68,74.91,0.18,0.0,5.91,1.18,69.23,0.82,1.09
1196,Super League (CH),61577,Abdou Karim Sow,K. Sow,2003-05-22,87.92,21.58,23.39,31,31,0,2406.0,77.61,0.06,0.55,949.0,30.61,26.52,86.62,91.11,20.8,3.61,6.9,7.77,0.1,0.06,18.23,6.0,4.9,8.32,4.16,3.45,82.95,85.28,0.13,0.0,0.9,0.26,37.5,0.1,2.77
1196,Super League (CH),61671,Livano  Comenencia,L. Comenencia,2004-02-03,68.24,17.78,16.27,23,23,0,1573.0,68.39,0.04,1.04,492.0,21.39,16.96,79.27,83.32,17.66,1.96,3.52,3.17,0.3,0.22,14.3,3.7,2.43,15.91,5.13,3.83,74.58,75.89,0.43,0.0,8.91,1.91,50.0,0.96,4.65
1196,Super League (CH),61675,Noah Rupp,N. Rupp,2003-08-13,34.85,7.64,8.93,16,15,1,538.0,35.87,0.0,0.73,160.0,10.67,8.8,82.5,82.78,14.07,0.33,2.73,2.2,0.53,0.07,3.0,0.53,0.27,6.67,2.33,1.53,65.71,72.8,0.27,0.0,6.13,1.4,57.14,0.8,2.2
1196,Super League (CH),61972,Antonios Papadopoulos,A. Papadopoulos,1999-09-10,97.06,28.67,23.64,33,33,0,3665.0,111.06,0.0,0.64,1465.0,44.39,40.55,91.33,93.69,19.64,4.27,6.58,12.55,0.21,0.09,22.91,5.61,4.7,13.61,4.97,4.61,92.68,88.73,0.21,0.0,3.97,0.73,45.83,0.33,3.3
1196,Super League (CH),64208,Liam Chipperfield,L. Chipperfield,2004-02-14,43.14,11.69,11.5,35,35,0,1621.0,46.31,0.11,1.2,456.0,13.03,9.71,74.56,74.97,17.72,1.49,3.14,2.14,0.29,0.37,3.17,0.91,0.54,14.26,4.74,3.37,71.08,69.16,0.69,0.06,10.51,2.77,44.33,1.23,4.57
1196,Super League (CH),64236,Tim Spycher,T. Spycher,2004-04-13,75.91,16.84,19.44,3,3,0,247.0,82.33,0.0,0.0,58.0,19.33,14.33,74.14,82.8,31.16,6.0,2.0,1.0,0.0,0.0,26.0,4.67,2.0,16.67,4.0,3.33,83.33,88.04,0.0,0.0,0.0,0.0,,0.0,2.67
1196,Super League (CH),64353,Abdoulaye Diaby,A. Diaby,2000-07-04,85.71,19.54,22.53,16,15,1,920.0,61.33,0.07,0.6,370.0,24.67,17.87,72.43,84.7,20.41,2.2,7.87,2.4,0.07,0.07,15.53,5.0,2.93,6.2,2.53,1.8,71.05,75.91,0.2,0.0,2.27,0.8,41.67,0.33,4.47
1196,Super League (CH),64736,Dario Ulrich,D. Ulrich,1998-03-12,45.18,10.61,12.09,13,13,0,708.0,54.46,0.23,0.85,234.0,18.0,11.31,62.82,69.73,18.9,1.77,5.77,3.77,0.62,0.85,6.38,2.0,1.31,16.38,6.15,3.92,63.75,66.29,0.38,0.08,9.38,3.38,34.09,1.15,7.77
1196,Super League (CH),66350,Nelson Daniel Palacio Ruiz,N. Palacio,2001-06-16,88.12,22.1,21.32,31,31,0,3055.0,98.55,0.16,1.16,989.0,31.9,27.61,86.55,88.95,18.75,3.74,7.68,7.16,0.13,0.32,18.19,4.16,3.1,11.77,4.45,3.65,81.88,80.7,0.19,0.03,5.74,1.0,64.52,0.65,4.06
1196,Super League (CH),67955,Damienus Reverson ,D. Reverson,2003-10-18,46.97,10.75,10.81,27,27,0,634.0,23.48,0.0,0.78,182.0,6.74,4.93,73.08,74.32,11.19,0.19,1.85,1.11,0.63,0.37,0.33,0.07,0.04,9.7,3.04,2.11,69.51,69.12,0.52,0.04,8.56,2.26,65.57,1.48,2.07
1196,Super League (CH),68780,Mohamed Belhadj Mahmoud,M. Mahmoud,2000-04-24,56.07,15.64,14.12,30,30,0,1528.0,50.93,0.03,1.3,464.0,15.47,13.87,89.66,86.5,15.35,1.0,4.03,3.4,0.3,0.5,5.3,1.2,1.13,10.77,3.67,3.13,85.45,77.65,0.7,0.03,10.63,2.37,71.83,1.7,2.2
1196,Super League (CH),68786,Severin Ottiger,S. Ottiger,2003-04-20,48.14,12.23,13.25,22,22,0,1072.0,48.73,0.14,1.09,344.0,15.64,11.64,74.42,79.67,17.11,0.95,3.73,2.32,0.36,0.14,8.0,1.86,1.14,14.05,4.41,3.05,69.07,69.12,0.5,0.09,9.95,2.18,45.83,1.0,3.77
1196,Super League (CH),69029,José Dinis Pinto Magalhães Rodrigues,José Rodrigues,2005-07-14,14.36,3.46,1.66,1,1,0,5.0,5.0,0.0,0.0,2.0,2.0,2.0,100.0,97.93,11.01,0.0,0.0,1.0,0.0,0.0,0.0,0.0,0.0,1.0,0.0,0.0,,,0.0,0.0,2.0,0.0,,0.0,0.0
1196,Super League (CH),69102,Luke  Plange,L. Plange,2002-11-04,74.78,17.28,20.19,26,25,1,1694.0,67.76,0.16,1.68,485.0,19.4,13.68,70.52,75.01,12.77,0.64,7.04,3.2,1.16,0.56,1.88,0.52,0.16,24.2,7.56,4.92,65.08,68.57,0.96,0.08,21.12,4.64,47.41,2.2,5.48
1196,Super League (CH),69324,Mariano Gómez,M. Gómez,1999-02-05,96.93,26.8,20.76,14,14,0,1229.0,87.79,0.21,0.79,568.0,40.57,35.0,86.27,89.74,18.96,2.71,10.71,9.64,0.14,0.14,20.14,6.14,4.07,10.29,4.36,4.29,98.36,92.17,0.21,0.0,1.14,0.5,28.57,0.14,5.57
1196,Super League (CH),70264,Simone Stroscio,S. Stroscio,2003-08-20,83.75,19.23,23.49,31,30,1,2198.0,73.27,0.03,1.13,727.0,24.23,17.43,71.94,75.41,17.53,1.93,5.6,4.17,0.47,0.47,14.47,4.33,3.03,16.63,6.03,4.07,67.4,68.32,0.53,0.03,11.47,3.03,54.94,1.67,8.37
1196,Super League (CH),70343,Moussa Cisse,M. Cisse,2003-04-29,50.63,14.17,15.21,12,12,0,832.0,69.33,0.0,0.67,279.0,23.25,18.42,79.21,82.54,14.78,0.67,4.08,6.17,0.67,0.25,17.5,5.5,4.42,18.08,6.5,4.58,70.51,72.36,0.25,0.0,10.08,2.25,37.04,0.83,4.58
1196,Super League (CH),70344,Nicolas Glaus,N. Glaus,2002-05-10,94.9,23.04,29.62,1,1,0,105.0,105.0,0.0,0.0,31.0,31.0,22.0,70.97,82.31,23.2,5.0,5.0,1.0,0.0,0.0,43.0,12.0,4.0,21.0,8.0,7.0,87.5,93.88,0.0,0.0,0.0,0.0,,0.0,7.0
1196,Super League (CH),70564,Mattia  Zanotti,M. Zanotti,2003-01-11,88.7,26.31,21.26,31,31,0,3363.0,108.48,0.16,1.55,1035.0,33.39,28.0,83.86,84.05,16.42,2.42,5.13,5.94,0.42,0.32,18.68,4.23,3.26,31.32,9.65,7.42,76.92,72.52,0.94,0.06,18.42,4.35,45.19,1.97,6.48
1196,Super League (CH),70572,Enoch Owusu,E. Owusu,2005-01-08,31.3,6.21,8.11,5,5,0,158.0,31.6,0.0,1.2,43.0,8.6,6.4,74.42,80.93,14.9,0.2,1.6,1.2,0.0,0.0,5.0,0.4,0.0,6.6,1.8,1.2,66.67,75.25,0.4,0.0,7.2,1.4,42.86,0.6,2.0
1196,Super League (CH),70849,Moritz Broschinski,M. Broschinski,2000-09-23,32.89,9.79,7.58,17,17,0,223.0,13.12,0.0,0.71,56.0,3.29,2.35,71.43,78.76,12.15,0.06,1.41,0.29,0.47,0.18,0.24,0.06,0.0,5.0,1.18,0.88,75.0,74.1,0.41,0.0,6.18,1.47,60.0,0.88,0.59
1196,Super League (CH),70861,Dion Kacuri,D. Kacuri,2004-02-11,52.18,14.03,11.85,7,7,0,489.0,69.86,0.14,1.0,165.0,23.57,21.86,92.73,90.19,16.21,1.14,7.0,4.71,0.14,0.14,10.71,2.71,2.43,8.14,4.43,4.0,90.32,86.35,0.14,0.0,6.0,0.86,83.33,0.71,2.57
1196,Super League (CH),74702,Ahmed Kendouci,A. Kendouci,1999-06-22,21.7,6.58,5.79,10,10,0,360.0,36.0,0.0,0.2,112.0,11.2,10.1,90.18,88.3,15.72,0.8,2.9,2.8,0.1,0.1,5.1,1.8,1.5,5.0,1.6,1.1,68.75,69.22,0.1,0.0,2.5,0.7,85.72,0.6,1.1
1196,Super League (CH),75758,Christian Witzig,C. Witzig,2001-01-09,71.19,16.21,18.04,30,30,0,1969.0,65.63,0.27,2.0,623.0,20.77,14.3,68.86,74.55,15.42,0.9,6.6,3.47,0.83,0.7,5.13,1.6,0.57,21.17,6.33,3.83,60.53,66.12,0.9,0.1,19.1,4.77,39.86,1.9,6.8
1196,Super League (CH),87554,Tom Gaal,T. Gaal,2001-03-03,97.17,21.49,24.71,30,30,0,2811.0,93.7,0.13,0.83,996.0,33.2,25.47,76.71,80.57,19.93,3.27,9.2,6.07,0.5,0.13,29.07,8.07,5.87,13.63,4.57,3.6,78.83,66.97,0.23,0.0,6.0,1.97,49.15,0.97,9.2
1196,Super League (CH),90561,Donat Rrudhani,D. Rrudhani,1999-05-02,48.9,13.61,12.5,21,21,0,1086.0,51.71,0.0,1.33,350.0,16.67,14.1,84.57,83.49,12.36,0.43,5.95,2.81,0.71,0.33,3.9,0.86,0.57,14.43,4.57,3.76,82.29,74.41,0.62,0.0,10.95,2.76,60.35,1.67,2.76
1196,Super League (CH),102835,Anton  Kade,A. Kade,2004-01-17,44.07,11.07,11.89,4,4,0,122.0,30.5,0.0,0.0,48.0,12.0,8.75,72.92,75.15,13.31,0.25,2.5,3.0,0.25,0.5,2.75,1.25,1.25,9.75,4.75,2.75,57.9,66.99,0.0,0.0,9.0,3.0,33.33,1.0,3.5
1196,Super League (CH),105601,Behar Neziri,B. Neziri,2003-01-06,99.25,21.59,24.64,17,17,0,1422.0,83.65,0.0,1.29,401.0,23.59,17.71,75.06,80.49,15.42,1.47,7.0,4.35,0.29,0.53,16.24,3.94,2.24,8.65,3.12,1.71,54.72,64.73,0.06,0.0,9.76,2.06,45.71,0.94,6.0
1196,Super League (CH),108986,Giotto Morandi,G. Morandi,1999-03-04,34.6,9.78,9.23,16,16,0,536.0,33.5,0.19,0.88,185.0,11.56,9.62,83.24,80.03,13.99,0.62,3.0,3.25,0.62,0.44,2.25,0.56,0.44,11.5,4.31,3.19,73.91,74.31,0.5,0.12,9.06,2.44,48.72,1.19,2.62
1196,Super League (CH),109883,Théo Magnin,T. Magnin,2003-08-09,67.97,20.53,18.57,10,10,0,973.0,97.3,0.0,1.7,348.0,34.8,28.1,80.75,81.31,15.91,1.8,7.4,7.9,1.0,1.1,16.7,3.6,2.4,26.3,9.1,6.5,71.43,70.72,0.6,0.0,13.3,4.0,45.0,1.8,9.0
1196,Super League (CH),110333,Nassim Othmane Zoukit,N. Zoukit,2001-04-30,113.64,28.51,28.08,2,2,0,298.0,149.0,0.0,3.0,84.0,42.0,35.5,84.53,80.72,15.77,3.0,15.5,5.0,2.0,0.5,8.0,2.0,2.0,20.5,7.0,5.5,78.57,77.67,1.0,0.0,19.5,5.0,50.0,2.5,12.5
1196,Super League (CH),110430,Valon Fazliu,V. Fazliu,1996-02-02,102.34,25.25,25.91,2,2,0,183.0,91.5,0.5,4.0,46.0,23.0,17.5,76.08,77.23,16.89,2.5,5.5,4.0,1.0,1.5,0.5,0.0,0.0,28.0,8.0,7.0,87.5,80.51,1.0,0.0,31.5,5.5,72.73,4.0,7.0
1196,Super League (CH),113472,Jahnoah Guevara Markelo,J. Markelo,2003-01-04,70.82,18.68,15.07,13,13,0,1066.0,82.0,0.31,1.69,250.0,19.23,14.15,73.6,75.28,18.22,2.31,2.31,1.92,0.08,0.15,5.0,1.23,1.0,25.77,5.38,3.46,64.29,66.33,0.77,0.15,24.85,4.77,50.0,2.38,6.38
1196,Super League (CH),117257,Benjamin Kabeya Muteba,B. Kabeya,2001-06-16,24.28,5.36,9.76,1,1,0,11.0,11.0,0.0,0.0,3.0,3.0,2.0,66.67,88.94,13.1,0.0,1.0,1.0,0.0,0.0,4.0,2.0,1.0,1.0,0.0,0.0,,,0.0,0.0,0.0,0.0,,0.0,0.0
1196,Super League (CH),117258,Théo Golliard,T. Golliard,2002-09-27,65.75,15.27,19.05,34,34,0,1788.0,52.59,0.24,1.65,553.0,16.26,12.71,78.12,77.07,13.87,0.71,5.32,3.03,0.76,0.62,2.76,0.53,0.29,16.47,5.53,4.06,73.4,70.64,0.91,0.18,13.74,3.74,62.2,2.32,4.74
1196,Super League (CH),123169,Abemly Meto Silu,Metinho,2003-04-23,83.58,24.3,19.76,28,28,0,3633.0,129.75,0.14,2.39,1062.0,37.93,34.11,89.93,90.22,16.58,1.96,8.46,7.75,0.46,0.32,20.82,5.32,4.64,16.93,6.25,5.54,88.57,85.93,0.64,0.07,11.54,2.43,67.65,1.64,3.43
1196,Super League (CH),135500,Elmin Rastoder,E. Rastoder,2001-10-07,79.88,17.74,20.17,35,33,2,1661.0,50.33,0.27,2.06,438.0,13.27,9.15,68.95,70.24,10.77,0.24,3.52,2.06,0.85,0.61,0.52,0.18,0.06,27.0,7.76,5.27,67.97,70.15,1.36,0.27,25.3,4.94,59.51,2.94,4.88
1196,Super League (CH),140246,Elias Filet,E. Filet,2002-03-06,82.42,19.39,22.32,2,2,0,108.0,54.0,0.0,1.5,26.0,13.0,10.0,76.92,68.28,11.12,0.0,5.0,2.5,1.0,0.5,1.0,0.0,0.0,24.5,5.5,4.0,72.73,74.7,0.5,0.0,18.0,4.0,62.5,2.5,6.0
1196,Super League (CH),158195,Martim Alexandre Costa Marques,Martim Marques,2004-02-11,73.32,21.4,17.93,23,23,0,1630.0,70.87,0.13,1.04,627.0,27.26,22.48,82.46,82.94,16.44,1.57,7.09,6.3,0.48,0.0,13.91,4.74,3.52,17.61,7.61,6.09,80.0,72.88,0.57,0.09,8.78,2.39,45.45,1.09,6.35
1196,Super League (CH),162094,Miguel Reichmuth,M. Reichmuth,2003-10-26,66.61,15.66,15.44,18,18,0,1357.0,75.39,0.17,1.67,397.0,22.06,17.72,80.35,80.43,15.57,1.56,7.0,3.56,0.72,0.22,11.33,3.33,2.83,13.56,4.56,3.5,76.83,67.85,0.39,0.0,12.83,3.22,63.79,2.06,5.39
1196,Super League (CH),162095,Selmin Hodža,S. Hodža,2003-05-24,74.15,18.82,18.36,5,5,0,484.0,96.8,0.4,1.8,146.0,29.2,21.6,73.97,77.33,17.68,2.4,6.4,5.0,0.6,1.0,21.8,5.0,3.0,20.2,6.2,5.0,80.65,67.44,0.4,0.2,18.8,4.6,39.13,1.8,10.0
1196,Super League (CH),162311,Julien Duranville,J. Duranville,2006-05-05,49.82,14.06,12.67,16,16,0,763.0,47.69,0.19,1.25,174.0,10.88,8.44,77.59,78.74,12.89,0.56,2.12,1.31,0.38,0.06,1.94,0.38,0.25,15.31,3.44,2.38,69.09,67.68,0.5,0.12,14.56,2.5,50.0,1.25,2.69
1196,Super League (CH),162993,Finn van Breemen,F. van Breemen,2003-02-25,77.97,24.3,17.88,1,1,0,106.0,106.0,0.0,0.0,41.0,41.0,33.0,80.49,89.77,17.52,1.0,4.0,10.0,0.0,0.0,25.0,8.0,6.0,29.0,12.0,10.0,83.33,86.75,0.0,0.0,2.0,1.0,0.0,0.0,4.0
1196,Super League (CH),163703,Bafodé Dansoko,B. Dansoko,1995-12-28,66.86,15.84,20.07,21,21,0,1197.0,57.0,0.19,1.67,375.0,17.86,14.14,79.2,77.29,13.62,0.57,3.76,3.0,0.38,0.33,4.29,1.24,0.81,18.9,6.76,5.38,79.58,70.81,0.71,0.14,14.38,3.48,63.01,2.19,4.52
1196,Super League (CH),165606,Brighton Labeau,B. Labeau,1996-01-01,60.72,13.84,14.75,35,33,2,1013.0,30.7,0.06,1.06,257.0,7.79,5.12,65.76,67.51,12.7,0.21,2.61,1.06,0.79,0.3,0.45,0.12,0.06,15.55,3.94,2.61,66.15,66.91,0.67,0.06,13.82,2.7,52.81,1.42,3.15
1196,Super League (CH),166645,Colin Kleine-Bekel,C. Kleine-Bekel,2003-01-24,70.11,14.91,18.47,14,14,0,833.0,59.5,0.07,0.71,311.0,22.21,16.57,74.6,82.49,19.94,2.36,7.07,4.36,0.43,0.14,17.93,5.29,3.64,7.64,3.36,2.14,63.83,74.21,0.29,0.07,3.93,1.0,35.71,0.36,5.86
1196,Super League (CH),167700,Nathan Butler-Oyedeji,N. Butler-Oyedeji,2003-01-04,56.41,14.15,14.36,33,33,0,1574.0,47.7,0.12,1.42,456.0,13.82,10.85,78.51,77.42,12.34,0.33,3.3,2.94,0.52,0.7,2.3,0.58,0.42,16.58,5.58,4.03,72.28,68.42,0.82,0.06,13.85,3.33,53.64,1.79,3.91
1196,Super League (CH),171375,Anthony Baron,A. Baron,1992-12-29,57.36,17.49,15.24,11,11,0,1184.0,107.64,0.09,0.55,413.0,37.55,34.0,90.55,88.09,19.83,3.91,7.91,6.36,0.36,0.09,29.27,10.82,9.09,15.09,7.36,6.18,83.95,81.3,0.45,0.09,5.55,1.55,52.94,0.82,4.73
1196,Super League (CH),173165,Randy Schneider,R. Schneider,2001-08-27,66.42,15.57,18.88,30,30,0,2194.0,73.13,0.2,1.73,622.0,20.73,16.47,79.42,78.73,14.43,0.97,5.5,3.0,0.6,0.67,4.83,1.13,0.77,20.17,5.9,4.37,74.01,70.4,0.57,0.07,16.87,4.2,65.08,2.73,5.37
1196,Super League (CH),174371,Mouhamed El Bachir Ngom,M. Ngom,2000-05-12,88.36,21.32,24.44,17,16,1,1611.0,100.69,0.19,0.94,525.0,32.81,25.44,77.52,83.79,20.18,4.06,7.69,5.75,0.19,0.5,28.06,6.81,4.38,15.62,4.06,3.12,76.92,73.3,0.25,0.06,6.56,1.94,54.84,1.06,7.0
1196,Super League (CH),174563,Ibrahim Salah,I. Salah,2001-08-30,50.48,14.38,12.26,25,25,0,1532.0,61.28,0.16,1.32,472.0,18.88,14.24,75.42,78.53,14.25,0.84,5.32,2.68,1.16,0.36,3.8,1.04,0.6,20.64,6.64,4.48,67.47,69.07,0.56,0.0,17.96,4.72,43.22,2.04,5.2
1196,Super League (CH),174961,Justin Hammel,J. Hammel,2000-12-02,98.79,22.58,27.08,38,37,1,2623.0,70.89,0.03,0.05,807.0,21.81,13.81,63.32,78.65,33.19,6.19,4.16,2.11,0.03,0.0,33.16,9.08,3.62,12.19,3.73,2.68,71.74,83.28,0.0,0.0,0.05,0.03,0.0,0.0,3.81
1196,Super League (CH),174962,Uran  Bislimi,U. Bislimi,1999-09-25,90.69,27.06,21.7,34,34,0,6231.0,183.26,0.26,3.85,2017.0,59.32,52.82,89.04,87.78,15.85,3.68,16.41,11.88,1.35,0.94,26.91,7.88,6.35,35.0,12.94,10.41,80.45,78.52,1.5,0.09,27.26,6.35,63.89,4.06,7.59
1196,Super League (CH),176184,Marin Šotiček,M. Šotiček,2004-09-18,38.78,11.54,9.12,26,26,0,1010.0,38.85,0.08,0.96,256.0,9.85,7.81,79.3,83.11,12.08,0.23,2.12,1.77,0.42,0.31,2.15,0.15,0.12,11.54,2.88,1.96,68.0,74.59,0.38,0.08,11.85,2.08,57.41,1.19,1.69
1196,Super League (CH),179287,Kevin Spadanuda,K. Spadanuda,1997-01-16,49.73,12.91,13.04,25,24,1,1220.0,50.83,0.29,1.62,333.0,13.88,11.25,81.08,80.48,13.44,0.33,2.71,2.25,0.71,0.25,4.58,1.29,1.17,18.96,5.5,4.21,76.51,72.9,0.83,0.21,15.83,3.0,61.11,1.83,2.88
1196,Super League (CH),181257,Souleymane Diaby,S. Diaby,1999-10-08,71.3,16.34,22.03,22,22,0,1778.0,80.82,0.05,0.82,603.0,27.41,21.0,76.62,80.44,15.92,1.73,5.91,6.77,0.32,0.18,16.68,4.91,3.18,19.18,7.59,5.32,70.06,71.59,0.27,0.0,8.09,2.14,36.17,0.77,7.09
1196,Super League (CH),204984,Teo Allix,T. Allix,2004-07-05,47.1,13.92,12.15,11,11,0,591.0,53.73,0.09,0.82,216.0,19.64,15.18,77.31,80.13,17.5,1.36,5.73,5.91,0.64,0.09,12.18,4.18,2.27,13.55,5.82,4.0,68.75,72.03,0.45,0.0,5.18,1.55,47.06,0.73,5.45
1196,Super League (CH),222166,Ismajl Beka,I. Beka,1999-10-31,64.21,15.34,18.16,4,4,0,264.0,66.0,0.0,0.25,99.0,24.75,19.75,79.8,83.62,19.92,3.25,8.0,4.0,0.0,0.25,21.25,5.75,4.25,10.5,4.0,3.0,75.0,79.7,0.0,0.0,1.75,0.75,33.33,0.25,5.0
1196,Super League (CH),254518,Keigo Tsunemoto,K. Tsunemoto,1998-10-21,69.73,20.06,16.55,19,19,0,1781.0,93.74,0.21,1.74,595.0,31.32,27.42,87.56,84.64,15.74,1.63,5.95,7.74,0.58,0.26,19.47,5.53,4.84,23.37,8.84,7.16,80.95,75.62,0.68,0.16,10.68,3.0,49.12,1.47,5.05
1196,Super League (CH),323707,Claudio Cassano,C. Cassano,2003-07-22,20.59,5.47,5.22,9,9,0,162.0,18.0,0.0,0.22,48.0,5.33,4.0,75.0,83.15,11.36,0.0,1.44,0.89,0.0,0.0,1.33,0.22,0.11,5.33,1.67,1.0,60.0,74.61,0.11,0.0,4.44,0.89,25.0,0.22,1.44
1196,Super League (CH),323710,Antonio Spagnoli,A. Spagnoli,2005-05-31,92.78,22.65,31.71,1,1,0,76.0,76.0,0.0,0.0,26.0,26.0,21.0,80.77,80.53,27.4,6.0,8.0,3.0,0.0,0.0,27.0,11.0,9.0,24.0,9.0,9.0,100.0,91.37,0.0,0.0,0.0,0.0,,0.0,2.0
1196,Super League (CH),415919,Ramon Guzzo,R. Guzzo,2004-07-05,20.5,5.47,3.74,2,2,0,72.0,36.0,0.0,0.0,14.0,7.0,4.0,57.14,70.92,27.13,1.5,1.0,1.5,0.0,0.5,3.5,0.5,0.0,4.5,1.5,0.5,33.33,53.48,0.0,0.0,13.5,3.0,33.33,1.0,3.0
1196,Super League (CH),492491,Théo Bouchlarhem,T. Bouchlarhem,2001-03-03,25.16,5.99,6.46,15,15,0,392.0,26.13,0.07,0.53,95.0,6.33,4.67,73.68,77.72,13.53,0.13,1.47,0.93,0.27,0.07,2.53,0.47,0.33,10.27,2.6,1.73,66.67,70.84,0.27,0.07,9.8,2.33,51.43,1.2,1.8
1196,Super League (CH),514694,Dorian Paloschi,D. Paloschi,2005-11-21,76.86,16.43,22.1,11,11,0,541.0,49.18,0.0,0.45,217.0,19.73,14.09,71.43,80.12,18.1,0.82,9.27,3.0,0.18,0.09,13.73,4.45,3.55,3.91,1.73,1.09,63.16,70.61,0.0,0.0,2.18,0.64,14.29,0.09,4.09
1196,Super League (CH),520868,Calixte Paul Junior Ligue,J. Ligue,2005-03-21,46.5,11.32,10.74,8,8,0,319.0,39.88,0.0,0.12,112.0,14.0,10.38,74.11,79.17,16.04,0.88,3.0,4.5,0.38,0.25,9.25,3.25,2.25,6.88,3.25,2.25,69.23,68.42,0.0,0.0,4.0,1.5,25.0,0.38,4.25
1196,Super League (CH),530097,Jonas Adjei Adjetey,J. Adjetey,2003-12-13,91.23,26.55,20.5,15,15,0,1686.0,112.4,0.0,0.6,678.0,45.2,40.0,88.5,92.79,19.41,3.13,9.13,8.2,0.0,0.0,29.67,8.4,6.53,13.73,5.67,5.2,91.76,91.59,0.07,0.0,1.13,0.2,66.67,0.13,3.27
1196,Super League (CH),537409,Young-Jun Lee,Young-Jun Lee,2003-05-23,45.73,11.56,12.36,17,16,1,538.0,33.62,0.19,0.81,147.0,9.19,7.12,77.55,77.35,12.22,0.5,3.44,1.94,0.44,0.56,0.38,0.06,0.06,13.19,3.5,2.69,76.79,74.43,0.38,0.0,11.12,2.25,66.67,1.5,2.25
1196,Super League (CH),539725,Dominik Pech,D. Pech,2006-09-04,38.5,11.52,9.47,28,28,0,1545.0,55.18,0.18,1.07,426.0,15.21,13.29,87.32,91.11,17.12,1.11,2.25,3.07,0.11,0.21,6.57,0.93,0.71,12.11,3.75,3.25,86.67,86.99,0.43,0.14,10.14,1.46,65.85,0.96,1.43
1196,Super League (CH),540293,Tomás Verón Lupi,T. Verón Lupi,2000-09-03,29.85,5.71,9.08,5,5,0,103.0,20.6,0.0,0.6,29.0,5.8,4.0,68.96,72.54,14.49,0.4,1.2,0.8,0.4,0.0,0.6,0.4,0.2,8.8,2.4,1.8,75.0,72.8,0.4,0.0,8.8,2.2,54.55,1.2,1.6
1196,Super League (CH),567556,Furkan Dursun,F. Dursun,2005-03-14,26.66,5.3,6.52,11,10,1,91.0,9.1,0.0,0.4,26.0,2.6,1.8,69.23,62.24,11.77,0.1,0.9,0.4,0.3,0.2,0.0,0.0,0.0,4.7,1.1,0.8,72.73,62.07,0.1,0.0,4.6,1.1,54.55,0.6,1.0
1196,Super League (CH),568779,Marvin Keller,M. Keller,2002-07-03,97.05,28.53,23.14,38,38,0,3471.0,91.34,0.0,0.16,1154.0,30.37,24.71,81.37,88.22,25.54,6.16,3.87,4.39,0.0,0.0,34.71,7.89,3.97,19.53,6.95,6.45,92.8,95.36,0.03,0.0,0.05,0.03,100.0,0.03,2.66
1196,Super League (CH),593974,Lilian Njoh,L. Njoh,2001-11-22,75.37,21.69,19.52,37,37,0,3823.0,103.32,0.49,2.51,1291.0,34.89,26.86,76.99,76.65,15.97,1.62,6.16,8.3,1.59,1.05,19.03,5.81,4.32,31.57,12.05,8.43,69.96,65.81,1.3,0.3,24.22,7.03,44.62,3.14,11.19
1196,Super League (CH),617441,Lars Villiger,L. Villiger,2003-04-29,45.8,11.99,12.1,28,28,0,679.0,24.25,0.21,0.89,214.0,7.64,5.21,68.23,68.45,13.28,0.21,2.82,1.07,0.96,0.39,0.86,0.14,0.11,12.82,4.11,2.71,66.09,61.84,0.64,0.21,12.07,3.25,53.85,1.75,3.11
1196,Super League (CH),619985,Serge Müller,S. Müller,2000-09-18,113.64,28.51,28.08,2,2,0,188.0,94.0,0.0,2.0,73.0,36.5,29.0,79.45,80.51,21.28,4.5,12.0,5.5,0.0,0.0,23.5,6.5,3.5,12.5,4.5,4.0,88.89,74.51,0.5,0.0,4.0,1.5,66.67,1.0,12.0
1196,Super League (CH),627046,Ryan  Andrews,R. Andrews,2004-08-26,66.44,18.45,17.4,12,12,0,882.0,73.5,0.08,1.08,305.0,25.42,18.75,73.77,78.37,17.61,2.08,6.5,4.58,0.58,0.42,18.58,5.0,3.17,28.0,8.0,5.58,69.79,69.59,0.42,0.08,10.33,3.0,38.89,1.17,7.17
1196,Super League (CH),633542,Theo Bergvall,T. Bergvall,2004-09-21,79.64,21.89,20.24,9,9,0,976.0,108.44,0.11,2.78,363.0,40.33,31.33,77.69,80.62,14.31,1.33,12.44,11.0,0.56,0.78,22.89,7.44,4.78,22.22,9.89,7.0,70.79,71.67,0.89,0.0,12.44,3.44,48.39,1.67,9.33
1196,Super League (CH),634081,Mauricio Willimann Rangel,M. Willimann,2003-01-16,99.16,24.64,27.36,1,1,0,111.0,111.0,0.0,1.0,46.0,46.0,44.0,95.65,90.13,22.31,4.0,11.0,12.0,0.0,0.0,31.0,8.0,6.0,9.0,5.0,4.0,80.0,87.76,0.0,0.0,0.0,0.0,,0.0,8.0
1196,Super League (CH),641417,Daniel Dos Santos Correia,Daniel Dos Santos,2002-12-29,65.72,20.61,15.45,31,31,0,2303.0,74.29,0.35,2.06,633.0,20.42,17.74,86.89,85.73,14.56,0.74,3.03,4.03,0.45,0.61,4.48,0.42,0.23,24.35,6.68,5.13,76.81,73.66,1.26,0.39,21.13,4.45,62.32,2.77,3.42
1196,Super League (CH),641419,Lucien Dahler,L. Dahler,2001-03-22,76.16,17.14,20.5,19,19,0,1086.0,57.16,0.26,1.42,384.0,20.21,14.11,69.79,73.96,17.06,1.26,6.58,4.58,0.79,0.74,10.42,2.79,1.53,18.0,7.11,4.89,68.89,67.54,0.58,0.11,11.21,3.32,58.73,1.95,7.11
1196,Super League (CH),641424,Valmir Matoshi,V. Matoshi,2003-07-04,50.85,11.44,12.22,33,31,2,960.0,30.97,0.06,1.13,286.0,9.23,6.26,67.83,69.66,15.32,0.58,3.06,1.71,0.39,0.39,1.29,0.48,0.32,9.0,3.19,2.19,68.69,65.39,0.71,0.06,10.32,2.06,68.75,1.42,3.68
1196,Super League (CH),641487,Niklas Steffen,N. Steffen,2001-01-19,97.66,21.71,24.7,35,33,2,2289.0,69.36,0.03,0.15,709.0,21.48,17.03,79.27,87.77,24.28,3.48,2.39,2.52,0.0,0.0,19.24,4.42,2.0,10.42,2.48,2.36,95.12,95.72,0.03,0.03,0.03,0.03,0.0,0.0,1.73
1196,Super League (CH),641501,Ali Kabacalman,A. Kabacalman,1995-09-27,85.15,23.25,22.41,37,37,0,6268.0,169.41,0.16,2.54,1992.0,53.84,48.59,90.26,88.32,16.85,4.11,15.84,10.89,0.57,0.46,31.19,8.05,6.89,24.0,8.59,7.49,87.11,81.02,0.68,0.05,13.16,2.89,70.09,2.03,6.89
1196,Super League (CH),641502,Brian Beyer,B. Beyer,1996-10-15,36.49,8.59,10.93,14,14,0,401.0,28.64,0.07,0.64,125.0,8.93,6.21,69.6,72.42,13.91,0.29,2.0,1.21,0.36,0.21,1.14,0.21,0.07,11.71,4.36,2.86,65.57,67.65,0.43,0.07,9.14,2.93,53.66,1.57,2.79
1196,Super League (CH),644172,Genís Montolio Lafuente,Genís Montolio,1996-07-23,69.65,15.39,17.28,27,25,2,1581.0,63.24,0.0,0.4,592.0,23.68,18.96,80.07,83.21,21.74,3.0,6.16,5.8,0.12,0.08,17.44,5.0,3.48,8.56,3.24,2.64,81.48,72.92,0.16,0.0,2.28,0.56,64.29,0.36,5.8
1196,Super League (CH),644175,Marcin Dickenmann,M. Dickenmann,2000-08-14,106.69,26.16,27.05,2,2,0,150.0,75.0,0.0,1.0,57.0,28.5,18.0,63.16,67.07,18.57,2.0,11.5,6.5,1.0,0.5,9.5,3.5,1.0,14.0,6.5,5.5,84.62,71.71,0.5,0.0,8.0,2.5,60.0,1.5,13.5
1196,Super League (CH),644182,Marco Thaler,M. Thaler,1994-06-28,106.69,26.16,27.05,2,2,0,124.0,62.0,0.0,0.5,51.0,25.5,19.0,74.51,87.35,16.14,1.5,7.0,9.0,0.0,0.0,11.0,3.5,2.0,7.0,2.5,0.5,20.0,79.88,0.0,0.0,0.0,0.0,,0.0,4.5
1196,Super League (CH),644183,Olivier Jäckle,O. Jäckle,1993-01-07,59.55,14.33,16.88,2,2,0,99.0,49.5,0.0,1.0,29.0,14.5,12.5,86.21,79.77,14.32,0.5,8.5,2.5,1.0,0.0,3.0,1.0,0.5,6.0,3.0,2.5,83.33,77.1,0.5,0.0,3.5,1.0,50.0,0.5,3.0
1196,Super League (CH),644216,Ayman El Wafi,A. El Wafi,2004-05-11,54.09,14.83,13.1,9,9,0,506.0,56.22,0.0,0.22,216.0,24.0,21.11,87.96,91.68,19.23,2.44,4.78,5.33,0.0,0.0,13.89,4.11,3.22,8.11,3.44,3.11,90.32,83.68,0.11,0.0,0.89,0.22,50.0,0.11,2.56
1196,Super League (CH),646733,Marvin Akahomen,M. Akahomen,2007-07-15,97.81,25.27,27.44,2,2,0,245.0,122.5,0.0,0.0,92.0,46.0,42.0,91.31,93.67,18.85,1.5,5.0,12.5,0.0,0.5,27.5,7.0,5.5,16.5,6.5,6.0,92.31,86.4,0.0,0.0,2.5,0.5,0.0,0.0,4.0
1196,Super League (CH),662441,Stefan Bukinac,S. Bukinac,2005-07-08,52.73,16.07,12.39,14,14,0,912.0,65.14,0.07,1.43,281.0,20.07,15.93,79.36,81.59,14.58,0.64,3.86,3.43,0.57,0.07,12.14,2.79,1.93,19.43,6.14,4.71,76.74,74.19,0.5,0.07,14.93,2.93,56.1,1.64,4.57
1196,Super League (CH),666274,Ruben Dantas Fernandes,R. Fernandes,2003-05-19,82.08,22.43,21.88,20,20,0,2724.0,136.2,0.25,3.25,874.0,43.7,34.9,79.86,77.9,17.67,4.1,10.5,8.75,1.45,0.8,28.1,7.95,6.25,41.15,14.6,11.3,77.4,67.49,1.8,0.1,30.5,6.7,58.21,3.9,12.45
1196,Super League (CH),669445,Loun Srdanovic,L. Srdanovic,2006-08-04,53.92,15.12,13.83,11,11,0,783.0,71.18,0.27,1.0,250.0,22.73,16.27,71.6,75.52,16.52,1.09,3.73,5.73,0.82,0.82,13.0,3.82,2.73,21.0,7.36,5.09,69.14,66.7,0.55,0.0,13.73,4.18,32.61,1.36,7.64
1196,Super League (CH),669449,Arlet Junior Zé,Junior Zé,2006-03-22,33.59,10.59,7.98,7,7,0,299.0,42.71,0.0,1.0,86.0,12.29,9.0,73.26,78.62,11.8,0.14,2.71,2.57,0.86,0.71,2.57,0.57,0.43,14.0,5.0,3.43,68.57,71.38,0.43,0.0,13.14,3.71,57.69,2.14,3.0
1196,Super League (CH),669450,Demir Xhemalija,D. Xhemalija,2006-06-07,13.68,2.66,4.01,1,1,0,14.0,14.0,0.0,0.0,3.0,3.0,2.0,66.67,78.78,21.18,0.0,1.0,1.0,0.0,0.0,2.0,0.0,0.0,1.0,1.0,1.0,100.0,95.77,0.0,0.0,2.0,0.0,,0.0,1.0
1196,Super League (CH),669453,Rhodri  Smith,R. Smith,2006-09-09,51.12,12.57,14.92,17,17,0,831.0,48.88,0.18,1.06,287.0,16.88,14.18,83.97,80.83,15.25,1.06,4.18,3.18,0.47,0.18,8.82,2.18,1.35,14.06,5.35,4.12,76.92,74.39,0.47,0.12,7.06,1.53,65.39,1.0,4.29
1196,Super League (CH),669454,Winsley Boteli,W. Boteli,2006-07-05,23.25,5.78,5.8,34,34,0,515.0,15.15,0.03,0.35,122.0,3.59,3.0,83.61,82.18,13.41,0.06,1.12,0.56,0.32,0.15,0.71,0.06,0.03,6.0,1.15,0.91,79.49,74.31,0.24,0.0,5.71,0.91,61.29,0.56,0.68
1196,Super League (CH),669455,Corsin Konietzke,C. Konietzke,2006-06-21,35.03,7.36,9.29,14,14,0,422.0,30.14,0.07,0.64,119.0,8.5,6.21,73.11,80.25,12.46,0.14,2.29,2.36,0.57,0.5,3.0,0.93,0.43,6.79,2.71,1.86,68.42,76.76,0.36,0.0,7.5,1.86,53.84,1.0,2.36
1196,Super League (CH),669458,Cheveyo Tsawa,C. Tsawa,2006-12-09,83.71,20.94,19.93,33,33,0,2802.0,84.91,0.18,1.55,886.0,26.85,22.97,85.55,85.12,15.13,1.48,7.39,5.76,0.33,0.45,11.24,2.3,1.67,15.88,5.15,4.06,78.82,78.03,0.3,0.06,13.3,2.27,53.33,1.21,4.73
1196,Super League (CH),688364,Shkelqim Vladi,S. Vladi,2000-09-21,29.07,7.39,6.73,13,13,0,202.0,15.54,0.08,0.62,54.0,4.15,3.31,79.63,76.52,12.86,0.15,1.31,0.23,0.31,0.08,0.46,0.0,0.0,6.0,1.54,1.23,80.0,62.48,0.23,0.08,5.77,1.31,70.59,0.92,1.15
1196,Super League (CH),688368,Samuel Krasniqi,S. Krasniqi,2005-01-03,67.32,15.85,17.23,24,23,1,1579.0,68.65,0.17,1.61,446.0,19.39,14.3,73.77,77.03,13.96,0.61,4.87,2.65,0.52,0.22,4.96,1.0,0.87,21.35,5.61,3.87,68.99,73.29,0.57,0.04,19.13,3.96,54.95,2.17,5.57
1196,Super League (CH),689056,Gabriel Sigua,G. Sigua,2005-06-30,74.2,18.49,20.67,17,17,0,1142.0,67.18,0.18,2.12,360.0,21.18,16.35,77.22,80.14,13.72,1.06,5.59,4.18,0.59,0.71,5.35,1.06,0.71,21.12,6.35,4.12,64.81,70.87,0.76,0.06,18.47,4.35,48.65,2.12,5.29
1196,Super League (CH),698045,Malamine Efekele,M. Efekele,2004-07-19,29.32,6.52,7.33,19,19,0,228.0,12.0,0.11,0.37,55.0,2.89,2.05,70.91,68.73,11.4,0.0,0.89,0.21,0.16,0.21,0.26,0.0,0.0,6.37,1.42,0.95,66.67,60.72,0.21,0.11,6.21,1.26,58.33,0.74,1.11
1196,Super League (CH),698119,Taisei Abe,T. Abe,2004-06-07,84.06,22.24,21.9,34,33,1,3441.0,104.27,0.15,1.91,1170.0,35.45,31.3,88.29,88.58,18.17,3.06,10.91,8.06,0.33,0.48,16.21,3.82,3.0,13.94,5.55,4.67,84.15,77.39,0.58,0.09,10.0,1.82,70.0,1.27,4.45
1196,Super League (CH),698168,Umeh Umeh Emmanuel,U. Emmanuel,2004-08-31,45.9,12.19,10.88,29,29,0,979.0,33.76,0.21,0.83,257.0,8.86,6.14,69.26,73.29,13.61,0.34,1.69,1.21,0.28,0.28,1.72,0.38,0.07,13.1,3.59,2.34,65.39,63.47,0.41,0.07,12.1,2.48,47.22,1.17,2.83
1196,Super League (CH),715125,Tim Meyer,T. Meyer,2004-07-08,76.6,17.48,20.46,30,29,1,2028.0,69.93,0.17,1.72,633.0,21.83,17.62,80.73,83.85,14.33,0.97,5.52,4.14,0.62,0.28,9.55,2.28,1.9,14.52,4.76,3.9,81.88,80.01,0.59,0.03,11.52,2.45,59.15,1.45,4.17
1196,Super League (CH),717657,Tiemoko Ouattara,T. Ouattara,2005-05-25,23.89,5.43,6.49,15,15,0,353.0,23.53,0.13,0.4,85.0,5.67,3.93,69.41,70.31,12.12,0.07,0.87,0.87,0.2,0.4,1.87,0.4,0.07,7.8,2.27,1.4,61.76,64.28,0.2,0.07,10.13,2.4,50.0,1.2,2.4
1196,Super League (CH),751790,Christian Pierre Louis Gomis,C. Gomis,2000-08-09,94.18,22.28,24.86,5,5,0,279.0,55.8,0.0,1.8,93.0,18.6,13.8,74.19,76.95,12.64,0.4,6.2,2.2,1.0,0.6,0.4,0.2,0.2,25.0,9.6,6.8,70.83,71.5,1.6,0.0,20.0,5.6,67.86,3.8,4.4
1196,Super League (CH),759520,Muhannad Yahya Saeed Al-Saad,M. Al-Saad,2003-06-29,35.21,10.1,9.4,3,3,0,152.0,50.67,0.0,1.67,39.0,13.0,10.67,82.05,83.03,11.5,0.33,2.0,4.0,0.0,0.67,1.33,0.0,0.0,12.67,3.33,2.0,60.0,73.98,0.67,0.0,13.33,2.33,71.43,1.67,2.67
1196,Super League (CH),769783,Franck Surdez,F. Surdez,2002-05-05,35.44,9.86,9.47,16,16,0,570.0,35.62,0.12,0.94,136.0,8.5,6.69,78.68,80.54,13.03,0.19,1.62,1.0,0.19,0.25,1.56,0.19,0.12,12.44,2.62,1.81,69.05,73.98,0.56,0.06,13.25,2.38,60.52,1.44,2.12
1196,Super League (CH),769784,Zachary Athekame,Z. Athekame,2004-12-13,60.46,16.97,11.22,4,4,0,320.0,80.0,0.0,2.25,101.0,25.25,19.25,76.24,78.72,17.17,1.5,7.75,4.0,1.75,0.5,13.25,2.5,1.75,21.25,6.0,4.25,70.83,63.96,0.5,0.0,19.25,5.75,30.43,1.75,7.75
1196,Super League (CH),769793,Marc Gutbub,M. Gutbub,2003-02-04,16.23,3.34,3.7,15,15,0,109.0,7.27,0.0,0.07,28.0,1.87,1.33,71.43,62.17,11.26,0.0,0.67,0.27,0.13,0.2,0.0,0.0,0.0,3.93,1.13,0.8,70.59,50.1,0.0,0.0,4.4,0.93,64.29,0.6,0.93
1196,Super League (CH),786978,Loïc Lüthi,L. Lüthi,2003-09-30,90.77,20.93,25.93,10,10,0,950.0,95.0,0.1,0.9,325.0,32.5,27.4,84.31,88.11,18.09,2.7,6.2,7.5,0.1,0.0,25.7,7.0,5.5,14.3,5.6,4.4,78.57,83.35,0.3,0.0,3.8,0.8,62.5,0.5,4.8
1196,Super League (CH),796198,Hamza  Abdallah,H. Abdallah,2003-06-13,28.52,6.57,8.24,9,9,0,254.0,28.22,0.0,0.22,79.0,8.78,6.22,70.89,75.0,12.65,0.22,1.78,1.89,0.22,0.22,2.67,0.67,0.33,7.78,2.89,2.11,73.08,72.67,0.11,0.0,4.56,1.11,20.0,0.22,3.22
1196,Super League (CH),799127,Sasha Meyer,S. Meyer,2006-04-21,24.54,7.69,5.72,4,4,0,34.0,8.5,0.0,0.0,6.0,1.5,1.5,100.0,88.47,15.13,0.0,0.5,0.25,0.25,0.0,0.0,0.0,0.0,3.0,0.5,0.5,100.0,86.86,0.0,0.0,3.5,0.75,100.0,0.75,0.0
1196,Super League (CH),799229,Sekou Kone,S. Kone,2006-02-03,32.29,8.45,7.79,5,5,0,216.0,43.2,0.0,1.2,56.0,11.2,8.8,78.57,81.19,13.6,0.4,2.6,2.2,0.0,0.8,6.4,2.0,1.6,7.0,1.8,1.2,66.67,67.01,0.6,0.0,7.0,1.4,57.14,0.8,2.6
1196,Super League (CH),801088,Levin Winkler,L. Winkler,2003-08-13,35.56,8.56,9.54,24,24,0,755.0,31.46,0.04,0.67,258.0,10.75,8.62,80.23,83.6,16.73,0.58,3.17,1.96,0.25,0.08,3.54,0.96,0.67,7.25,3.5,2.83,80.95,78.79,0.33,0.04,5.21,1.25,80.0,1.0,2.21
1196,Super League (CH),801804,Leon Frokaj,L. Frokaj,2005-04-23,44.88,11.97,9.63,2,2,0,111.0,55.5,0.0,1.0,24.0,12.0,10.0,83.33,88.93,15.29,0.5,1.5,3.0,0.0,0.0,1.0,0.0,0.0,11.5,3.5,2.5,71.43,77.69,0.0,0.0,17.5,1.0,50.0,0.5,1.5
1196,Super League (CH),808993,Seydou Traoré,S. Traoré,2004-12-05,47.72,13.14,12.27,20,20,0,725.0,36.25,0.05,0.75,234.0,11.7,8.7,74.36,78.33,10.55,0.15,3.65,2.25,0.65,0.45,0.85,0.2,0.1,13.05,3.95,2.55,64.56,70.57,0.3,0.05,11.1,2.9,46.55,1.35,2.8
1196,Super League (CH),809179,Dircssi Ngonzo,D. Ngonzo,2005-07-31,55.88,14.89,15.99,4,4,0,209.0,52.25,0.0,0.0,86.0,21.5,19.0,88.37,93.86,19.47,2.5,1.75,5.5,0.0,0.0,16.0,3.75,2.25,7.5,3.25,2.0,61.54,82.87,0.0,0.0,0.75,0.0,,0.0,1.5
1196,Super League (CH),809324,Christopher Ibayi,C. Ibayi,1995-07-18,60.54,13.77,15.62,29,27,2,842.0,31.19,0.19,1.33,262.0,9.7,6.67,68.7,67.76,13.83,0.33,3.33,1.3,1.07,0.48,0.85,0.15,0.11,17.3,5.44,3.78,69.39,63.06,0.89,0.11,13.3,3.74,51.48,1.93,4.11
1196,Super League (CH),812126,Nevio Di Giusto,N. Di Giusto,2005-03-18,43.83,10.07,11.09,13,13,0,440.0,33.85,0.15,1.08,125.0,9.62,7.08,73.6,73.41,13.19,0.69,2.46,2.23,0.38,0.46,2.23,0.77,0.46,10.62,3.77,2.23,59.18,66.33,0.38,0.0,10.38,2.15,42.86,0.92,3.46
1196,Super League (CH),812830,Oscar Kabwit Tshikomb,O. Kabwit,2005-05-05,62.24,16.8,15.63,27,27,0,1199.0,44.41,0.37,1.81,334.0,12.37,8.15,65.87,69.6,14.87,0.44,3.11,2.0,1.0,0.81,2.22,0.59,0.19,20.56,6.89,4.33,62.9,65.53,1.19,0.22,20.3,5.26,55.63,2.93,4.93
1196,Super League (CH),812842,Gaoussou Diakité,G. Diakité,2005-09-26,73.58,19.03,19.2,31,31,0,3761.0,121.32,0.35,3.03,951.0,30.68,24.58,80.13,81.26,13.54,1.45,6.81,5.9,1.13,1.26,10.97,2.42,1.68,31.55,8.32,6.19,74.42,74.58,1.39,0.19,31.58,7.26,63.11,4.58,6.19
1196,Super League (CH),814751,Imourane Hassane,I. Hassane,2003-04-08,67.14,15.04,19.24,33,32,1,1810.0,56.56,0.0,0.41,602.0,18.81,14.41,76.58,84.03,16.41,1.06,5.09,4.62,0.06,0.09,7.97,1.94,1.28,5.34,1.59,1.41,88.24,81.65,0.09,0.0,2.94,0.66,42.86,0.28,3.62
1196,Super League (CH),820822,Alexander Duville-Parsemain,A. Parsemain,2003-05-27,18.64,5.08,4.6,9,9,0,53.0,5.89,0.0,0.0,21.0,2.33,1.22,52.38,74.46,9.68,0.0,1.22,0.44,0.11,0.0,0.0,0.0,0.0,2.22,0.89,0.44,50.0,72.03,0.0,0.0,1.44,0.33,33.33,0.11,0.67
1196,Super League (CH),820840,Sékou Fofana,S. Fofana,2003-03-25,62.23,16.15,17.42,29,29,0,2368.0,81.66,0.17,1.24,724.0,24.97,19.41,77.76,78.72,15.16,1.66,4.72,6.03,0.59,0.45,20.1,5.07,3.93,22.76,7.41,5.52,74.42,70.97,0.59,0.07,12.59,3.28,32.63,1.07,7.28
1196,Super League (CH),822926,Jonathan Asp Jensen,J. Asp,2006-01-14,88.48,20.56,24.14,35,35,0,2969.0,84.83,0.2,1.94,728.0,20.8,14.06,67.58,72.59,14.0,1.03,5.49,3.37,0.97,0.66,4.91,1.29,0.91,30.23,7.06,4.43,62.75,68.74,0.86,0.09,33.83,6.54,51.53,3.37,7.31
1196,Super League (CH),826825,David Acquah,D. Acquah,2001-04-04,113.64,28.51,28.08,2,2,0,178.0,89.0,0.0,1.5,57.0,28.5,24.5,85.97,89.51,19.85,2.5,7.5,5.0,0.5,0.0,13.5,4.0,2.5,1.5,0.0,0.0,,,0.0,0.0,4.5,1.5,100.0,1.5,4.5
1196,Super League (CH),826827,Marvin Hübel,M. Hübel,2003-03-01,113.64,28.51,28.08,2,2,0,253.0,126.5,0.0,0.5,60.0,30.0,22.0,73.33,83.36,34.77,11.0,4.5,5.0,0.0,0.0,44.5,9.5,6.5,20.0,8.0,6.5,81.25,89.69,0.5,0.0,0.0,0.0,,0.0,2.5
1196,Super League (CH),826828,Ryan Kessler,R. Kessler,2005-08-28,12.02,3.91,1.2,1,1,0,7.0,7.0,0.0,0.0,1.0,1.0,0.0,0.0,47.27,,0.0,0.0,0.0,0.0,0.0,0.0,0.0,0.0,4.0,0.0,0.0,,,0.0,0.0,7.0,1.0,0.0,0.0,1.0
1196,Super League (CH),826831,Dorian Derbaci,D. Derbaci,2006-03-25,17.63,5.34,3.18,2,2,0,34.0,17.0,0.0,0.5,10.0,5.0,3.5,70.0,66.78,16.34,0.5,1.5,2.0,1.0,0.5,1.0,0.5,0.5,3.0,0.5,0.5,100.0,50.76,0.5,0.0,4.5,2.0,50.0,1.0,2.5
1196,Super League (CH),831353,João Victor Schlickmann Carbone,Carbone,2005-01-29,36.09,10.06,9.55,5,5,0,257.0,51.4,0.0,0.8,101.0,20.2,14.8,73.27,84.59,16.7,0.6,3.4,5.2,0.8,0.0,11.8,4.4,2.4,8.8,3.2,2.4,75.0,74.64,0.4,0.0,4.4,2.0,20.0,0.4,4.6
1196,Super League (CH),834537,Jeremy Nosakhare Agbonifo,J. Agbonifo,2005-10-24,42.19,11.63,9.87,7,7,0,290.0,41.43,0.29,1.0,69.0,9.86,6.29,63.77,74.68,13.43,0.43,2.14,1.14,0.29,0.14,2.14,0.43,0.29,12.57,3.43,2.0,58.33,67.12,0.71,0.14,13.71,3.43,41.67,1.43,3.29
1196,Super League (CH),837831,Franz-Ethan Meichtry,F. Meichtry,2005-07-08,53.82,12.4,13.42,34,32,2,1664.0,52.0,0.22,1.62,385.0,12.03,8.53,70.91,73.72,13.83,0.41,2.41,1.44,0.5,0.34,1.53,0.41,0.22,17.56,4.19,2.59,61.94,65.29,0.59,0.12,20.44,3.41,50.46,1.72,3.94
1196,Super League (CH),838377,Rilind Nivokazi,R. Nivokazi,2000-01-26,78.12,21.6,20.75,37,37,0,1152.0,31.14,0.19,1.3,331.0,8.95,6.73,75.23,75.47,12.88,0.16,3.16,1.3,0.97,0.41,0.65,0.14,0.05,14.62,4.22,2.97,70.51,70.42,0.76,0.14,11.35,2.68,59.6,1.59,2.43
1196,Super League (CH),839098,Papa Souleymane Ndiaye,S. Ndiaye,2005-11-01,26.23,6.26,7.52,7,7,0,212.0,30.29,0.29,0.57,55.0,7.86,6.14,78.18,82.75,15.16,0.43,3.0,1.71,0.0,0.57,2.14,0.43,0.29,5.14,1.43,1.0,70.0,72.16,0.29,0.29,8.43,1.29,55.56,0.71,1.43
1196,Super League (CH),839099,Bung Meng Freimann,B. Freimann,2005-12-09,88.98,23.49,23.13,33,32,1,3545.0,110.78,0.06,1.0,1301.0,40.66,34.28,84.32,87.33,21.89,6.12,7.22,7.84,0.31,0.16,31.56,9.59,7.16,18.31,7.31,5.66,77.35,73.83,0.38,0.0,6.84,1.56,48.0,0.75,6.38
1196,Super League (CH),840229,Vincent Nvendo Ferrier,V. Nvendo Ferrier,2003-07-27,12.07,2.69,3.07,5,5,0,15.0,3.0,0.0,0.0,5.0,1.0,0.6,60.0,71.89,7.42,0.0,0.6,0.0,0.0,0.0,0.2,0.0,0.0,1.0,0.2,0.2,100.0,88.35,0.0,0.0,0.8,0.0,,0.0,0.0
1196,Super League (CH),849358,Ledjan Sahitaj,L. Sahitaj,2004-01-12,84.33,18.96,24.53,6,6,0,294.0,49.0,0.0,0.67,114.0,19.0,13.83,72.81,83.03,16.2,0.83,4.5,5.33,0.33,0.17,12.5,3.83,2.5,14.33,5.67,3.83,67.65,79.89,0.17,0.0,3.83,1.17,14.29,0.17,3.83
1196,Super League (CH),849416,Silas Huber,S. Huber,2005-07-10,91.94,20.99,23.08,16,16,0,1262.0,78.88,0.0,0.06,340.0,21.25,14.25,67.06,81.06,31.63,5.69,3.81,1.38,0.0,0.0,38.62,9.25,3.62,11.25,2.56,2.5,97.56,94.59,0.0,0.0,0.0,0.0,,0.0,2.56
1196,Super League (CH),850729,Elias Maluvunu,E. Maluvunu,2004-08-03,38.94,8.63,11.57,27,27,0,655.0,24.26,0.04,0.67,194.0,7.19,4.93,68.56,70.3,14.59,0.22,1.59,1.22,0.19,0.22,1.22,0.37,0.15,8.7,2.63,1.67,63.38,62.59,0.3,0.0,8.52,2.0,51.85,1.04,2.96
1196,Super League (CH),850780,Lekoueiry Beyatt,L. Beyatt,2005-04-11,54.33,13.68,13.56,34,34,0,2553.0,75.09,0.24,1.79,695.0,20.44,16.82,82.3,81.64,12.95,0.68,5.24,3.82,0.62,0.59,5.44,1.12,0.82,18.09,5.47,4.29,78.49,73.55,0.71,0.15,19.29,4.62,71.97,3.32,4.03
1196,Super League (CH),851037,Daniel Ihendu,D. Ihendu,2005-09-29,47.33,9.2,12.66,7,7,0,136.0,19.43,0.0,0.0,62.0,8.86,7.14,80.65,86.59,19.59,1.0,2.57,1.14,0.0,0.0,3.14,0.86,0.71,1.71,0.57,0.43,75.0,87.03,0.0,0.0,0.71,0.0,,0.0,1.43
1196,Super League (CH),889534,Omar Janneh Susso,Omar Janneh,2006-08-23,67.56,18.28,17.21,18,18,0,826.0,45.89,0.11,1.72,235.0,13.06,9.61,73.62,74.58,11.35,0.33,4.83,1.33,0.89,0.44,1.39,0.5,0.33,18.0,4.78,3.33,69.77,70.54,0.61,0.0,18.28,4.67,60.71,2.83,3.94
1196,Super League (CH),894786,Christian Nsonga Fopossi Kouam,C. Kouam,2006-04-06,94.9,23.04,29.62,1,1,0,110.0,110.0,0.0,0.0,32.0,32.0,26.0,81.25,84.25,13.75,1.0,13.0,7.0,2.0,1.0,20.0,2.0,2.0,17.0,5.0,3.0,60.0,63.0,0.0,0.0,20.0,5.0,60.0,3.0,5.0
1196,Super League (CH),908505,Mohamed Bangoura,M. Bangoura,2006-02-18,21.86,4.71,5.14,16,16,0,286.0,17.88,0.0,0.0,79.0,4.94,3.62,73.42,77.64,15.41,0.38,1.5,1.0,0.12,0.0,1.69,0.31,0.12,2.56,0.75,0.56,75.0,74.01,0.0,0.0,4.25,0.75,41.67,0.31,1.38
1196,Super League (CH),929950,Felix Emmanuel Tsimba,F. Tsimba,2006-06-22,44.43,10.01,12.3,18,17,1,374.0,22.0,0.0,0.94,105.0,6.18,4.53,73.33,77.15,11.98,0.12,2.47,0.88,0.76,0.29,0.47,0.18,0.18,8.41,2.47,1.82,73.81,74.79,0.47,0.06,7.18,1.71,58.62,1.0,1.59
1196,Super League (CH),930788,Andrej Bačanin,A. Bačanin,2007-03-07,59.4,17.33,15.71,23,23,0,1800.0,78.26,0.17,1.83,568.0,24.7,21.3,86.27,85.82,16.45,1.7,6.91,5.87,0.78,1.0,10.52,2.87,2.04,11.74,4.22,3.35,79.38,78.71,0.48,0.0,13.91,3.57,64.63,2.3,3.61
1196,Super League (CH),958557,Keyan Anderson Pereira Varela,Keyan Varela,2006-04-26,40.5,12.78,11.1,7,7,0,267.0,38.14,0.0,0.14,59.0,8.43,7.0,83.05,80.62,13.08,0.29,1.86,1.29,0.14,0.0,3.14,0.57,0.57,13.57,3.0,2.14,71.43,64.95,0.14,0.0,13.86,1.57,45.45,0.71,1.86
1196,Super League (CH),963310,Yannick  Bettkober,Y. Bettkober,2005-03-18,23.26,4.68,6.39,3,3,0,29.0,9.67,0.0,0.0,11.0,3.67,2.0,54.55,80.09,15.39,0.33,0.33,0.33,0.0,0.0,3.33,1.33,0.67,4.0,1.67,1.0,60.0,77.88,0.0,0.0,1.0,0.67,50.0,0.33,1.0
1196,Super League (CH),966348,Andrej Vasovic,A. Vasovic,2007-10-14,48.44,13.41,12.01,22,21,1,480.0,22.86,0.1,0.9,135.0,6.43,4.33,67.41,69.28,13.35,0.24,1.95,0.95,0.9,0.48,0.71,0.29,0.19,11.62,3.62,2.38,65.79,68.54,0.71,0.1,11.57,3.24,63.24,2.05,2.48
1196,Super League (CH),967371,Pantaleo Creti,P. Creti,2008-07-22,34.64,8.43,10.41,4,4,0,93.0,23.25,0.0,0.25,28.0,7.0,6.0,85.71,84.87,12.27,0.0,2.75,0.75,0.25,0.0,3.75,1.0,0.5,7.0,1.75,1.25,71.43,78.29,0.25,0.0,3.0,0.75,100.0,0.75,1.25
1196,Super League (CH),968403,Alessandro  Vogt,A. Vogt,2005-02-03,69.8,15.61,17.66,35,35,0,1135.0,32.43,0.09,0.8,207.0,5.91,3.69,62.32,66.84,13.18,0.29,1.83,0.71,0.37,0.29,0.46,0.09,0.03,16.71,2.69,1.54,57.45,63.72,0.46,0.06,13.86,2.11,54.05,1.14,2.37
1196,Super League (CH),968406,Sascha Britschgi,S. Britschgi,2006-08-27,88.6,24.45,20.47,3,2,1,160.0,80.0,0.0,0.0,57.0,28.5,20.0,70.18,72.02,16.63,1.5,10.0,6.0,0.5,1.0,7.0,2.0,1.5,22.0,9.0,6.5,72.22,70.14,0.0,0.0,13.5,4.0,25.0,1.0,9.5
1196,Super League (CH),969674,Maxime Dubosson,M. Dubosson,2004-11-24,98.48,25.3,22.09,2,2,0,135.0,67.5,0.0,0.0,57.0,28.5,23.5,82.46,90.56,21.35,1.5,6.0,4.5,0.5,0.0,19.0,5.0,3.0,12.5,5.0,4.0,80.0,83.11,0.0,0.0,0.5,0.5,100.0,0.5,4.0
1196,Super League (CH),970631,David Vujevic,D. Vujevic,2006-10-20,73.28,16.73,17.35,20,20,0,1097.0,54.85,0.05,0.45,393.0,19.65,15.55,79.13,86.24,18.36,1.7,4.75,3.35,0.15,0.0,14.35,3.3,2.0,6.1,2.15,1.75,81.4,81.07,0.15,0.0,1.75,0.4,50.0,0.2,3.55
1196,Super League (CH),972812,Matteo Mantini,M. Mantini,2007-08-27,54.28,12.58,13.09,12,12,0,749.0,62.42,0.0,0.42,266.0,22.17,16.92,76.32,82.63,14.97,0.75,8.0,3.67,0.25,0.25,10.83,4.0,2.75,6.92,2.75,2.42,87.88,82.33,0.08,0.0,3.75,1.25,40.0,0.5,4.58
1196,Super League (CH),975328,Enzo Kana Biyik,E. Kana Biyik,2007-01-08,29.62,7.9,7.56,21,21,0,426.0,20.29,0.05,0.62,137.0,6.52,4.62,70.8,74.53,11.74,0.14,2.81,0.9,0.43,0.29,0.76,0.05,0.0,6.81,2.05,1.19,58.14,64.64,0.38,0.05,6.38,1.57,48.48,0.76,2.05
1196,Super League (CH),979481,Elias Pihlström,E. Pihlström,2006-08-31,23.55,6.63,4.95,13,13,0,257.0,19.77,0.0,0.46,74.0,5.69,4.62,81.08,84.17,12.97,0.0,1.08,0.62,0.38,0.08,1.31,0.46,0.23,6.08,1.69,1.31,77.27,71.8,0.08,0.0,7.31,1.69,54.55,0.92,1.15
1196,Super League (CH),988835,Adrien Llukes,A. Llukes,2008-07-21,15.13,4.36,4.08,7,7,0,138.0,19.71,0.0,0.43,39.0,5.57,3.71,66.67,72.94,12.82,0.0,2.29,0.57,0.71,0.43,2.57,0.71,0.57,3.29,1.29,1.0,77.78,70.05,0.29,0.0,6.43,2.0,71.43,1.43,1.71
1196,Super League (CH),988836,Jill Stiel,J. Stiel,2008-05-01,14.62,2.64,2.93,1,1,0,17.0,17.0,0.0,0.0,3.0,3.0,2.0,66.67,79.63,27.83,0.0,0.0,1.0,0.0,1.0,4.0,1.0,1.0,5.0,1.0,1.0,100.0,74.39,0.0,0.0,6.0,2.0,50.0,1.0,0.0
1196,Super League (CH),988845,Erblin Sadikaj,E. Sadikaj,2008-03-13,60.48,24.37,9.62,1,1,0,114.0,114.0,0.0,3.0,44.0,44.0,43.0,97.73,96.39,21.75,4.0,2.0,4.0,0.0,0.0,31.0,8.0,8.0,19.0,8.0,7.0,87.5,95.15,1.0,0.0,9.0,1.0,100.0,1.0,2.0
1196,Super League (CH),988852,Olivier Mambwa,O. Mambwa,2008-12-05,52.99,14.03,12.72,7,7,0,427.0,61.0,0.29,1.0,127.0,18.14,13.29,73.23,77.98,17.25,1.86,2.29,3.71,0.57,0.29,10.86,2.14,1.29,19.57,4.43,2.71,61.29,62.38,0.14,0.0,12.29,3.29,30.44,1.0,6.14
1196,Super League (CH),988853,Nevio Scherrer,N. Scherrer,2008-04-08,26.39,5.61,6.43,7,7,0,100.0,14.29,0.0,1.14,31.0,4.43,3.0,67.74,65.52,12.13,0.0,2.29,0.86,0.71,0.57,0.29,0.14,0.14,5.86,2.29,1.43,62.5,63.95,1.0,0.0,7.0,2.14,60.0,1.29,2.0
1196,Super League (CH),990619,Mohamed Ishuayed,M. Ishuayed,2006-09-17,14.26,3.0,3.0,1,1,0,12.0,12.0,0.0,0.0,1.0,1.0,1.0,100.0,77.63,13.6,0.0,0.0,0.0,0.0,0.0,0.0,0.0,0.0,7.0,1.0,1.0,100.0,77.63,0.0,0.0,8.0,1.0,100.0,1.0,0.0
1196,Super League (CH),994816,Gjan Ajdin,G. Ajdin,2007-01-13,4.48,2.24,1.04,1,1,0,10.0,10.0,0.0,0.0,3.0,3.0,3.0,100.0,99.47,18.2,0.0,0.0,2.0,0.0,0.0,4.0,0.0,0.0,1.0,0.0,0.0,,,0.0,0.0,1.0,0.0,,0.0,0.0
1196,Super League (CH),994829,Agon Rexhaj,A. Rexhaj,2007-03-24,14.43,4.86,1.12,1,1,0,12.0,12.0,0.0,2.0,4.0,4.0,4.0,100.0,66.46,14.0,0.0,2.0,0.0,0.0,0.0,0.0,0.0,0.0,6.0,2.0,2.0,100.0,66.44,1.0,0.0,7.0,2.0,100.0,2.0,2.0
1196,Super League (CH),997347,Kaio Eduardo do Nascimento Pereira dos Santos,Kaio Eduardo,2005-04-29,32.13,7.76,8.65,3,3,0,41.0,13.67,0.0,0.67,10.0,3.33,2.67,80.0,62.97,14.4,0.0,1.0,0.67,0.33,0.33,0.0,0.0,0.0,3.67,1.67,1.33,80.0,49.78,0.67,0.0,5.33,1.33,75.0,1.0,1.67
1196,Super League (CH),998272,Leart Kabashi,L. Kabashi,2007-11-29,21.19,4.19,6.21,2,2,0,56.0,28.0,0.0,0.5,16.0,8.0,5.0,62.5,85.03,13.39,0.5,2.0,4.0,0.5,0.5,0.0,0.0,0.0,10.0,4.0,3.0,75.0,87.58,0.5,0.0,10.0,1.5,66.67,1.0,1.0
1196,Super League (CH),998830,Neil Volken,N. Volken,2007-04-23,49.09,13.83,10.5,9,9,0,489.0,54.33,0.11,0.67,178.0,19.78,17.0,85.96,86.23,16.09,0.89,4.11,5.56,0.22,0.22,14.22,3.44,2.89,12.78,4.56,3.78,82.93,78.27,0.33,0.11,5.67,1.44,23.08,0.33,3.78
1196,Super League (CH),1002124,Ilija Maslarov,I. Maslarov,2007-01-02,13.66,2.85,4.58,2,2,0,22.0,11.0,0.0,0.0,6.0,3.0,3.0,100.0,98.02,13.98,0.0,1.0,0.5,0.0,0.0,1.0,0.5,0.5,1.0,0.0,0.0,,,0.0,0.0,0.5,0.0,,0.0,0.0
1196,Super League (CH),1008002,Cyrill May,C. May,2007-02-06,93.61,20.01,24.06,17,17,0,1230.0,72.35,0.24,0.65,463.0,27.24,22.06,80.99,87.62,19.6,3.0,7.76,5.06,0.24,0.12,18.47,5.65,4.53,7.88,2.76,2.47,89.36,81.66,0.24,0.06,2.41,0.65,72.73,0.47,3.94
1196,Super League (CH),1008915,Aaron Tchamda,A. Tchamda,2007-01-07,8.31,1.62,1.57,3,3,0,33.0,11.0,0.0,0.33,11.0,3.67,2.33,63.64,69.06,13.04,0.0,2.0,0.33,0.67,0.0,1.33,0.67,0.33,1.67,0.33,0.0,0.0,57.47,0.0,0.0,3.67,1.33,50.0,0.67,1.33
1196,Super League (CH),1019289,Damian  Kelvin,D. Kelvin,2002-06-15,64.42,18.84,15.08,15,15,0,978.0,65.2,0.07,0.2,451.0,30.07,27.6,91.8,95.2,19.22,2.6,6.67,8.13,0.0,0.0,10.53,2.47,1.87,5.47,2.33,2.13,91.43,94.46,0.07,0.0,0.33,0.13,50.0,0.07,1.53
1196,Super League (CH),1019557,Gian Stork,G. Stork,2007-03-12,8.95,2.36,1.07,1,1,0,18.0,18.0,0.0,1.0,6.0,6.0,6.0,100.0,93.63,22.28,1.0,0.0,0.0,0.0,0.0,4.0,0.0,0.0,6.0,2.0,2.0,100.0,81.65,0.0,0.0,0.0,0.0,,0.0,1.0
1196,Super League (CH),1019622,Antonio  Verinac,A. Verinac,2004-12-27,18.61,3.46,4.59,3,3,0,22.0,7.33,0.0,0.0,4.0,1.33,1.0,75.0,59.45,21.12,0.33,0.0,0.0,0.0,0.0,0.0,0.0,0.0,3.33,1.0,0.67,66.67,70.34,0.0,0.0,4.67,1.0,66.67,0.67,1.0
1196,Super League (CH),1019645,Mio Zimmermann,M. Zimmermann,2007-08-08,,,,1,0,1,,,,,,,,,,,,,,,,,,,,,,,,,,,,,,
1196,Super League (CH),1019646,Lucas Manuel Silva Ferreira,L. Silva Ferreira,2006-11-25,59.18,15.73,15.26,34,33,1,1832.0,55.52,0.33,1.82,597.0,18.09,14.82,81.91,80.79,15.29,1.03,6.33,3.7,0.52,0.58,5.24,1.39,0.91,16.61,6.24,5.06,81.07,74.93,1.06,0.12,13.97,2.85,65.96,1.88,4.15
1196,Super League (CH),1019647,Loris Giandomenico,L. Giandomenico,2005-09-28,20.52,4.75,4.89,14,14,0,220.0,15.71,0.0,0.0,62.0,4.43,2.57,58.06,65.07,14.13,0.0,1.0,0.36,0.21,0.0,1.36,0.5,0.29,5.21,2.0,0.86,42.86,54.56,0.0,0.0,5.29,1.21,23.53,0.29,2.14
1196,Super League (CH),1019648,Samuel Marques,S. Marques,1995-04-14,58.45,13.37,16.6,25,24,1,1529.0,63.71,0.12,1.21,440.0,18.33,11.58,63.18,69.52,16.87,1.0,4.58,3.12,0.79,0.54,8.46,2.54,1.42,21.0,6.75,4.0,59.26,62.77,0.46,0.08,14.17,3.96,41.05,1.62,7.67
1196,Super League (CH),1019707,Luka Mikulić,L. Mikulić,2005-05-07,76.92,18.5,22.26,15,14,1,1053.0,75.21,0.0,0.64,387.0,27.64,21.36,77.26,84.48,18.22,2.5,7.5,5.57,0.07,0.21,19.29,4.79,3.0,10.14,3.79,2.79,73.58,77.16,0.29,0.0,3.43,1.14,43.75,0.5,5.57
1196,Super League (CH),1020489,Tibault Citherlet,T. Citherlet,2005-03-05,71.29,15.37,21.4,18,18,0,1066.0,59.22,0.0,0.22,425.0,23.61,18.5,78.35,88.02,18.96,1.56,5.67,5.33,0.11,0.06,16.78,4.78,2.89,7.67,3.0,2.44,81.48,84.36,0.17,0.0,1.61,0.44,50.0,0.22,3.61
1196,Super League (CH),1020785,Jamie Atangana,J. Atangana,2007-11-12,22.41,6.55,5.6,9,9,0,74.0,8.22,0.0,0.22,22.0,2.44,1.89,77.27,66.66,13.25,0.0,1.22,0.33,0.22,0.0,0.0,0.0,0.0,2.11,0.33,0.22,66.67,52.83,0.0,0.0,3.89,0.78,71.43,0.56,0.89
1196,Super League (CH),1021700,Sandro Wyss,S. Wyss,2008-05-03,24.89,7.77,5.3,6,6,0,142.0,23.67,0.0,1.33,40.0,6.67,4.83,72.5,70.94,13.18,0.0,1.33,1.67,0.5,0.67,1.33,0.33,0.17,8.0,2.17,1.5,69.23,70.89,0.5,0.0,10.0,2.67,50.0,1.33,2.5
1196,Super League (CH),1023357,Rodolfo  Lippo,R. Lippo,2004-05-13,80.42,19.39,18.56,2,2,0,136.0,68.0,0.0,0.5,49.0,24.5,19.0,77.55,85.95,20.05,1.0,8.5,4.0,0.0,0.0,13.5,3.0,2.5,5.0,1.5,1.5,100.0,98.95,0.0,0.0,0.0,0.0,,0.0,4.5
1196,Super League (CH),1025074,Oscar Renovales,O. Renovales,2007-10-24,40.83,10.46,11.99,4,4,0,119.0,29.75,0.0,0.5,43.0,10.75,8.0,74.42,78.92,12.45,0.0,3.25,2.5,0.25,0.0,2.0,0.25,0.25,11.25,4.25,2.5,58.82,74.83,0.0,0.0,7.5,1.25,20.0,0.25,2.75
1196,Super League (CH),1025079,Din Ramic,D. Ramic,2008-12-28,12.27,4.23,3.38,2,2,0,6.0,3.0,0.0,0.0,2.0,1.0,0.0,0.0,43.4,,0.0,0.0,0.0,0.0,0.0,0.0,0.0,0.0,1.5,0.5,0.0,0.0,58.95,0.0,0.0,3.0,1.0,0.0,0.0,1.0
1196,Super League (CH),1029674,Alonzo Vincent,A. Vincent,2008-10-06,2.08,0.67,1.06,1,1,0,0.0,0.0,0.0,0.0,0.0,0.0,0.0,,,,0.0,0.0,0.0,0.0,0.0,0.0,0.0,0.0,0.0,0.0,0.0,,,0.0,0.0,0.0,0.0,,0.0,0.0
1196,Super League (CH),1029791,Ibrahim  Bah Mendes,I. Bah Mendes,2005-11-22,1.18,0.46,0.0,1,1,0,0.0,0.0,0.0,0.0,0.0,0.0,0.0,,,,0.0,0.0,0.0,0.0,0.0,0.0,0.0,0.0,0.0,0.0,0.0,,,0.0,0.0,0.0,0.0,,0.0,0.0
1196,Super League (CH),1030824,Samuele Bengondo,S. Bengondo,2005-12-22,6.66,1.23,1.73,1,1,0,4.0,4.0,0.0,0.0,1.0,1.0,1.0,100.0,92.36,3.5,0.0,0.0,0.0,0.0,0.0,0.0,0.0,0.0,0.0,0.0,0.0,,,0.0,0.0,0.0,0.0,,0.0,0.0
1196,Super League (CH),1031912,Joel Ruiz,Joel Ruiz,2006-10-20,20.61,3.61,5.73,14,14,0,174.0,12.43,0.07,0.07,67.0,4.79,3.29,68.66,75.62,14.41,0.14,1.57,1.64,0.21,0.0,2.64,0.86,0.57,2.79,1.0,0.79,78.57,68.48,0.0,0.0,0.93,0.29,25.0,0.07,1.5
1196,Super League (CH),1031917,Nino Weibel,N. Weibel,2007-04-11,25.86,5.47,6.26,14,14,0,275.0,19.64,0.0,0.57,78.0,5.57,4.07,73.08,75.51,13.02,0.36,1.07,1.21,0.29,0.43,1.5,0.57,0.43,4.79,1.57,1.14,72.73,66.51,0.5,0.0,5.43,1.29,55.56,0.71,1.93
1196,Super League (CH),1031918,Diego Besio,D. Besio,2006-06-23,41.27,9.04,11.03,21,21,0,419.0,19.95,0.24,0.62,113.0,5.38,3.38,62.83,71.97,9.76,0.0,1.62,0.95,0.33,0.33,0.33,0.05,0.05,8.76,2.57,1.57,61.11,71.1,0.29,0.1,9.19,2.19,56.52,1.24,1.81
1196,Super League (CH),1032513,Thomas Lopes,T. Lopes,2007-01-27,50.08,14.49,13.46,14,14,0,673.0,48.07,0.36,1.64,173.0,12.36,9.43,76.3,73.52,14.45,0.43,2.71,1.64,0.79,0.71,2.07,0.79,0.57,19.93,5.14,3.79,73.61,69.5,0.93,0.07,16.86,3.57,58.0,2.07,4.36
1196,Super League (CH),1034136,Giacomo  Koloto,G. Koloto,2008-01-31,56.45,16.08,14.82,17,17,0,601.0,35.35,0.06,1.24,158.0,9.29,7.47,80.38,85.74,11.14,0.0,2.65,2.06,0.47,0.53,0.88,0.24,0.12,12.06,3.12,2.41,77.36,83.4,0.41,0.0,8.82,1.71,58.62,1.0,0.94
1196,Super League (CH),1035565,Malek  Sanchez Ishuayed,M. Sanchez Ishuayed,2007-03-16,47.73,12.44,13.49,12,12,0,628.0,52.33,0.17,0.83,164.0,13.67,9.5,69.51,74.63,12.97,0.17,3.42,2.5,0.58,0.67,4.67,1.5,0.83,20.0,5.83,3.75,64.29,71.45,0.33,0.08,16.08,3.75,51.11,1.92,4.67
1196,Super League (CH),1035653,Damien Osborne Odera,D. Osborne Odera,2007-07-26,22.47,3.77,4.98,4,4,0,38.0,9.5,0.0,0.25,12.0,3.0,1.5,50.0,65.39,9.23,0.0,1.75,0.0,0.5,0.0,0.0,0.0,0.0,2.5,1.0,0.5,50.0,61.7,0.25,0.0,4.25,0.75,33.33,0.25,1.25
1196,Super League (CH),1036216,Nico Rissi,N. Rissi,2004-01-30,53.28,13.93,13.32,5,5,0,249.0,49.8,0.0,0.8,86.0,17.2,11.8,68.61,74.31,15.5,0.8,6.8,1.4,0.4,0.0,9.0,2.6,1.2,16.8,6.4,4.2,65.63,67.74,0.4,0.0,10.8,2.4,16.67,0.4,6.4
1196,Super League (CH),1036377,Mardochee Miguel,M. Miguel,2007-05-22,25.71,7.8,6.16,7,7,0,176.0,25.14,0.0,0.29,39.0,5.57,3.71,66.67,73.61,12.82,0.14,0.71,0.71,0.14,0.43,1.0,0.14,0.14,8.71,2.14,1.14,53.33,58.34,0.29,0.0,9.86,2.29,50.0,1.14,1.43
1196,Super League (CH),1036617,Adam Ilic,A. Ilic,2008-05-03,14.3,2.72,5.64,1,1,0,6.0,6.0,0.0,1.0,2.0,2.0,2.0,100.0,73.04,14.56,0.0,0.0,0.0,0.0,0.0,0.0,0.0,0.0,0.0,0.0,0.0,,,0.0,0.0,2.0,0.0,,0.0,1.0
1196,Super League (CH),1036653,Leandro Leon Maksutaj,L. Maksutaj,2007-06-18,27.9,5.69,9.16,10,10,0,224.0,22.4,0.0,0.3,58.0,5.8,4.9,84.48,82.09,16.0,0.3,1.8,0.6,0.3,0.0,1.8,0.4,0.3,7.2,2.7,2.2,81.48,80.23,0.2,0.0,4.5,0.9,55.56,0.5,1.2
1196,Super League (CH),1037015,Andrew Lachhab,A. Lachhab,2008-11-16,24.42,6.37,4.55,1,1,0,14.0,14.0,0.0,0.0,5.0,5.0,3.0,60.0,67.91,10.69,0.0,1.0,1.0,0.0,1.0,0.0,0.0,0.0,4.0,1.0,0.0,0.0,36.77,0.0,0.0,5.0,2.0,0.0,0.0,3.0
1196,Super League (CH),1037052,Sebastian Walker,S. Walker,2005-10-01,69.34,15.36,18.01,11,11,0,440.0,40.0,0.0,0.82,143.0,13.0,8.64,66.43,71.15,17.19,1.09,4.09,3.09,0.45,0.55,5.0,2.0,1.45,11.82,4.0,2.36,59.09,59.48,0.27,0.0,9.27,2.73,36.67,1.0,5.45
1196,Super League (CH),1039523,Tobias Chibuzo Okafor Onyekosor,T. Okafor,2006-10-11,42.17,9.48,15.86,2,2,0,91.0,45.5,0.0,1.0,32.0,16.0,12.5,78.12,86.76,17.53,1.0,4.0,1.0,1.0,0.0,8.5,2.0,1.5,14.5,5.0,4.5,90.0,81.66,1.0,0.0,4.0,1.5,66.67,1.0,3.0
1196,Super League (CH),1044210,Sambou Camara,S. Camara,2007-04-20,31.96,5.57,13.49,1,1,0,29.0,29.0,0.0,0.0,11.0,11.0,10.0,90.91,90.87,24.84,2.0,2.0,0.0,0.0,0.0,13.0,2.0,2.0,4.0,0.0,0.0,,,0.0,0.0,0.0,0.0,,0.0,0.0
1196,Super League (CH),1059631,Pirosch Fischer,P. Fischer,2004-07-23,9.85,2.62,1.61,3,3,0,27.0,9.0,0.0,0.0,6.0,2.0,1.67,83.33,73.04,17.18,0.0,0.0,0.33,0.0,0.0,0.33,0.0,0.0,2.33,0.33,0.33,100.0,84.66,0.0,0.0,3.67,0.33,0.0,0.0,0.67
1196,Super League (CH),1066938,Dominik Papic,D. Papic,2008-05-14,38.67,9.47,12.55,3,3,0,120.0,40.0,0.0,0.0,37.0,12.33,10.33,83.78,84.81,13.18,1.0,2.33,1.67,0.0,0.0,3.0,0.33,0.33,8.0,2.33,1.67,71.43,66.5,0.0,0.0,4.33,0.33,100.0,0.33,1.67
1196,Super League (CH),1066939,Denis Sahin,D. Sahin,2008-06-23,52.02,13.38,15.26,2,2,0,139.0,69.5,1.5,2.5,36.0,18.0,14.5,80.55,82.25,12.3,1.0,3.0,4.0,0.5,1.5,4.0,1.0,1.0,24.5,8.0,6.0,75.0,72.66,1.5,1.0,27.0,5.5,63.64,3.5,3.5
1196,Super League (CH),1067255,Evann Senaya,E. Senaya,2006-04-01,30.2,7.6,4.12,1,1,0,30.0,30.0,1.0,2.0,12.0,12.0,7.0,58.33,88.48,14.65,0.0,5.0,2.0,0.0,0.0,6.0,2.0,2.0,8.0,1.0,1.0,100.0,95.65,0.0,0.0,4.0,0.0,,0.0,1.0
1196,Super League (CH),1067915,Demis Fiechter,D. Fiechter,2005-12-30,71.08,18.22,21.42,1,1,0,45.0,45.0,0.0,0.0,11.0,11.0,7.0,63.64,75.32,5.94,0.0,6.0,1.0,1.0,0.0,3.0,0.0,0.0,18.0,1.0,0.0,0.0,77.88,0.0,0.0,14.0,1.0,100.0,1.0,2.0
1196,Super League (CH),1067916,Eliano Guido,E. Guido,2007-04-04,35.06,7.24,11.27,1,1,0,38.0,38.0,0.0,1.0,12.0,12.0,7.0,58.33,70.91,9.92,0.0,4.0,1.0,1.0,1.0,1.0,0.0,0.0,14.0,6.0,2.0,33.33,68.32,0.0,0.0,20.0,6.0,66.67,4.0,5.0
1196,Super League (CH),1067917,Gabriel Gonzalez,G. Gonzalez,2006-06-14,23.82,4.82,8.2,1,1,0,8.0,8.0,0.0,0.0,3.0,3.0,2.0,66.67,96.58,9.04,0.0,3.0,0.0,0.0,0.0,0.0,0.0,0.0,3.0,0.0,0.0,,,0.0,0.0,3.0,0.0,,0.0,0.0
1196,Super League (CH),1067918,Nahom  Tesfom,N. Tesfom,2004-01-03,7.25,1.19,1.37,1,1,0,2.0,2.0,0.0,0.0,1.0,1.0,1.0,100.0,64.81,12.17,0.0,1.0,0.0,1.0,0.0,0.0,0.0,0.0,0.0,0.0,0.0,,,0.0,0.0,1.0,1.0,100.0,1.0,1.0
